/*
 * GB2312 一级汉字库 16x16 点阵 (3755 字) - 资源备份数据
 *
 * 由 Documents/中文字库/Chinese_16.txt 生成, 未改动任何点阵字节。
 * 排列顺序与 GB2312 区位码一致(啊..座):
 *   index = (区码 - 0xB0) * 94 + (位码 - 0xA1)
 * 每字 32 字节 = 16 行 x 16 字节, 横向取模, 行优先,
 * 每字节低位 bit0 对应左侧像素。
 *
 * 本数据只在烧录固件(RESOURCE_DATA_IN_ROM=1, PROVISION_BATCH=1)中编译;
 * 正式固件的字模全部来自 W25Q64 的 littlefs 文件, 不占用 MCU Flash。
 */

#include "BuildConfig.h"

#if (RESOURCE_DATA_IN_ROM == 1) && (PROVISION_BATCH == 1)

const unsigned char Chinese_Font16_Data[3755 * 32] = {
/*    0 */ 
0x00,0x00,0x00,0x00,0xFE,0xFF,0xFE,0xC1,0xFE,0xFD,0xFE,0xF7,0xFE,0xF7,0xFE,0xF7,
0xFE,0xF7,0x7E,0xF7,0x7E,0xF7,0x7E,0xF7,0xFE,0xDD,0x60,0xC0,0x60,0xC0,0x60,0x78,
/*    1 */ 
0x00,0x00,0x00,0x00,0xFE,0xFF,0x36,0x60,0x1E,0x60,0x9E,0x7F,0xDE,0x78,0xDE,0x78,
0xF6,0x78,0xF6,0x78,0xF6,0x78,0xFE,0x78,0x9E,0x6F,0x06,0x60,0x06,0x60,0x06,0x6E,
/*    2 */ 
0x00,0x00,0x00,0x00,0x0C,0x1B,0x8C,0x31,0xCC,0x60,0xEC,0xFF,0xBE,0x01,0xCC,0x7F,
0x6C,0x06,0x3C,0x06,0xEC,0xFF,0x0C,0x0E,0x3C,0x1B,0x1C,0x1B,0xCE,0x71,0x70,0xC0,
/*    3 */ 
0x00,0x00,0x0C,0x06,0x0C,0x03,0x8C,0x31,0xBF,0x61,0xCC,0xFF,0x8C,0xC1,0x8C,0x7F,
0xFC,0x0C,0x7C,0x0C,0x6F,0x0C,0xCC,0xFF,0x0C,0x0E,0x0C,0x1E,0x8C,0x33,0xEF,0xE0,
/*    4 */ 
0x00,0x00,0x00,0x03,0x1E,0x1B,0xF6,0xFF,0x36,0x1B,0x36,0x03,0xB6,0x61,0xB6,0x31,
0xB6,0x31,0x36,0x33,0x36,0x1B,0x36,0x1E,0x36,0x0C,0x3E,0x1E,0x98,0x33,0xE0,0xE0,
/*    5 */ 
0x00,0x00,0x00,0x00,0x1E,0x1B,0xB6,0x31,0xF6,0x60,0xB6,0x7F,0xB6,0x01,0xB6,0x7F,
0xF6,0x0C,0x76,0x0C,0xF6,0xFF,0x76,0x0C,0x36,0x1E,0x3E,0x1B,0x80,0x71,0xE0,0xC0,
/*    6 */ 
0x00,0x00,0x80,0x01,0x00,0x03,0xFE,0xFF,0x00,0x00,0xF8,0x7F,0x0C,0x60,0x0C,0x60,
0x0C,0x60,0xF8,0xFF,0x60,0x66,0x30,0x36,0x3C,0x1C,0x37,0x18,0x30,0x73,0xF0,0xC1,
/*    7 */ 
0x00,0x00,0x18,0x0C,0xD8,0x0C,0xDC,0x6C,0xF6,0x6C,0xE6,0x7F,0x66,0x00,0xE6,0x7F,
0x7E,0x60,0x66,0x60,0xE6,0x7F,0xE6,0x01,0xE6,0x01,0xE6,0xC1,0xBC,0xC1,0x80,0xFF,
/*    8 */ 
0x00,0x00,0x00,0x03,0x00,0x03,0xFE,0xFF,0xDE,0x3F,0x7E,0x60,0x78,0x60,0xD8,0x3F,
0xF8,0x7F,0x38,0xCF,0x3E,0xCF,0xEF,0xFF,0x3C,0xC6,0x3C,0xC6,0x3C,0xC6,0xE6,0x7F,
/*    9 */ 
0x00,0x00,0x60,0x00,0xFE,0xFF,0x60,0x00,0x0C,0x00,0xD8,0x7F,0xD8,0x7F,0xC0,0x60,
0xCE,0x7F,0x8C,0x01,0xCC,0xFF,0x6C,0xCC,0xCC,0xFE,0xEC,0xF3,0xFC,0xFF,0x18,0xFC,
/*   10 */ 
0x00,0x00,0x00,0x00,0x06,0x78,0xFE,0x0F,0xDE,0xFF,0x1E,0x1E,0x1B,0x3E,0x98,0x6F,
0x7F,0xCC,0x18,0x06,0xD8,0xFF,0x3C,0x33,0xBC,0x31,0x6C,0x1F,0x66,0x3E,0xE6,0xE3,
/*   11 */ 
0x00,0x00,0x00,0x18,0x30,0x18,0xFE,0xFF,0x30,0x18,0x30,0x18,0x38,0x30,0x30,0x30,
0x30,0x18,0x60,0x0C,0xC0,0x06,0x80,0x03,0x80,0x03,0xE0,0x0E,0x38,0x38,0x0E,0xE0,
/*   12 */ 
0x00,0x00,0x00,0x00,0xFE,0x7F,0x8C,0x61,0x8C,0x7F,0x8C,0x61,0xBC,0x7F,0x36,0x00,
0xF6,0xFF,0x37,0x30,0xF7,0xFF,0x36,0x30,0xB6,0x31,0x36,0x33,0x36,0x36,0x3C,0x3C,
/*   13 */ 
0x00,0x00,0x00,0x00,0xFC,0x3F,0x98,0x19,0xB0,0x19,0xFC,0x7F,0x66,0xC0,0xC6,0xC0,
0xF8,0x3F,0x60,0x00,0xE0,0x3F,0xF0,0x30,0xD8,0x19,0x0C,0x0F,0x80,0x0F,0xF8,0xF8,
/*   14 */ 
0x00,0x00,0x00,0x00,0xBE,0x31,0x36,0x33,0xF6,0xFF,0x7E,0x00,0x1E,0x1B,0x9E,0x71,
0xFE,0xE0,0xB6,0x3F,0xF6,0x7B,0xF6,0x7B,0xFE,0x7B,0xC6,0x7B,0xC6,0x7B,0xE6,0xFF,
/*   15 */ 
0x00,0x00,0x60,0x0C,0x66,0x0C,0xFE,0xFF,0xE6,0xCD,0xFC,0xCD,0x98,0x67,0xFC,0xFF,
0x7E,0x66,0x7E,0x33,0x7E,0x33,0x7E,0x33,0x18,0x1E,0xFE,0x1C,0x18,0x3E,0xD8,0xE3,
/*   16 */ 
0x00,0x00,0x30,0x00,0xF8,0x7F,0x18,0x00,0xFC,0x3F,0x06,0x00,0xFC,0x3F,0xC0,0x30,
0xFC,0x3F,0x66,0x38,0x66,0x3C,0xFC,0x3F,0x18,0x33,0x70,0xF3,0xC0,0xE3,0x7E,0xFE,
/*   17 */ 
0x00,0x00,0x80,0x01,0x80,0x01,0xFE,0x7F,0x86,0xC1,0x86,0x61,0xC6,0x60,0xC0,0x00,
0xFE,0xFF,0x30,0x18,0x30,0x0C,0x18,0x0C,0xF0,0x06,0x80,0x07,0xC0,0x1D,0x7E,0xF0,
/*   18 */ 
0x00,0x00,0x18,0x03,0x18,0x03,0xFC,0xFF,0x8C,0x19,0xEC,0x70,0x3C,0xC3,0xEE,0x3F,
0x3E,0x63,0x3F,0x63,0xFC,0x7F,0x3C,0x63,0xEC,0x7F,0x0C,0xC3,0x0C,0xC3,0x0C,0xFE,
/*   19 */ 
0x00,0x00,0x00,0x06,0x18,0x06,0x98,0x7F,0xD8,0xC0,0x7E,0xC6,0x78,0xC6,0xF8,0xFF,
0x18,0x33,0xF8,0x31,0xBC,0x31,0xDE,0x19,0x18,0x1F,0x18,0x0C,0x18,0x3F,0xFE,0xE1,
/*   20 */ 
0x00,0x00,0x00,0x06,0x00,0x0C,0xFE,0xFF,0xB6,0x31,0x36,0x33,0x36,0x33,0xF6,0xFF,
0x3E,0x1F,0xF6,0x71,0xF6,0x60,0xF6,0x60,0xF6,0x7F,0xF6,0x60,0xF6,0x60,0x9C,0x7F,
/*   21 */ 
0x00,0x00,0x00,0x03,0x0C,0x03,0x0C,0x63,0xFC,0x7F,0x00,0x00,0xFC,0xFF,0x0C,0x00,
0xFC,0x7F,0x1C,0x03,0x0C,0x03,0xFC,0xFF,0x0C,0x03,0x06,0x03,0x06,0x03,0x06,0x00,
/*   22 */ 
0x00,0x00,0x00,0x0C,0x3C,0x0C,0xB6,0xFF,0xF6,0x80,0xF6,0xCC,0x3E,0xCC,0x36,0x06,
0xB6,0x7F,0x36,0x63,0x3E,0x33,0x36,0x36,0x36,0x1C,0x36,0x3C,0x36,0x67,0xFF,0xC1,
/*   23 */ 
0x00,0x00,0x80,0x01,0xF8,0x3F,0x0C,0x60,0x8C,0x61,0xFE,0xFF,0x60,0x18,0x30,0x0E,
0xE0,0x07,0xFE,0xFC,0x00,0x00,0xFE,0xFF,0xC0,0x07,0xE0,0x0D,0xB8,0x39,0x0F,0xE0,
/*   24 */ 
0x00,0x00,0x00,0x00,0x3C,0x0C,0x36,0x0C,0xF6,0xFF,0x36,0x00,0x3E,0x1F,0x36,0x33,
0x36,0x33,0x36,0x33,0x36,0x33,0x3E,0x33,0x36,0x33,0xB6,0xF1,0xB6,0xF1,0xFB,0xF0,
/*   25 */ 
0x00,0x00,0x00,0x00,0xFC,0x7F,0x0C,0x60,0xFC,0x7F,0x0C,0x60,0xFC,0x7F,0x00,0x00,
0xF0,0x7F,0x1E,0xC3,0x06,0xC3,0x06,0xC3,0x06,0xC3,0xE6,0xC3,0x3E,0x7B,0x00,0x03,
/*   26 */ 
0x00,0x00,0x00,0x00,0x80,0x01,0xFC,0x7F,0x8C,0x61,0x8C,0x61,0xFE,0xFF,0xC0,0x06,
0x60,0x1C,0x38,0x30,0x0F,0xE0,0xF8,0x7F,0xCC,0x66,0xCC,0x66,0xCC,0x66,0xFE,0xFF,
/*   27 */ 
0x00,0x00,0x00,0x00,0x00,0x00,0x7C,0xFC,0x66,0xCC,0x66,0xCC,0x66,0xCC,0x66,0xCC,
0x66,0xCC,0xC6,0xCF,0x06,0xC0,0x06,0xC0,0x06,0xC0,0x06,0xC0,0x06,0xC0,0xFC,0xFF,
/*   28 */ 
0x00,0x00,0x30,0x0C,0x30,0x0C,0xFE,0xFD,0x30,0x66,0xFE,0x67,0x30,0x66,0x30,0x6F,
0xFF,0x6F,0x18,0x6C,0xF8,0x39,0x98,0x39,0x98,0x39,0x8C,0x6D,0x8C,0x67,0xFF,0xC3,
/*   29 */ 
0x00,0x00,0x30,0x0C,0xFC,0x07,0x30,0xFC,0xFE,0x67,0x30,0x66,0xFE,0x6F,0xF8,0x3F,
0x98,0x39,0x8C,0x39,0x8C,0x6F,0xE6,0xC3,0x78,0x36,0xCC,0x66,0xCC,0xCC,0xC6,0xCC,
/*   30 */ 
0x00,0x00,0x30,0x00,0x30,0x7F,0xFE,0xCD,0x86,0xFD,0xFE,0xFF,0x86,0xFF,0xFC,0xEE,
0x18,0xCC,0xFE,0xFF,0x78,0xFE,0xFE,0xFF,0x33,0xFF,0xFE,0xCD,0x30,0xCC,0x30,0xFF,
/*   31 */ 
0x00,0x00,0x0C,0x00,0x18,0x60,0x80,0x3F,0x00,0x0C,0x3E,0x0C,0x30,0x0C,0x78,0x0C,
0xF8,0xFF,0x1C,0x0C,0x3E,0x0E,0x78,0x1E,0x18,0x1B,0x18,0x33,0x98,0x61,0xF8,0xC0,
/*   32 */ 
0x00,0x00,0xD8,0x18,0xD8,0x18,0xF8,0xFF,0xCC,0xD8,0xCC,0xD8,0xEC,0xDB,0xCE,0x7C,
0xFE,0x7F,0xCC,0x7C,0xCC,0x7B,0x6C,0x73,0x6C,0x33,0x6C,0x7B,0x3C,0xDB,0xFC,0xCF,
/*   33 */ 
0x00,0x00,0x80,0x01,0xF8,0x3F,0x0C,0x60,0xBC,0x7D,0xEC,0x6D,0xFC,0x7F,0x8C,0x63,
0xEC,0x6F,0xBC,0x79,0x9C,0x79,0xFE,0xFF,0x80,0x03,0xC0,0x06,0x60,0x1C,0x3E,0xF0,
/*   34 */ 
0x00,0x00,0x0C,0x06,0x8C,0x3F,0xEC,0xE6,0xFE,0xFD,0x7E,0xDF,0xFE,0xFF,0x7E,0xCE,
0x7F,0xDF,0x6F,0xFF,0xEC,0xE7,0x0C,0x06,0xFC,0xFF,0x0C,0x1B,0x8C,0x31,0xFC,0xE0,
/*   35 */ 
0x00,0x00,0x00,0x06,0xCC,0x3F,0x6C,0xE6,0xB8,0xF7,0xB6,0xDF,0xF6,0xFF,0x3C,0xCE,
0x38,0xDF,0xF8,0xF7,0x38,0xC6,0xFC,0xFF,0x0C,0x0F,0x0C,0x1B,0xC6,0x31,0x76,0xE0,
/*   36 */ 
0x00,0x00,0x00,0x00,0x30,0x0C,0xFE,0xFF,0x00,0x0C,0x00,0x00,0xFC,0x7F,0x8C,0x61,
0x8C,0x61,0x8C,0x61,0xFC,0x7F,0x0C,0x00,0x0C,0xC0,0x0C,0xC0,0x0C,0xC0,0xF8,0xFF,
/*   37 */ 
0x00,0x00,0x00,0x00,0xCC,0xC7,0x6C,0xFC,0x7E,0xFC,0x6C,0xFC,0x6C,0xF6,0xCC,0xF3,
0xBC,0xF1,0xFC,0xF7,0x8F,0xF7,0xCC,0xF6,0xCC,0xF6,0xCC,0xF6,0x6C,0xC6,0xBE,0xF7,
/*   38 */ 
0x00,0x00,0x00,0x00,0x18,0x1B,0x18,0x1B,0x7E,0x33,0x18,0x33,0x18,0x33,0x18,0x33,
0xD8,0x33,0xF8,0x31,0x9E,0x61,0x98,0x61,0xD8,0x60,0xD8,0xC0,0xD8,0xC0,0x7E,0x80,
/*   39 */ 
0x00,0x00,0x00,0x00,0x00,0x33,0x3E,0x33,0x36,0x33,0x36,0x33,0x36,0x33,0x36,0x33,
0xB6,0x31,0xB6,0x31,0xB6,0x61,0xB6,0x61,0xF6,0x60,0xF6,0x60,0xFE,0xC0,0x60,0xC0,
/*   40 */ 
0x00,0x00,0x00,0x00,0x9E,0x7F,0xF6,0x6C,0xF6,0x6C,0xF6,0x6C,0xF6,0x6C,0xF6,0x6C,
0xF6,0x7F,0xF6,0x00,0xF6,0x00,0xF6,0x00,0xF6,0x00,0xDC,0xC0,0xC0,0xC0,0x80,0xFF,
/*   41 */ 
0x00,0x00,0x18,0x0C,0x0C,0x0C,0xFC,0xFF,0x36,0x1B,0xE6,0x31,0xF8,0x3F,0x8C,0x61,
0x8C,0x61,0x8C,0x61,0xFC,0x7F,0x0C,0x00,0x0C,0xC0,0x0C,0xC0,0x0C,0xC0,0xFC,0xFF,
/*   42 */ 
0x00,0x00,0x00,0x00,0x60,0x06,0x60,0x06,0x60,0x06,0x60,0x0C,0x30,0x0C,0x30,0x0C,
0x30,0x18,0x30,0x18,0x18,0x18,0x18,0x30,0x0C,0x30,0x0C,0x60,0x06,0xC0,0x06,0xC0,
/*   43 */ 
0x00,0x00,0x00,0x03,0x00,0x03,0xFE,0xFF,0x1E,0x00,0xDE,0x7F,0x7C,0x66,0x78,0x66,
0x78,0x66,0x7C,0x66,0xFE,0x3F,0x78,0x00,0x78,0x00,0x6C,0xC0,0x6C,0xC0,0xC6,0x7F,
/*   44 */ 
0x00,0x00,0x00,0x00,0xFC,0x7F,0x86,0x61,0x86,0x61,0x86,0x61,0x86,0x61,0x86,0x61,
0xFE,0x7F,0x06,0x00,0x06,0x00,0x06,0x00,0x06,0xC0,0x06,0xC0,0x06,0xC0,0xFC,0xFF,
/*   45 */ 
0x00,0x00,0x00,0x03,0x18,0x03,0x18,0x3B,0x18,0x63,0xFE,0xFF,0x18,0x03,0x18,0x1F,
0x78,0x73,0xB8,0x67,0x9E,0x37,0xD8,0x1C,0xD8,0x18,0x78,0x3C,0x38,0x66,0x8E,0xC3,
/*   46 */ 
0x00,0x00,0x00,0x00,0x7C,0x1B,0x66,0x73,0x66,0x03,0xE6,0xFF,0x66,0x03,0x7C,0x7F,
0x18,0x67,0x18,0x67,0xFE,0x3D,0x9E,0x3D,0x9E,0x19,0xDE,0x3C,0xFE,0x66,0xEE,0xC3,
/*   47 */ 
0x00,0x00,0x00,0x00,0x6C,0x7F,0xFF,0x6D,0xEC,0x6D,0xFC,0x6D,0x98,0x6D,0xFE,0x6D,
0xDE,0x6D,0xDE,0x7F,0xDE,0x01,0xFC,0x01,0x98,0xC1,0xFE,0xC1,0x98,0xC1,0x00,0xFF,
/*   48 */ 
0x00,0x00,0x00,0x00,0x98,0x7F,0xD8,0x6C,0xD8,0x6C,0xFE,0x6C,0xD8,0x6C,0xD8,0x6C,
0xD8,0x7F,0xF8,0x00,0xDC,0x00,0xDE,0x00,0xD8,0xC0,0xD8,0xC0,0xD8,0xC0,0xDE,0xFF,
/*   49 */ 
0x00,0x00,0x00,0x00,0x18,0xFF,0xFE,0xD9,0x98,0xD9,0x98,0xD9,0xFC,0xD9,0x98,0xD9,
0xFE,0xFF,0xB8,0x61,0xF8,0x01,0xFC,0x01,0xDC,0x01,0x9E,0xC1,0x98,0xC1,0x00,0xFF,
/*   50 */ 
0x00,0x00,0x00,0x00,0x98,0x7F,0xD8,0xC0,0xD8,0xCC,0xD8,0xCC,0xFE,0xCC,0xD8,0xCC,
0xD8,0xCC,0xD8,0xCC,0xD8,0xCC,0xF8,0xC6,0x38,0x1E,0x1C,0x33,0x86,0x61,0xE0,0xC0,
/*   51 */ 
0x00,0x00,0xFC,0x7F,0x00,0x03,0xFE,0xFF,0xFE,0xFF,0x06,0xC3,0x76,0x7F,0xFE,0x7D,
0xCC,0x67,0xF8,0x66,0xFC,0x7F,0xB6,0x67,0xFC,0x7F,0xF0,0x66,0xFE,0x67,0x30,0x7B,
/*   52 */ 
0x00,0x00,0x00,0x00,0xFC,0x7F,0x66,0xCC,0x66,0xCC,0xFE,0xFF,0x00,0x00,0x00,0x00,
0xFC,0x7F,0x80,0x01,0x80,0x01,0xFE,0xFF,0x60,0x0C,0x70,0x18,0x18,0x3C,0xFC,0x67,
/*   53 */ 
0x00,0x00,0x00,0x06,0x60,0x1C,0x38,0x78,0x6E,0xCC,0xC0,0x07,0xE0,0x0F,0x3F,0xF8,
0xF8,0x3F,0x8C,0x61,0x8C,0x61,0x8C,0x61,0xFC,0xFF,0x0C,0xC0,0x0C,0xC0,0xF8,0x7F,
/*   54 */ 
0x00,0x00,0x00,0x00,0x80,0x01,0xF8,0x3F,0x0C,0x60,0x0C,0x60,0x0C,0x60,0x0C,0x60,
0x0C,0x60,0xFC,0x7F,0x0C,0x60,0x0C,0x60,0x0C,0x60,0x0C,0x60,0x0C,0x60,0xFC,0x7F,
/*   55 */ 
0x00,0x00,0x18,0x00,0x18,0x0C,0x18,0x0C,0x98,0x7F,0xFE,0xC0,0xF8,0xC0,0xF8,0xC0,
0xFC,0xC0,0xFC,0xFF,0xDE,0xC0,0xDB,0xC0,0xD8,0xC0,0xD8,0xC0,0xD8,0xC0,0x98,0x7F,
/*   56 */ 
0x00,0x00,0x00,0x00,0xFE,0xFF,0x80,0x01,0xC0,0x00,0xF8,0x3F,0x0C,0x60,0x0C,0x60,
0x0C,0x60,0x0C,0x60,0xFC,0x7F,0x0C,0x60,0x0C,0x60,0x0C,0x60,0x0C,0x60,0xFC,0x7F,
/*   57 */ 
0x00,0x00,0x00,0x00,0xD8,0x7F,0x78,0xDB,0x78,0xDB,0xFE,0xFF,0x18,0x06,0x18,0x06,
0xD8,0xFF,0x38,0x06,0x1C,0x06,0xFE,0xFF,0x18,0x03,0x18,0x33,0xD8,0x61,0xDE,0xFF,
/*   58 */ 
0x00,0x00,0x18,0x00,0xF8,0xFF,0x18,0x06,0x0C,0x03,0xEC,0x7F,0x6C,0x60,0x6E,0x60,
0x6E,0x60,0x6C,0x60,0xEC,0x7F,0x6C,0x60,0x6C,0x60,0x6C,0x60,0x6C,0x60,0xEC,0x7F,
/*   59 */ 
0x00,0x00,0x00,0x03,0x7C,0x03,0x66,0xFF,0x7E,0x63,0x7E,0x63,0xFE,0x33,0xFE,0x33,
0xFE,0x37,0x7E,0x36,0x7E,0x1C,0x3E,0x18,0x3C,0x3C,0x6C,0x36,0xC6,0x63,0x86,0xC1,
/*   60 */ 
0x00,0x00,0x00,0x00,0xE0,0xFF,0x3E,0x18,0x30,0x18,0x30,0xFF,0xFE,0x18,0x30,0x18,
0x30,0x7F,0x30,0x18,0xFE,0x19,0x30,0x18,0xB0,0xFF,0x18,0x18,0x18,0x18,0x0C,0x18,
/*   61 */ 
0x00,0x00,0x00,0x0C,0x78,0x0C,0x9E,0x7F,0xD8,0x6C,0xD8,0x6C,0xFE,0x7F,0xD8,0x6C,
0xF8,0x66,0xFC,0x3F,0x7C,0x1B,0x1E,0x1B,0xD8,0xFF,0x18,0x18,0x18,0x18,0x18,0x18,
/*   62 */ 
0x00,0x00,0x00,0x00,0xBE,0xFD,0x8C,0x31,0xFC,0x3F,0x0C,0x36,0x6C,0x33,0xCC,0x33,
0xFE,0xFF,0x8C,0x33,0x0C,0x33,0x8C,0x33,0x8C,0x37,0xFC,0x36,0x7C,0x3C,0x36,0xFE,
/*   63 */ 
0x00,0x00,0x00,0x00,0x7E,0x7C,0x18,0x1B,0xD8,0x1B,0xD8,0x1B,0xD8,0x1B,0xD8,0x1B,
0xFE,0xFF,0xD8,0x1B,0xD8,0x1B,0xD8,0x1B,0x18,0x1B,0xF8,0x19,0xFC,0x18,0x70,0xFE,
/*   64 */ 
0x00,0x00,0x00,0x00,0x8C,0x79,0xCC,0x6F,0xFE,0x6F,0xEC,0x6F,0xEC,0x6F,0xEC,0xCF,
0x6C,0x3F,0xFC,0xEF,0xEE,0x6F,0xEC,0x7B,0xEC,0x3B,0xEC,0x33,0x6C,0x7B,0xBE,0xCF,
/*   65 */ 
0x00,0x00,0x18,0x00,0x18,0xFF,0x98,0x01,0xFE,0x01,0x98,0x01,0x98,0x7F,0x98,0xC3,
0xF8,0x63,0xB8,0x67,0x9C,0x3D,0x9E,0x3D,0xD8,0x18,0xD8,0x3E,0x78,0x63,0xFE,0xC1,
/*   66 */ 
0x00,0x00,0x00,0x00,0x30,0x3E,0xFC,0x36,0xFC,0x36,0xFC,0x33,0xFC,0xF3,0xFC,0x01,
0xFE,0x7F,0xCC,0x66,0xFC,0x66,0xFC,0x3C,0xCC,0x18,0xCC,0x3C,0xC6,0x7E,0xF6,0xC3,
/*   67 */ 
0x00,0x00,0x00,0x00,0x80,0xFF,0x6C,0x18,0x6C,0x0C,0xCC,0x7F,0xC6,0x63,0xFE,0x7B,
0xDE,0x7B,0x78,0x6F,0x78,0x6F,0x6C,0x6F,0x6C,0x7F,0x6C,0x7C,0x7E,0x66,0x30,0xC3,
/*   68 */ 
0x00,0x00,0x18,0x00,0x18,0xF0,0x98,0x1F,0x98,0x01,0xFE,0x01,0x98,0x7F,0xB8,0x63,
0xBC,0x63,0xFC,0x67,0x9E,0x37,0x9E,0x3D,0xD8,0x18,0xD8,0x3C,0xD8,0x76,0xF8,0xC3,
/*   69 */ 
0x00,0x00,0x00,0x00,0x36,0xFF,0xB6,0x01,0xB6,0x01,0xB6,0x01,0xFE,0xFF,0x86,0xC3,
0x86,0x67,0xBE,0x67,0xE6,0x3D,0xE6,0x3D,0xE6,0x19,0xE6,0x3D,0xE6,0x66,0xC0,0xC3,
/*   70 */ 
0x00,0x00,0x18,0x00,0x18,0x0F,0x18,0x1B,0x98,0x31,0xFE,0x31,0xD8,0x60,0xF8,0xDF,
0xF8,0x73,0x38,0x63,0x1E,0x63,0x18,0x63,0x18,0x33,0x98,0x31,0xD8,0x31,0x7F,0x3C,
/*   71 */ 
0x00,0x00,0x00,0x00,0x18,0xC6,0xD8,0x66,0xBE,0x67,0x98,0x37,0xD8,0x7F,0x18,0x06,
0x38,0x06,0x18,0x06,0x1E,0x06,0xF8,0xFF,0x18,0x06,0x18,0x06,0x18,0x06,0x0E,0x00,
/*   72 */ 
0x00,0x00,0x00,0x00,0xD8,0x06,0xD8,0x66,0x98,0x37,0x98,0x37,0xFC,0x7F,0x1C,0x06,
0x1E,0x06,0x18,0x06,0x18,0x06,0xF8,0xFF,0x18,0x06,0x18,0x06,0x18,0x06,0x18,0x00,
/*   73 */ 
0x00,0x00,0x0C,0x30,0x0C,0x3E,0xFE,0xFF,0xF6,0xDF,0xF6,0xDF,0xFC,0x7F,0xFC,0x7F,
0xFE,0xFF,0xEC,0x37,0xEC,0x37,0xFE,0xFF,0xEC,0x3F,0xEC,0x3F,0xBC,0x3F,0x36,0x1E,
/*   74 */ 
0x00,0x00,0x00,0x00,0x80,0x01,0x98,0x31,0xB0,0x19,0xE0,0x19,0x80,0x0D,0xFC,0x7F,
0x80,0x01,0x80,0x01,0x80,0x01,0xFE,0xFF,0x80,0x01,0x80,0x01,0x80,0x01,0x00,0x00,
/*   75 */ 
0x00,0x00,0xC0,0x00,0xC0,0x00,0xC0,0x00,0xFC,0x1F,0xC0,0x18,0x60,0x18,0x60,0x78,
0x6C,0x78,0x6C,0xD8,0x36,0xD8,0x36,0xD8,0x33,0x18,0x18,0x18,0x0C,0x18,0xCC,0x0F,
/*   76 */ 
0x00,0x00,0x00,0x0C,0x18,0x0C,0x98,0x6D,0x8C,0x6D,0x6C,0x3F,0xB6,0xFF,0x3E,0x0C,
0x18,0x0C,0x18,0x0C,0x7C,0x0C,0xDE,0xFF,0x00,0x0C,0x70,0x0C,0x1E,0x0C,0x00,0x0C,
/*   77 */ 
0x00,0x00,0x30,0x00,0x30,0x7E,0xFE,0xC7,0x30,0x66,0x30,0x66,0x30,0x66,0xFE,0x37,
0x30,0x36,0x30,0x66,0xFE,0xC7,0x30,0xC6,0x30,0xC6,0x18,0xC6,0x18,0xFE,0x0E,0x06,
/*   78 */ 
0x00,0x00,0x30,0x00,0xFE,0xFF,0x30,0x67,0xFC,0x67,0x30,0x66,0x30,0xC6,0xFC,0xC7,
0x18,0xFE,0x8C,0x67,0xFC,0x3F,0x8C,0x61,0x8C,0x61,0x8C,0x61,0x8C,0x6D,0x80,0x39,
/*   79 */ 
0x00,0x00,0x00,0x00,0x8C,0xF1,0x8C,0xD9,0xEC,0xDF,0xBE,0x79,0x9C,0x79,0xFC,0x3F,
0xBC,0x79,0xBE,0xD9,0xEE,0xDF,0x8E,0xD9,0x8C,0xD9,0x8C,0xF9,0xCC,0x78,0x60,0x18,
/*   80 */ 
0x00,0x00,0x00,0x06,0x0C,0x06,0xEC,0xFF,0x0C,0x33,0x3E,0x1B,0xFC,0xFF,0x7C,0xC6,
0x7C,0xCC,0xFE,0xFF,0x0E,0x03,0x0F,0x7F,0x0C,0x63,0x8C,0x61,0xCC,0x60,0x60,0x7E,
/*   81 */ 
0x00,0x00,0x00,0x06,0x3E,0x06,0xF6,0xFF,0x36,0x33,0x36,0x33,0xFE,0xFF,0xF6,0xC6,
0x76,0x0C,0xF6,0xFF,0x3E,0x03,0x36,0x7F,0x36,0x63,0xB6,0x61,0xB6,0x61,0xFC,0x7E,
/*   82 */ 
0x00,0x00,0x00,0x00,0x98,0xF9,0xF8,0xDF,0x8C,0xD9,0x8C,0x79,0xF6,0x7F,0xBE,0x79,
0x98,0x79,0x8C,0x79,0xEC,0xDF,0xBE,0xD9,0x80,0xD9,0xF0,0xF9,0xDE,0x18,0xE0,0x18,
/*   83 */ 
0x00,0x00,0x00,0x06,0x18,0x06,0xD8,0x7F,0x18,0x06,0xFE,0x7F,0x18,0x03,0xFC,0xFF,
0x3C,0x33,0xFE,0x3D,0xDE,0x6C,0xFE,0xFF,0x38,0x0C,0xD8,0xFF,0x18,0x0C,0x18,0x0C,
/*   84 */ 
0x00,0x00,0x00,0x00,0x00,0x0C,0xFE,0xFF,0x0C,0x33,0x0C,0x33,0xCC,0xFF,0xFC,0xCC,
0xFE,0xCC,0xFE,0xFF,0x3F,0x03,0x3C,0x7F,0x3C,0x63,0xBC,0x61,0xBC,0x61,0xE0,0x7E,
/*   85 */ 
0x00,0x00,0x00,0x00,0x18,0x0C,0x18,0x0C,0xFE,0xFF,0xDE,0x0C,0xDE,0x0C,0xDE,0xFF,
0xDE,0x0D,0xDE,0x0C,0xFE,0x0C,0x9C,0xFF,0x78,0x0C,0x78,0x0C,0xF8,0x0C,0xFE,0x00,
/*   86 */ 
0x00,0x00,0x0C,0x00,0x0C,0x0C,0xFE,0xFF,0x06,0x33,0x03,0x33,0xFE,0xFF,0xCC,0xC6,
0x6C,0x0C,0xCC,0xFF,0x7C,0x03,0x0C,0x7F,0x0C,0x63,0x8C,0x61,0xBC,0x61,0xF8,0x7E,
/*   87 */ 
0x00,0x00,0x18,0x06,0x18,0x06,0xF8,0xFF,0x8C,0x31,0x8C,0x19,0xEC,0xFF,0x3E,0xC6,
0x3E,0xC6,0xEC,0xFF,0x8C,0x01,0x8C,0x7F,0x8C,0x61,0xCC,0x60,0x6C,0x60,0x3C,0x3F,
/*   88 */ 
0x00,0x00,0x00,0x06,0x0E,0x0C,0xFC,0xFF,0x18,0x33,0x00,0x1B,0xE6,0xFF,0x7C,0xCC,
0xD8,0xFF,0x18,0x03,0x18,0x03,0x18,0x7F,0x18,0x63,0xF8,0x61,0xB8,0x61,0xD8,0x7E,
/*   89 */ 
0x00,0x00,0x00,0x00,0x30,0x0C,0xFE,0xFF,0x38,0x0C,0xF8,0x1F,0x0C,0x70,0xF6,0x63,
0x1B,0x6E,0x0C,0x6C,0x0C,0x6C,0xF8,0x67,0x0C,0x33,0x0C,0xDE,0x0C,0xC0,0xF8,0x7F,
/*   90 */ 
0x00,0x00,0x00,0x00,0xBC,0x01,0xB6,0x7F,0xF6,0xC0,0xF6,0xCF,0xBE,0xD9,0xB6,0xD9,
0xB6,0xD9,0xB6,0xD9,0xBE,0xCF,0xB6,0x61,0xB6,0x7D,0xB6,0xC1,0xB6,0xC1,0xBB,0xFF,
/*   91 */ 
0x00,0x00,0x00,0x00,0x30,0x00,0xF8,0x3F,0x0C,0x60,0x0C,0x60,0xFE,0x67,0x0C,0x66,
0x0C,0x66,0x0C,0x66,0xF8,0x67,0x0C,0x60,0x0C,0xFE,0x0C,0xC0,0x0C,0xC0,0xF8,0x7F,
/*   92 */ 
0x00,0x00,0x80,0x01,0xFE,0xFF,0x00,0x00,0xF8,0x3F,0x6C,0x60,0xEC,0x7F,0x0E,0x06,
0xFC,0xFF,0xCC,0x1E,0x6C,0x76,0xFC,0xF1,0x70,0x76,0x3F,0x1C,0x30,0x3B,0xF0,0xE1,
/*   93 */ 
0x00,0x00,0x00,0x00,0xFC,0xD9,0x80,0xD9,0x80,0xD9,0xF0,0xD9,0x80,0xD9,0xFE,0xDF,
0x60,0xD8,0x6C,0xDB,0xEC,0xD9,0x60,0xD8,0xF8,0xD9,0x6C,0xC3,0x66,0xC6,0x78,0xF8,
/*   94 */ 
0x00,0x00,0x00,0x00,0xFE,0xFF,0x30,0x0C,0x30,0x7C,0xF8,0xFF,0xB8,0x3F,0xC6,0x66,
0xCC,0x7F,0x78,0x66,0xF0,0x7F,0x78,0x76,0xF8,0xFF,0xCC,0x30,0x8C,0x31,0x06,0x3F,
/*   95 */ 
0x00,0x00,0x00,0x00,0xFC,0x7F,0xF8,0x7F,0x8E,0xC1,0xFE,0xFF,0x86,0xC1,0xFC,0x7F,
0xF8,0x1F,0x18,0x70,0xFC,0x67,0x1E,0x6C,0x18,0x6C,0xF8,0xFF,0x18,0xF0,0xF8,0xFF,
/*   96 */ 
0x00,0x00,0x18,0x00,0xF8,0x7F,0x78,0x60,0x6C,0x60,0x6C,0x60,0xEC,0x7F,0xCE,0x06,
0x0E,0x06,0xFC,0xFF,0x0C,0x0E,0x0C,0x1F,0x8C,0x3F,0xCC,0x76,0x7C,0xC6,0x0C,0x06,
/*   97 */ 
0x00,0x00,0x00,0x00,0xD8,0x7F,0x78,0x60,0x6C,0x60,0xCC,0x3F,0xEE,0xFF,0x0C,0x0E,
0x0C,0x1F,0xCC,0x37,0x70,0xE6,0x00,0x03,0xF8,0x7F,0x00,0x03,0x00,0x03,0xFE,0xFF,
/*   98 */ 
0x00,0x00,0x00,0x00,0x8C,0x01,0x9C,0x7F,0xF6,0xC0,0xE6,0x6E,0xB3,0x7B,0x8C,0x79,
0x8C,0x79,0x8C,0x79,0x8C,0x6F,0x8C,0x61,0x8C,0x79,0xEC,0xC1,0xB8,0xC1,0x00,0x7F,
/*   99 */ 
0x00,0x00,0x80,0x01,0x80,0x01,0xFE,0xFF,0x06,0xC0,0x06,0xC0,0xFE,0xFF,0x80,0x01,
0x80,0x01,0x80,0x01,0xF8,0x3F,0x80,0x0D,0x80,0x39,0x80,0x71,0x80,0x01,0xFE,0xFF,
/*  100 */ 
0x00,0x00,0x80,0x01,0x98,0x01,0x98,0x7F,0xD8,0xC0,0xFE,0x60,0xF8,0x7F,0xD8,0x78,
0xD8,0x78,0xF8,0x78,0xDC,0x7F,0xDE,0x60,0xD8,0x78,0xD8,0xC0,0xD8,0xC0,0x9F,0xFF,
/*  101 */ 
0x00,0x00,0x18,0x00,0x98,0x7F,0xD8,0x60,0xD8,0x60,0xFE,0x60,0xD8,0x38,0x98,0x7F,
0xF8,0x63,0xF8,0x63,0xDC,0x36,0xDE,0x36,0xD8,0x1C,0xD8,0x1C,0xD8,0x76,0x1E,0xC3,
/*  102 */ 
0x00,0x00,0x00,0x00,0xFC,0x7F,0xFC,0x7F,0x0C,0x60,0xFC,0x7F,0x60,0x0C,0xFE,0xFF,
0x60,0x0C,0xFE,0xFF,0xB8,0x39,0xBE,0x79,0xE0,0xCF,0xC0,0x07,0xF0,0x1D,0xFC,0x71,
/*  103 */ 
0x00,0x00,0x00,0x00,0xF0,0x06,0x1E,0xFF,0xF6,0xC3,0xFC,0xC1,0xEC,0xC1,0x78,0xCC,
0xCE,0xCC,0xE0,0xD8,0xB8,0xD9,0x8E,0xC1,0xE0,0xC1,0xB0,0xC1,0x9C,0xC1,0xF0,0x7E,
/*  104 */ 
0x00,0x00,0x00,0x06,0x38,0x03,0x6C,0xFF,0xE6,0xC1,0xFE,0xDE,0xDE,0xF3,0xDE,0xF3,
0xFE,0xF3,0xDE,0xF3,0xDE,0xDF,0xDE,0xCF,0xFE,0xFB,0x00,0xC3,0xF0,0xC3,0x1E,0xFF,
/*  105 */ 
0x00,0x00,0x00,0x00,0xD8,0x7F,0xFE,0x60,0xFE,0x7F,0xFE,0x7F,0xBE,0x39,0xFE,0xFF,
0x9E,0x19,0xF8,0xFF,0x98,0x37,0xD8,0x77,0x7C,0xDF,0x3C,0x1F,0xF6,0x77,0x86,0xC7,
/*  106 */ 
0x00,0x00,0x00,0x00,0x18,0x00,0xD8,0xFF,0x7E,0x0C,0x18,0x0C,0x38,0x1E,0x7C,0x3E,
0x1C,0x3F,0x9E,0x6D,0x9E,0xCD,0xD8,0xCC,0x78,0x0C,0x18,0x0C,0x18,0x0C,0x18,0x0C,
/*  107 */ 
0x00,0x00,0x00,0x0C,0x3E,0x0C,0xEC,0xFF,0xCC,0xCC,0xCC,0xCC,0xCC,0xFF,0xFC,0xC6,
0xFE,0xC6,0xBF,0x7F,0x3C,0x1B,0x3C,0x1B,0xFC,0xFF,0x3C,0x18,0x3C,0x18,0x18,0x00,
/*  108 */ 
0x00,0x00,0xC0,0x06,0xC0,0x06,0xFE,0xFE,0xC0,0x06,0xFC,0x7E,0xC0,0x06,0xC0,0x06,
0xFE,0xFE,0xC0,0x06,0x00,0x00,0x3C,0x63,0x3C,0x63,0x3C,0xDB,0x36,0xDB,0xE6,0x1F,
/*  109 */ 
0x00,0x00,0x80,0x01,0x80,0x01,0xF8,0x7F,0x8C,0x61,0x8C,0x61,0xFC,0x7F,0x8C,0x61,
0x8C,0x61,0xF8,0x7F,0xC0,0x06,0x60,0x06,0xFE,0xFF,0x00,0x06,0x00,0x06,0x00,0x06,
/*  110 */ 
0x00,0x00,0x00,0x00,0x00,0x06,0x60,0xC6,0x60,0x66,0x7E,0x36,0x60,0x1E,0x60,0x06,
0x60,0x06,0x60,0x06,0x60,0x06,0x60,0x06,0x70,0xC6,0x7C,0xC6,0x66,0xC6,0x00,0x7C,
/*  111 */ 
0x00,0x00,0xC0,0x00,0xFE,0xFE,0xC0,0x06,0xFC,0x7E,0xC0,0x06,0xFE,0xFE,0xC0,0x07,
0xFC,0x7F,0x60,0x00,0x60,0x03,0xF0,0x7F,0x00,0x03,0xFE,0xFF,0x00,0x03,0x00,0x03,
/*  112 */ 
0x00,0x00,0x00,0x06,0x60,0x66,0x7E,0x3E,0x60,0x0E,0x60,0xC6,0x7C,0xC6,0x66,0x7C,
0xF8,0x3F,0x18,0x30,0xF8,0x3F,0x18,0x30,0x18,0x30,0xF8,0x3F,0x18,0x30,0x18,0x3C,
/*  113 */ 
0x00,0x00,0x00,0x00,0xF8,0x3F,0x0C,0x60,0x8C,0x61,0x8C,0x61,0x8C,0x61,0x8C,0x61,
0x8C,0x61,0x8C,0x61,0x8C,0x61,0xC0,0x03,0xC0,0x0E,0x70,0x18,0x1C,0x70,0x06,0x00,
/*  114 */ 
0x00,0x00,0x0C,0x00,0x0C,0x7F,0xFC,0xC1,0xC6,0xC1,0x86,0xCD,0xFC,0xCD,0x98,0xCD,
0x98,0xCD,0x98,0xCD,0xFE,0xCD,0x98,0xDD,0x18,0x36,0x18,0x66,0x78,0x63,0xF8,0xC1,
/*  115 */ 
0x00,0x00,0x18,0x06,0x18,0x06,0xFC,0xFF,0xCC,0x30,0xCC,0x30,0x8C,0x19,0xFE,0xFF,
0x0E,0x00,0x0F,0x00,0xEC,0x7F,0x6C,0x60,0x6C,0x60,0x6C,0x60,0x6C,0x60,0xEC,0x7F,
/*  116 */ 
0x00,0x00,0x00,0x00,0xBC,0x7F,0xFC,0x60,0xD8,0x6C,0xDC,0x6C,0xF6,0x6C,0xF0,0x6C,
0xF8,0x6C,0xFC,0x6C,0xFC,0x06,0x36,0x1E,0x30,0x3E,0x30,0x73,0xB6,0x61,0xFC,0xC0,
/*  117 */ 
0x00,0x00,0x00,0x00,0xF0,0x0F,0x38,0x38,0x6C,0x18,0xC6,0x0C,0x80,0x07,0xC0,0x07,
0x7C,0x7C,0xE6,0xDF,0xBC,0x71,0x8C,0x61,0xFC,0x7F,0x8C,0x61,0x8C,0x61,0xF8,0x3F,
/*  118 */ 
0x00,0x00,0x60,0x00,0xF0,0x1F,0x78,0x18,0xCC,0x0F,0xC0,0x07,0x78,0x3C,0xFF,0xFF,
0x98,0x31,0xF8,0x3F,0x98,0x31,0xF0,0x3F,0xB0,0x61,0x3C,0x7B,0x3C,0xDB,0xE6,0xCF,
/*  119 */ 
0x00,0x00,0x00,0x00,0x18,0x0C,0xF8,0xFF,0xFE,0x31,0xBE,0x31,0x3E,0x33,0x1E,0x33,
0xDE,0x7F,0x18,0x00,0xD8,0x7F,0xD8,0x60,0xDC,0x60,0xFC,0x60,0xE6,0x60,0xE6,0x7F,
/*  120 */ 
0x00,0x00,0x0C,0x0C,0x18,0x0C,0x98,0xFF,0x9E,0xCD,0xB0,0xCD,0xB0,0x6D,0x98,0x7F,
0xF8,0x63,0xBC,0x63,0xFE,0x67,0xD8,0x36,0xD8,0x1C,0xD8,0x3C,0x78,0x66,0xF8,0xC3,
/*  121 */ 
0x00,0x00,0x00,0x00,0x80,0x01,0xFE,0x7F,0xC0,0x06,0x70,0x1C,0x9E,0xF1,0xFC,0x7F,
0x80,0x01,0xB0,0x19,0xB0,0x19,0xFE,0xFF,0x30,0x18,0x30,0x18,0x18,0x18,0x0C,0x18,
/*  122 */ 
0x00,0x00,0x60,0x0C,0x60,0x0C,0xFE,0xFF,0x60,0x0C,0x30,0x0C,0xFE,0xFF,0x80,0x03,
0xC0,0x03,0xC0,0x07,0xE0,0x0D,0xB0,0x19,0x9C,0x71,0xF6,0xCF,0x80,0x01,0x00,0x00,
/*  123 */ 
0x00,0x00,0x80,0x01,0x80,0x01,0xFE,0xFF,0x80,0x01,0x80,0x03,0xC0,0x07,0xE0,0x07,
0xE0,0x0D,0xB0,0x19,0x98,0x31,0x8C,0x61,0xFE,0xFF,0x80,0x01,0x80,0x01,0x80,0x01,
/*  124 */ 
0x00,0x00,0x00,0x00,0x18,0x06,0xFC,0xFF,0xB6,0x19,0xE0,0x19,0x80,0x01,0xFE,0xFF,
0xC0,0x03,0xC0,0x07,0xE0,0x0D,0xB8,0x19,0x8C,0x71,0xFF,0xDF,0x80,0x01,0x80,0x01,
/*  125 */ 
0x00,0x00,0x00,0x00,0x8C,0x61,0x8C,0x61,0xF8,0x7F,0x00,0x00,0xFC,0x7E,0xCC,0x66,
0xFC,0x7E,0xCC,0x66,0xCC,0x66,0xFC,0x7E,0xCC,0x63,0xCC,0x63,0xC6,0x63,0xF6,0x7B,
/*  126 */ 
0x00,0x00,0x00,0x00,0xD8,0x7B,0x6C,0xCF,0x6C,0xCF,0x76,0xCF,0xFE,0xFF,0x78,0xCF,
0x78,0xCF,0xEC,0xFF,0x7E,0xCF,0x6E,0xCF,0x60,0xCF,0x7E,0xCF,0x30,0xFF,0x80,0x61,
/*  127 */ 
0x00,0x00,0x00,0x00,0xFE,0xFF,0x00,0x03,0xC0,0x07,0x70,0x3F,0x1E,0xE3,0xF8,0x7F,
0x8C,0x61,0x8C,0x61,0xFC,0x7F,0x8C,0x61,0xFC,0x7F,0x8C,0x61,0x8C,0x61,0x06,0x7C,
/*  128 */ 
0x00,0x00,0x00,0x00,0xFE,0xFF,0x60,0x00,0xF0,0x3F,0x38,0x60,0x1E,0x60,0xF0,0x3F,
0x00,0x03,0x7C,0x63,0xC0,0x3B,0x60,0x0F,0x60,0x0F,0x38,0x3B,0x0E,0xE3,0xE0,0x03,
/*  129 */ 
0x00,0x00,0x00,0x0C,0xBC,0xCD,0xB6,0xCD,0xB6,0xFF,0x36,0x00,0xB6,0x7F,0xFC,0xDE,
0xDE,0xDE,0xDE,0xFF,0xFE,0xDE,0xDE,0xFF,0xDE,0xDE,0xDE,0xDE,0xFE,0xCE,0xCE,0xFF,
/*  130 */ 
0x00,0x00,0x00,0x00,0x80,0x31,0x8C,0x19,0xF8,0x7F,0x80,0x19,0x80,0x19,0x9C,0x19,
0xF8,0xFF,0x98,0x19,0x98,0x19,0x98,0x19,0xD8,0x18,0x7C,0x18,0x76,0x00,0xC0,0x7F,
/*  131 */ 
0x00,0x00,0x00,0x00,0xEC,0xFF,0x0C,0x00,0xCC,0x3F,0x78,0x30,0xC0,0x3F,0x8E,0x19,
0xD8,0x7F,0x78,0x66,0x78,0x66,0xF8,0x7F,0x78,0x66,0xD8,0x7F,0x7C,0x00,0xC6,0xFF,
/*  132 */ 
0x00,0x00,0x80,0x01,0xF0,0x0F,0x18,0x38,0xF8,0x3F,0xF8,0x3F,0xF8,0x3F,0x00,0x00,
0xFC,0x3F,0xFC,0x3F,0x8C,0x31,0xF8,0x3F,0xFE,0xFF,0x30,0x0C,0x30,0x0C,0x1C,0x00,
/*  133 */ 
0x00,0x00,0x00,0x00,0x0C,0x00,0x0C,0x03,0x0C,0x63,0x0C,0x33,0xFC,0x1B,0x0C,0x0E,
0x0C,0x03,0x0C,0x03,0x0C,0x03,0x0C,0x83,0x0C,0x83,0x0C,0xC3,0xEC,0xC3,0x38,0xFE,
/*  134 */ 
0x00,0x00,0x00,0x00,0xFC,0xFF,0x06,0xC7,0x06,0x67,0xFC,0x67,0x30,0x66,0xFC,0x37,
0x30,0x36,0xFE,0x67,0xFE,0x67,0xDE,0xC7,0xDE,0xC7,0xFE,0xC7,0x36,0x7F,0xFC,0x07,
/*  135 */ 
0x00,0x00,0x00,0x00,0x18,0x06,0xF8,0xFF,0x6C,0x1B,0xE6,0x19,0x00,0x3E,0xFC,0x03,
0xC0,0x00,0xFC,0x3F,0xC0,0x00,0x80,0x7F,0xFE,0x00,0xC0,0xC0,0x80,0xC1,0x80,0x7F,
/*  136 */ 
0x00,0x00,0x00,0x00,0x18,0x06,0xD8,0x7F,0xCC,0xC6,0xF6,0x66,0xF6,0x66,0xD8,0x7F,
0xCC,0x61,0xCE,0x63,0x6F,0x63,0x6C,0x36,0x6C,0x1C,0x6C,0x1C,0x6C,0x77,0xFC,0xC1,
/*  137 */ 
0x00,0x00,0x00,0x00,0xFE,0x0C,0x30,0x7F,0xB0,0x61,0xFC,0x7F,0xB0,0x61,0xF8,0x63,
0x0F,0x3E,0xFE,0xFF,0x60,0x00,0xF0,0x1F,0x1E,0x70,0x18,0x60,0x18,0x60,0xF0,0x3F,
/*  138 */ 
0x00,0x00,0x00,0x00,0x60,0x0C,0xFE,0xFF,0xE0,0x0D,0xF8,0x3F,0x3C,0x6C,0xEC,0x67,
0x7C,0x6E,0xFC,0x7F,0x0C,0x03,0x0C,0x7B,0xFC,0x0E,0x0C,0xC3,0xCC,0xC3,0x7C,0x7E,
/*  139 */ 
0x00,0x00,0x00,0x00,0x60,0x0C,0xFE,0xFF,0x60,0x0C,0xBC,0x0D,0xF8,0xFC,0x30,0x6C,
0xFC,0x6F,0xFE,0x3F,0xFE,0x39,0xFE,0x39,0xFE,0x39,0xBE,0x39,0xB6,0x6D,0xF6,0xC7,
/*  140 */ 
0x00,0x00,0x00,0x00,0x0C,0x06,0x0C,0x76,0xF8,0x1F,0x0C,0x0E,0x0C,0xC6,0xCC,0xC7,
0x78,0x7E,0x00,0x00,0x80,0x01,0xFE,0xFF,0x80,0x01,0x80,0x01,0x80,0x01,0x00,0x00,
/*  141 */ 
0x00,0x00,0x0C,0x06,0x0C,0x66,0xFC,0x3F,0x0C,0xCE,0x8C,0xC7,0xFC,0x66,0x18,0x3C,
0xFE,0xFF,0x30,0x06,0xF8,0x66,0x8C,0x3F,0xDE,0x0E,0xF0,0xC6,0x70,0xC6,0x1E,0xFE,
/*  142 */ 
0x00,0x00,0x00,0x00,0x0C,0x06,0x0C,0x36,0xFC,0x1E,0x0C,0xC6,0x0C,0xC6,0xCC,0xC7,
0xFC,0x7D,0x80,0x19,0x3C,0x6F,0x3C,0x66,0xB6,0xF3,0xF6,0xF0,0x3E,0x18,0xE0,0x0F,
/*  143 */ 
0x00,0x00,0x00,0x00,0x00,0x78,0xFE,0x0F,0x80,0x01,0x80,0x01,0xFC,0x7F,0x8C,0x61,
0x8C,0x61,0x8C,0x61,0x8C,0x61,0x8C,0x61,0x8C,0x61,0x8C,0x79,0x80,0x01,0x00,0x00,
/*  144 */ 
0x00,0x00,0x80,0x01,0x00,0x03,0xF8,0xFF,0x0C,0x00,0x3C,0x00,0x3C,0x06,0x3C,0xE6,
0xFC,0x37,0x3C,0x1C,0x3C,0x06,0x3C,0xC6,0x3C,0xC6,0x36,0xC7,0xB6,0xCD,0xE3,0x7C,
/*  145 */ 
0x00,0x00,0x00,0x00,0x00,0x03,0xFE,0xFF,0x1E,0x00,0xFE,0x7F,0x7E,0x66,0xFC,0x7F,
0x78,0x66,0xFC,0x3F,0x1E,0x00,0xFB,0xFF,0x8C,0x19,0xCC,0x18,0xCC,0x18,0x76,0x18,
/*  146 */ 
0x00,0x00,0x00,0x00,0xD8,0x7F,0x18,0x63,0x06,0x66,0x06,0x66,0xFE,0x7F,0x06,0x67,
0x86,0x67,0xC6,0x66,0x66,0x66,0x3E,0x66,0x06,0x66,0xC6,0x67,0x06,0x78,0x00,0x00,
/*  147 */ 
0x00,0x00,0x00,0x0C,0x36,0x06,0xF6,0xFC,0x7C,0x66,0xFC,0x66,0xB7,0x67,0xFF,0x67,
0xFF,0x6F,0xFF,0x6D,0xFF,0x3D,0xFF,0x39,0xF7,0x19,0xB3,0x39,0xB3,0x6D,0xE3,0xC7,
/*  148 */ 
0x00,0x00,0x30,0x00,0xBC,0x07,0xF8,0x7E,0x78,0x36,0xFC,0x37,0xFE,0x3D,0xFE,0x19,
0xF6,0x3D,0xF6,0xE7,0x60,0x0C,0xFE,0xFF,0x60,0x0C,0x60,0x0C,0x30,0x0C,0x18,0x0C,
/*  149 */ 
0x00,0x00,0x00,0x00,0xC0,0x18,0xF0,0x18,0xB0,0x19,0xBC,0x6D,0x3C,0x6F,0x3C,0x6F,
0x36,0x67,0x36,0xC6,0x36,0xC3,0xB6,0xF3,0xF6,0x31,0x70,0x30,0x3E,0x18,0xE0,0x0F,
/*  150 */ 
0x00,0x00,0x00,0x00,0x7C,0x18,0xC6,0xFF,0xC6,0x00,0xC6,0x66,0xFE,0x66,0x66,0xFF,
0x06,0x18,0xFE,0x18,0xCE,0x18,0xCE,0xFF,0xCE,0x18,0xCE,0x18,0xCF,0x18,0xFB,0x18,
/*  151 */ 
0x00,0x00,0x00,0x00,0x7C,0x0C,0xCC,0x7F,0xCC,0x36,0xFC,0x36,0x8C,0xFF,0xFE,0x0C,
0xDE,0x0C,0xDE,0x7E,0xFE,0x0C,0x80,0x0D,0xFC,0x7F,0x80,0x01,0x80,0x01,0xFE,0xFF,
/*  152 */ 
0x00,0x00,0x00,0x0C,0xFC,0x18,0xC6,0x7F,0xFE,0x36,0xF6,0xFF,0xDE,0xFF,0xFF,0x18,
0x7B,0x0C,0xFC,0x7F,0x0C,0x60,0xFC,0x7F,0x0C,0x60,0xFC,0x7F,0x0C,0x60,0x0C,0x3C,
/*  153 */ 
0x00,0x00,0x00,0x00,0x0C,0x18,0xEC,0x1B,0x78,0x7F,0x60,0x6F,0xE0,0x6F,0x6E,0x3C,
0xF8,0x7F,0xF8,0x1B,0xF8,0x7F,0xF8,0x1F,0xD8,0x1B,0xD8,0x1B,0x7C,0x18,0xC6,0xFF,
/*  154 */ 
0x00,0x00,0x00,0x00,0xFC,0x0C,0xF6,0x6C,0xF6,0x3C,0xDE,0x1F,0xDE,0x0C,0xDE,0xCE,
0xF6,0xCF,0x36,0x7E,0x36,0x06,0xFE,0x7F,0x06,0x06,0x06,0x06,0x06,0x06,0xE6,0xFF,
/*  155 */ 
0x00,0x00,0x00,0x00,0x6C,0xFF,0xFE,0x1B,0xEC,0x19,0xEC,0xFF,0xB8,0xDF,0xBC,0xFF,
0xFE,0xDF,0xFE,0xDF,0xFE,0x7D,0xBC,0x1F,0x98,0x1D,0xBC,0x19,0x98,0x7D,0x98,0xC7,
/*  156 */ 
0x00,0x00,0x00,0x03,0x0C,0x03,0x0C,0x03,0xF8,0x7F,0x00,0x63,0x00,0x63,0x1E,0x63,
0x98,0x61,0x98,0x61,0x98,0x61,0xD8,0x60,0xD8,0x60,0x78,0x3C,0x6C,0x00,0xC0,0xFF,
/*  157 */ 
0x00,0x00,0x00,0x06,0x18,0x06,0x98,0x7F,0xCC,0xC0,0xFC,0xC0,0xF6,0x7F,0xDE,0x00,
0xD8,0xFF,0xCC,0xFD,0xCC,0xFD,0xFE,0xFF,0xC0,0xFD,0xF8,0xFD,0xEE,0xFD,0x60,0xF0,
/*  158 */ 
0x00,0x00,0x00,0x00,0x3C,0x78,0xE6,0x0F,0x7E,0x06,0x7E,0x0C,0x7E,0x00,0xFE,0x7F,
0x7E,0x30,0x7E,0x30,0x38,0x18,0x38,0x0C,0x3C,0x06,0xEC,0x03,0xE6,0x0E,0x00,0xF8,
/*  159 */ 
0x00,0x00,0x80,0x01,0x00,0x03,0xFC,0x7F,0x0C,0xC0,0x0C,0x60,0xFC,0x3F,0x0C,0x00,
0xFC,0xFF,0xBC,0xCD,0xBC,0xCD,0xFC,0xFF,0xB6,0xCD,0xB6,0xCD,0xB6,0xCD,0xB3,0xFD,
/*  160 */ 
0x00,0x00,0x00,0x00,0xF8,0xFF,0x18,0x06,0xF8,0x7F,0x6C,0x66,0x6C,0x66,0xEE,0x7F,
0x6E,0x66,0x6C,0x66,0xCC,0x3F,0x6C,0x06,0xCC,0x03,0x0C,0x03,0xCC,0x0F,0x7C,0x78,
/*  161 */ 
0x00,0x00,0x80,0x01,0x80,0x01,0xFC,0x7F,0x70,0x1E,0x78,0x36,0x6C,0x66,0x06,0x06,
0x00,0x00,0xFC,0x3F,0x30,0x60,0x60,0x38,0xC0,0x0C,0x80,0x07,0xE0,0x0F,0x3E,0xF8,
/*  162 */ 
0x00,0x00,0x00,0x00,0x80,0x01,0x80,0x01,0xFE,0x7F,0x80,0x01,0x80,0x01,0x80,0x03,
0x80,0x0F,0x80,0x19,0x80,0x31,0x80,0x01,0x80,0x01,0x80,0x01,0x80,0x01,0x00,0x00,
/*  163 */ 
0x00,0x00,0x00,0x00,0x18,0x33,0xFE,0xFF,0xB6,0x6F,0xB6,0x6F,0xBC,0x6F,0xFC,0x7B,
0xFE,0xFF,0xD8,0x33,0xD8,0x33,0x7C,0xFF,0x1E,0x33,0x98,0x31,0x8C,0x31,0xCC,0x30,
/*  164 */ 
0x00,0x00,0x18,0x00,0x98,0x31,0xFE,0xFF,0x66,0xCF,0x3C,0xCC,0xFC,0x79,0xBC,0x79,
0xFE,0xFF,0x98,0x31,0x98,0x31,0xFC,0xFD,0x98,0x31,0x8C,0x37,0x8C,0x33,0x0C,0x30,
/*  165 */ 
0x00,0x00,0x18,0x30,0x18,0x33,0x7E,0xFF,0xB6,0xCD,0xB6,0x6D,0xF6,0x7E,0xFC,0x7B,
0x7F,0xFF,0x98,0x31,0x98,0x31,0xF8,0xFF,0x6E,0x30,0x0C,0x36,0xCC,0x33,0x0C,0x30,
/*  166 */ 
0x00,0x00,0x00,0x06,0x0C,0x06,0xEC,0xFF,0x78,0xC0,0xE0,0xFF,0x60,0x60,0xFE,0x7F,
0xF8,0xDE,0xF8,0xDE,0xF8,0xFF,0xF8,0xDE,0xF8,0xDE,0xD8,0xDE,0x3C,0x70,0xE6,0xFF,
/*  167 */ 
0x00,0x00,0x00,0x00,0x18,0x00,0xD8,0x7F,0x18,0x00,0x3E,0x00,0x18,0x00,0xFC,0xFF,
0x3C,0x0C,0xBE,0x3D,0x9E,0x3D,0xDE,0x6C,0xD8,0x6C,0xD8,0xCC,0x78,0xCC,0x18,0x0F,
/*  168 */ 
0x00,0x00,0x00,0x00,0x30,0x60,0xF0,0x31,0xF8,0x19,0x3E,0x0F,0x36,0xC3,0xFE,0x61,
0x36,0x3B,0xF6,0x0F,0x06,0xC0,0xF6,0xE0,0xDE,0x30,0xDE,0xDC,0xDE,0xC6,0x8C,0xFF,
/*  169 */ 
0x00,0x00,0x00,0x00,0xFE,0xFF,0x36,0x1B,0xF6,0xFF,0xF6,0xDB,0xFE,0xDB,0xF6,0x7F,
0x36,0x00,0xF6,0xFF,0x3E,0x00,0xF6,0xFF,0x36,0x3F,0xB6,0x6D,0xF6,0x6C,0x3C,0xCF,
/*  170 */ 
0x00,0x00,0x00,0x00,0x80,0x01,0xFE,0xFF,0x80,0x01,0x80,0x01,0xF8,0x3F,0x80,0x01,
0xFE,0xFF,0xC0,0x63,0x60,0x36,0x38,0x1C,0x3E,0x0C,0x30,0x18,0x30,0x77,0xF0,0xC1,
/*  171 */ 
0x00,0x00,0x30,0x0C,0xFC,0x06,0x78,0x7E,0xFC,0x3F,0xFE,0x3D,0xFE,0x19,0xFE,0x7D,
0xE6,0xC7,0xF0,0x0F,0x18,0x06,0xFE,0x7F,0xF8,0x7F,0x0C,0x63,0xF8,0x3F,0xFE,0xFF,
/*  172 */ 
0x00,0x00,0x30,0x00,0xB6,0x07,0xFC,0xFC,0x78,0x66,0xFE,0x6F,0xFE,0x3B,0xFE,0x39,
0xFE,0x39,0xF6,0x6F,0xC6,0xC3,0xBC,0x31,0x3C,0x7B,0x36,0x7B,0x36,0xD8,0xF0,0x1F,
/*  173 */ 
0x00,0x00,0x00,0x00,0xFC,0xC3,0x06,0xDB,0x06,0xDB,0x06,0xDB,0xFC,0xDB,0x30,0xD8,
0x30,0xD8,0xFE,0xDB,0x30,0xDB,0x30,0xDB,0x18,0xDB,0x18,0xC3,0x0C,0xC3,0xE6,0xFB,
/*  174 */ 
0x00,0x00,0x00,0x03,0xE0,0xFF,0x3E,0x03,0xDE,0x7F,0x7E,0x60,0xFC,0x7F,0xF8,0x7F,
0x78,0x60,0xDC,0x7F,0x9E,0x39,0xF8,0xE0,0xD8,0x3C,0xCC,0x67,0xCC,0x60,0x86,0x7F,
/*  175 */ 
0x00,0x00,0x00,0x00,0x98,0xC1,0x98,0x71,0x98,0x19,0xFE,0x0F,0x9C,0xC3,0xBC,0x63,
0xFC,0x37,0xFE,0x1F,0xFE,0x01,0xF8,0xC1,0x98,0x61,0x98,0x31,0x98,0x19,0x98,0x0F,
/*  176 */ 
0x00,0x00,0x00,0x30,0x0C,0x70,0x98,0xFF,0x7E,0xF0,0xF0,0xFF,0x36,0x36,0x3C,0x36,
0xFC,0x36,0xD8,0x3E,0xD8,0x36,0xF8,0x36,0xFC,0xE6,0xF6,0xE6,0xE6,0xFE,0xE0,0xC3,
/*  177 */ 
0x00,0x00,0x00,0x00,0xC6,0xFE,0xFC,0x18,0xF8,0x1B,0xF0,0xFC,0xF6,0xDC,0xFE,0xFF,
0xCC,0xFC,0xE0,0xFF,0xF8,0xFF,0xFC,0xDF,0xFC,0xDF,0x8C,0x79,0xC6,0xEC,0x7E,0xC6,
/*  178 */ 
0x00,0x00,0x00,0x03,0x06,0x06,0xEC,0xFF,0x38,0xC0,0xB0,0xFF,0xC7,0x00,0xCC,0x00,
0xCC,0x7F,0xD8,0x18,0xD8,0x18,0xFC,0xFF,0x0C,0x00,0x8C,0x19,0xE6,0x30,0x36,0xE0,
/*  179 */ 
0x00,0x00,0x80,0x01,0x80,0x01,0xFE,0xFF,0x06,0xC0,0xFE,0xDF,0x18,0x00,0x18,0x00,
0xF8,0x7F,0x18,0x0C,0x18,0x0C,0xFE,0xFF,0x00,0x00,0x60,0x0C,0x30,0x18,0x1C,0x70,
/*  180 */ 
0x00,0x00,0x00,0x06,0x0C,0x06,0xEC,0xFF,0x7E,0xC0,0xEC,0xFF,0xCC,0x00,0xCC,0x00,
0xFC,0xFF,0xDC,0x18,0xCE,0x18,0xEC,0xFF,0x0C,0x00,0x8C,0x31,0xCC,0x60,0x7E,0xC0,
/*  181 */ 
0x00,0x00,0x00,0x00,0x80,0x7F,0xF8,0x00,0x18,0x00,0x18,0x00,0xF8,0x7F,0x18,0x18,
0x18,0x18,0x18,0x18,0x18,0x18,0xFE,0xFF,0x60,0x1C,0x30,0x30,0x18,0x60,0x0E,0xC0,
/*  182 */ 
0x00,0x00,0x00,0x06,0x06,0x06,0x06,0x06,0x0C,0x66,0xFC,0x77,0x8C,0x3F,0x80,0x1F,
0x98,0x0F,0x98,0x1F,0xD8,0x1E,0xCC,0x36,0x6C,0x66,0x36,0xC6,0x1F,0x86,0xC0,0x07,
/*  183 */ 
0x00,0x00,0x18,0x00,0x18,0x00,0xD8,0x7F,0x18,0x0C,0x3C,0x0C,0xDC,0xFF,0xFC,0xCC,
0xFC,0xCC,0xFE,0xCE,0xFE,0xDE,0xDE,0xF3,0xD8,0xF3,0xD8,0xC1,0xD8,0xC0,0xD8,0x78,
/*  184 */ 
0x00,0x00,0x00,0x00,0xFE,0xFF,0x80,0x01,0x80,0x01,0xFC,0x7F,0x86,0x61,0x86,0x63,
0x86,0x67,0xC6,0x6C,0x66,0x78,0x36,0x70,0x1E,0x60,0x06,0x60,0x06,0x60,0x00,0x78,
/*  185 */ 
0x00,0x00,0x00,0x00,0xFC,0x3F,0x80,0x01,0xFE,0xFF,0x80,0x01,0xFC,0x3F,0x80,0x61,
0xFF,0xFF,0x80,0x61,0xFC,0x3F,0xC0,0x07,0xE0,0x0D,0xB8,0x19,0x8C,0x71,0x86,0xC1,
/*  186 */ 
0x00,0x00,0x00,0x00,0x0C,0x33,0x3C,0x33,0xE6,0xFF,0x66,0x33,0x33,0x33,0x0C,0x33,
0x0C,0x33,0xCC,0xFF,0x0C,0x33,0x0C,0x33,0x0C,0x33,0xEC,0x31,0xBC,0x31,0xD8,0x30,
/*  187 */ 
0x00,0x00,0x00,0x00,0xD8,0xFF,0x7E,0x0C,0x7E,0x0C,0xBE,0x7F,0xFE,0xCC,0xDE,0xCC,
0xD8,0xCC,0xD8,0xCC,0xD8,0xDE,0xD8,0xF6,0xDC,0xF3,0xFC,0xE1,0xF6,0xC0,0xE6,0x78,
/*  188 */ 
0x00,0x00,0x00,0x03,0x00,0x06,0xF8,0xFF,0x1E,0x00,0xFE,0xFF,0x1C,0x06,0x18,0x06,
0xF8,0xFF,0x38,0xC6,0x3E,0xCF,0x38,0xDB,0xBC,0xF1,0xFC,0xC0,0x3C,0xC0,0x06,0x78,
/*  189 */ 
0x00,0x00,0x00,0x00,0x60,0x18,0x60,0x0C,0xFC,0xFF,0x60,0x18,0x60,0x18,0x60,0x18,
0x60,0x18,0xFE,0xFF,0x60,0x18,0x30,0x18,0x30,0x18,0x30,0x18,0x18,0x18,0x1C,0x18,
/*  190 */ 
0x00,0x00,0x00,0x00,0x00,0x0C,0xBE,0x7F,0xCC,0xCC,0xCC,0xCC,0xCC,0x6C,0xCC,0x0C,
0xFE,0x7F,0xCC,0x61,0xCC,0x63,0xCC,0x36,0x7C,0x1C,0x7C,0x1C,0x36,0x37,0xF0,0xE1,
/*  191 */ 
0x00,0x00,0x00,0x00,0x30,0x0C,0xFE,0xFF,0x30,0x06,0x0C,0x06,0xD8,0xFF,0x60,0xC6,
0x66,0x66,0xCC,0x7F,0xF8,0x61,0x78,0x33,0x78,0x1F,0x6C,0x0C,0x36,0x3F,0xF0,0xE1,
/*  192 */ 
0x00,0x00,0x00,0x00,0xC0,0x7F,0x0C,0x66,0x8C,0x67,0xBE,0x37,0xEC,0xFF,0x0C,0x1F,
0xBC,0x37,0xF8,0xE6,0xFF,0x7F,0xCC,0x66,0xCC,0x7F,0xCC,0x66,0xCC,0x66,0xCE,0x7F,
/*  193 */ 
0x00,0x00,0x00,0x00,0xD8,0x36,0xD8,0x66,0xFE,0x63,0x78,0x03,0xD8,0xFF,0x18,0x03,
0x38,0x7F,0x98,0x67,0x9E,0x67,0x98,0x3D,0xD8,0x1C,0xD8,0x1C,0x78,0x36,0xBE,0xE3,
/*  194 */ 
0x00,0x00,0x00,0x0C,0x0C,0x0C,0x7C,0x0C,0x86,0xFF,0x06,0x0C,0x7E,0x1C,0x18,0x1E,
0x18,0x3F,0x7E,0x3F,0x98,0x6D,0x98,0xCD,0xD8,0xFF,0xF8,0x6D,0x78,0x0C,0x00,0x0C,
/*  195 */ 
0x00,0x00,0x00,0x06,0x0E,0x06,0xD8,0x7F,0x70,0xC6,0x60,0xC6,0x66,0x66,0xEC,0x7F,
0xE0,0x60,0xE0,0x61,0xE0,0x31,0x78,0x1B,0x3C,0x0E,0x3C,0x1E,0xB6,0x73,0xF8,0xC0,
/*  196 */ 
0x00,0x00,0x00,0x00,0x0C,0x66,0xEC,0xFF,0x0C,0xC6,0xEC,0x7F,0x7F,0x66,0xEC,0x7F,
0xEC,0x7F,0x6C,0x66,0x6C,0x76,0x0C,0x30,0xFC,0xFF,0x8C,0x31,0x0C,0x33,0x0C,0x3F,
/*  197 */ 
0x00,0x00,0x00,0x00,0x60,0x00,0xFC,0x0D,0x60,0x7E,0xFE,0xCF,0x06,0xCF,0x06,0xCF,
0xF8,0xCF,0x70,0xCC,0x30,0xCC,0xE0,0xCF,0xF8,0xC6,0xCE,0xC6,0xC0,0xC3,0xFC,0x7B,
/*  198 */ 
0x00,0x00,0x00,0x00,0x0C,0x66,0xEC,0xFF,0xBE,0xBF,0xCC,0x66,0xCC,0x7F,0x6C,0x66,
0xFC,0x7F,0x78,0x66,0x0C,0x06,0x0E,0x06,0xEC,0xFF,0xCC,0x30,0x8C,0x31,0x0E,0x3F,
/*  199 */ 
0x00,0x00,0x00,0x00,0x0C,0x0C,0x7C,0x0C,0xC6,0xFF,0x86,0xC1,0xFF,0xC1,0x9E,0xC1,
0x98,0xC1,0xFE,0xFF,0xD8,0xC1,0x98,0xC1,0x98,0xC1,0xD8,0xC1,0xF8,0xC1,0xB8,0xFF,
/*  200 */ 
0x00,0x00,0x18,0x00,0xF8,0xFF,0x3C,0x1E,0x66,0x1B,0x6C,0x0C,0x18,0x06,0xF0,0xFF,
0xC6,0xC0,0xCC,0xC0,0xD8,0xC0,0xF0,0xFF,0xF0,0xC0,0xD8,0xC0,0xCC,0xC0,0xC6,0xFF,
/*  201 */ 
0x00,0x00,0x18,0x06,0x18,0x06,0x18,0x03,0xF8,0xFF,0x6C,0xC0,0x6C,0xC0,0x6E,0xC0,
0x6E,0xC0,0xEC,0xFF,0x6C,0xC0,0x6C,0xC0,0x6C,0xC0,0x6C,0xC0,0x6C,0xC0,0xEC,0x7F,
/*  202 */ 
0x00,0x00,0x00,0x00,0x80,0x01,0xFC,0x7F,0x0C,0x60,0xFC,0x7F,0x0C,0x60,0xFC,0x7F,
0x80,0x01,0xFC,0x7F,0x86,0xC1,0x86,0xC1,0x86,0xC1,0x86,0xC1,0x86,0xDD,0x80,0x71,
/*  203 */ 
0x00,0x00,0x30,0x18,0x30,0x18,0xFC,0x7E,0xDE,0xC3,0xF6,0xC3,0xF6,0xC3,0xF6,0xC3,
0xFE,0xFF,0xC6,0xC3,0xDE,0xC3,0xF6,0xC3,0xF6,0xC3,0xE6,0xC3,0xC6,0xC3,0xF6,0x7E,
/*  204 */ 
0x00,0x00,0x00,0x0C,0x3C,0x0C,0xF6,0xFF,0x36,0x0C,0xB6,0xFF,0xFE,0xC0,0xF6,0xC0,
0xF6,0xFF,0x36,0x18,0x3E,0x0E,0x36,0x0C,0xF6,0xFF,0x36,0x18,0x36,0x18,0x3F,0x1F,
/*  205 */ 
0x00,0x00,0x00,0x0C,0x3C,0x6C,0xF6,0xFF,0xB6,0xFF,0xF6,0xEC,0xFE,0xFF,0xF6,0xCC,
0xF6,0xFF,0xF6,0xCC,0xFC,0x7C,0xF6,0xFF,0x76,0x30,0xB6,0x31,0x36,0x33,0x3F,0x3C,
/*  206 */ 
0x00,0x00,0x00,0x00,0xC6,0x30,0xFC,0x37,0xD8,0xFC,0xF0,0xF7,0x18,0xF6,0xE6,0xF7,
0x8C,0xD9,0xC0,0xD8,0xD8,0xD8,0x98,0xDF,0xEC,0xD9,0x3C,0xCF,0x9E,0xC7,0xF6,0x7F,
/*  207 */ 
0x00,0x00,0x00,0x00,0x0C,0x06,0x98,0x7F,0xF0,0xC0,0x60,0xC0,0x66,0xC0,0x6C,0xC0,
0x78,0xC0,0xC0,0xFF,0x60,0xC0,0x70,0xC0,0x78,0xC0,0x78,0xC0,0x6C,0xC0,0xC6,0xFF,
/*  208 */ 
0x00,0x00,0x00,0x00,0x7E,0x63,0x60,0x36,0x66,0x3C,0x66,0x18,0x66,0x7E,0x66,0x63,
0xFC,0x63,0xC0,0x66,0xC0,0x36,0xF8,0x3C,0xCF,0x18,0xC0,0x3C,0xC0,0x66,0xF8,0xC3,
/*  209 */ 
0x00,0x00,0x00,0x00,0x18,0x66,0xF8,0xFF,0x18,0xC6,0xBE,0x3F,0xD8,0x66,0xD8,0x66,
0xD8,0x7F,0xF8,0x66,0xDE,0x66,0xD8,0x7F,0xD8,0x66,0xD8,0x66,0xD8,0x66,0xDE,0x78,
/*  210 */ 
0x00,0x00,0x00,0x00,0x80,0x01,0x80,0x01,0x80,0x01,0x80,0x01,0x80,0x03,0x80,0x07,
0x80,0x0D,0x80,0x39,0x80,0x71,0x80,0x01,0x80,0x01,0x80,0x01,0x80,0x01,0x80,0x01,
/*  211 */ 
0x00,0x00,0x00,0x00,0x00,0x6C,0xEC,0xFF,0x3E,0xCC,0xF6,0x7F,0xF6,0x6C,0xF6,0x6C,
0xF6,0x7F,0xF6,0x6C,0xF6,0x6C,0xF6,0x7F,0xF6,0x6C,0xF6,0x6C,0xDE,0x6C,0xC0,0x7C,
/*  212 */ 
0x00,0x00,0x18,0x06,0x30,0x06,0x30,0x06,0x7E,0x06,0x60,0x06,0xE0,0x0F,0xF0,0x1E,
0x70,0x36,0xF8,0xE6,0xFC,0xC7,0x36,0x06,0x30,0x06,0x30,0x06,0x30,0x06,0x30,0x06,
/*  213 */ 
0x00,0x00,0x00,0x06,0x0C,0x06,0xCC,0x7F,0x6C,0x60,0xFE,0x7F,0x6C,0x00,0xEC,0x3F,
0x6C,0x60,0x6C,0x60,0xCC,0x7F,0x0C,0x06,0xFC,0xFF,0x1C,0x06,0x0E,0x06,0x00,0x00,
/*  214 */ 
0x00,0x00,0x00,0x00,0xFE,0xFF,0x00,0x03,0x80,0x01,0x80,0x01,0xC0,0x07,0xE0,0x0D,
0xB0,0x19,0x98,0x31,0x8E,0x61,0x80,0xC1,0x80,0x01,0x80,0x01,0x80,0x01,0x80,0x01,
/*  215 */ 
0x00,0x00,0x00,0x00,0x80,0x01,0xC0,0x00,0xFE,0xFF,0x60,0x03,0x60,0x03,0xF0,0x3F,
0x1C,0x63,0x1E,0x63,0x1B,0x63,0x18,0x63,0x18,0x63,0x18,0x7B,0x00,0x73,0x00,0x03,
/*  216 */ 
0x00,0x00,0x00,0x00,0x30,0x03,0x30,0x03,0x30,0x7F,0x30,0x03,0x30,0x03,0xFE,0xFF,
0x00,0x03,0x30,0x63,0x30,0x63,0x18,0x33,0x0C,0x1B,0x00,0x0F,0x00,0x07,0xFE,0x01,
/*  217 */ 
0x00,0x00,0x18,0x06,0xF8,0xFF,0x3C,0x1B,0xE6,0x7F,0xEC,0xFF,0x18,0x06,0xE0,0x7F,
0xEE,0x7F,0x6C,0x66,0xF8,0x7F,0x78,0x76,0xF8,0xFF,0xCC,0x30,0x86,0x31,0x06,0x3F,
/*  218 */ 
0x00,0x00,0x30,0x00,0x60,0xFC,0xFE,0xCF,0x8C,0xCD,0x8C,0x6D,0x98,0x6D,0xD8,0x3C,
0xFE,0x6F,0x00,0xCC,0xFC,0xCF,0x0C,0xCF,0x0C,0xCF,0x0C,0xCF,0x0C,0x7F,0xFC,0x0F,
/*  219 */ 
0x00,0x00,0x00,0x00,0x0C,0x06,0xEC,0xFF,0x0C,0x03,0x3E,0x0F,0x3E,0x0F,0xBE,0x7F,
0xBF,0xCD,0xEF,0xCD,0xBF,0xCD,0x8C,0xCD,0x8C,0xCD,0x8C,0xCD,0x8C,0xFD,0x00,0x0C,
/*  220 */ 
0x00,0x00,0x00,0x06,0x0C,0x06,0xEC,0xFF,0xEC,0xFF,0xFE,0xEE,0xCC,0x3F,0x6C,0x3B,
0xCC,0x71,0xFC,0xDF,0x6E,0x00,0xCF,0x7F,0x8C,0x37,0xCC,0x66,0x6C,0xC6,0x8F,0xC7,
/*  221 */ 
0x00,0x00,0x00,0x00,0x3C,0x0C,0xFC,0xFF,0x18,0x0C,0x9C,0x7F,0x36,0x0C,0xF0,0xFF,
0xB0,0x7F,0xF8,0x60,0xFC,0x7F,0xF6,0x60,0xF0,0x7F,0xF0,0x60,0xF0,0x60,0xDE,0x78,
/*  222 */ 
0x00,0x00,0x60,0x00,0x60,0x3C,0xFC,0x6F,0x60,0xCC,0x60,0x0C,0xFE,0xFF,0x60,0x6C,
0xFE,0x6F,0x30,0x6F,0x70,0x3B,0xDC,0x39,0x9E,0xD9,0x18,0xFF,0xF8,0xF7,0x30,0xE3,
/*  223 */ 
0x00,0x00,0x00,0x00,0x18,0x30,0x18,0x30,0x7E,0x30,0x18,0x7F,0x38,0x30,0x78,0x38,
0x7C,0x3C,0xDC,0x36,0x1E,0x36,0x1B,0x33,0x98,0x31,0x18,0x30,0x18,0x30,0x18,0x3F,
/*  224 */ 
0x00,0x00,0x00,0x00,0x00,0x18,0x00,0x18,0xFE,0xFF,0x00,0x18,0x00,0x1C,0x00,0x1E,
0x00,0x1E,0x00,0x1B,0x80,0x19,0xE0,0x18,0x38,0x18,0x0E,0x18,0x00,0x18,0x80,0x1F,
/*  225 */ 
0x00,0x00,0x00,0x00,0x7C,0x30,0xC6,0x30,0xC6,0xFF,0xDE,0x30,0xDE,0x30,0xDE,0x38,
0xDE,0x38,0xDE,0x3C,0xDE,0x36,0x78,0x37,0xEC,0x31,0x6C,0x30,0xC6,0x30,0xC6,0x3E,
/*  226 */ 
0x00,0x00,0x00,0x00,0xFE,0x7F,0x36,0xC6,0xB6,0x6D,0xB6,0x6D,0x3E,0x3F,0x36,0x0C,
0xF6,0xFF,0x36,0x0C,0x3E,0x1E,0x36,0x3F,0x36,0x3F,0xB6,0x6D,0xF6,0xCC,0x1C,0x0C,
/*  227 */ 
0x00,0x00,0x00,0xC0,0xFC,0x7F,0x36,0xCC,0xB6,0x6D,0x36,0x6F,0x36,0x3B,0x3C,0x0C,
0xD8,0xFF,0x1E,0x1C,0x7E,0x1E,0x1E,0x3E,0x1E,0x6F,0x9E,0xCD,0xFE,0x8C,0x0F,0x0C,
/*  228 */ 
0x00,0x00,0x00,0x00,0x00,0x3F,0xFC,0x61,0x98,0x31,0x18,0x33,0x30,0x1B,0xB0,0x01,
0xFE,0xFF,0x80,0x03,0x80,0x03,0xC0,0x07,0xF0,0x0D,0x98,0x39,0x8C,0x61,0x06,0xC0,
/*  229 */ 
0x00,0x00,0x00,0x00,0xE0,0x31,0x3E,0x33,0xB6,0x19,0xBC,0x0F,0xFC,0x60,0x30,0x30,
0xFE,0x19,0x70,0x0C,0x78,0xC7,0xF8,0x60,0xBC,0x31,0x36,0x18,0x30,0x0E,0xB0,0x03,
/*  230 */ 
0x00,0x00,0x00,0x0C,0x30,0x0C,0xFE,0xFF,0x00,0x0C,0x00,0x3E,0xFC,0x33,0x98,0x31,
0x30,0x1B,0xB0,0x0D,0xFE,0xFF,0x80,0x03,0xC0,0x07,0xF0,0x1D,0x9C,0x71,0x06,0xC0,
/*  231 */ 
0x00,0x00,0x60,0x0C,0xFE,0xFF,0x60,0x0C,0x30,0x0C,0xF8,0x7F,0x9C,0x67,0xFE,0x36,
0x78,0x1C,0xFC,0x7F,0x06,0x00,0xFC,0x7F,0x80,0x01,0xB0,0x39,0x9C,0x61,0xE6,0xC1,
/*  232 */ 
0x00,0x00,0x18,0x00,0xF8,0x7F,0x18,0x63,0xFC,0x3E,0xCE,0x38,0xFB,0x6F,0xDC,0x06,
0xF8,0x3D,0xFE,0xFF,0x18,0x30,0xF8,0x3F,0xF8,0x3F,0x98,0x73,0xD8,0x1E,0x78,0xF0,
/*  233 */ 
0x00,0x00,0xC0,0x00,0x60,0x0C,0x30,0x18,0xFC,0x3F,0x80,0x31,0xFE,0xFF,0xC0,0x06,
0x60,0x0C,0x30,0x3B,0xDF,0xE1,0x70,0x0C,0x00,0x77,0xF8,0x39,0x00,0x0E,0xF8,0x03,
/*  234 */ 
0x00,0x00,0x00,0x00,0xFC,0x3F,0x80,0x01,0xC0,0x00,0xFE,0xFF,0x60,0x0C,0xB0,0x19,
0x9E,0x71,0xF8,0xFF,0x98,0x31,0x98,0x31,0xF8,0x3F,0x80,0x31,0x80,0x79,0xFC,0x6F,
/*  235 */ 
0x00,0x00,0x00,0x06,0xFE,0x1E,0x0C,0x36,0x0C,0x76,0xFC,0x1F,0x6C,0x06,0x6C,0xFE,
0xEE,0x6F,0x78,0x66,0x70,0x3C,0x30,0x1C,0x30,0x0E,0x18,0xDB,0xCC,0xF1,0x06,0xE0,
/*  236 */ 
0x00,0x00,0x80,0x01,0x8C,0xC1,0xEC,0x7F,0xCE,0x18,0xFE,0x19,0xFE,0xF9,0xFE,0x79,
0xFF,0x7F,0x8F,0x79,0x8C,0x6D,0xCC,0x6F,0xEC,0x6D,0x8C,0x6D,0x8C,0x6D,0x8C,0x6D,
/*  237 */ 
0x00,0x00,0x00,0x06,0x0C,0x03,0x8C,0x33,0xBE,0x79,0x3E,0x6F,0xFE,0xFF,0x7E,0x1F,
0xBF,0x33,0xEF,0xE6,0x0C,0x33,0xCC,0xDD,0x0C,0x67,0xCC,0x39,0x0C,0x0E,0xE0,0x03,
/*  238 */ 
0x00,0x00,0x18,0x0C,0x18,0x0C,0x7E,0x0C,0xFE,0xCC,0xFE,0xCC,0xFE,0xCC,0xDE,0xCC,
0xDE,0xCC,0xDB,0xCC,0xD8,0xCC,0xD8,0xCC,0xD8,0xCC,0xFC,0xCC,0xEC,0xCC,0x86,0x7F,
/*  239 */ 
0x00,0x00,0x30,0x00,0x30,0x18,0xFE,0xFF,0xB0,0x1B,0x80,0x07,0xE0,0x0C,0x30,0x18,
0xFE,0xFF,0x30,0x18,0x30,0x18,0x30,0x18,0x30,0x1F,0x30,0x60,0x30,0x60,0xF0,0x7F,
/*  240 */ 
0x00,0x00,0x00,0x00,0x18,0x0C,0x7C,0x1E,0x7E,0x33,0xFE,0x61,0xFE,0xC0,0x7E,0x3F,
0xE6,0x31,0xFE,0x31,0xFE,0x31,0xFE,0x3D,0xFE,0x19,0xFE,0x61,0xE6,0x61,0x78,0x7F,
/*  241 */ 
0x00,0x00,0x00,0x00,0x80,0x03,0xC0,0x06,0x60,0x0C,0x38,0x18,0x0C,0x70,0xF7,0xCF,
0x18,0x18,0x18,0x18,0x18,0x18,0x18,0x1B,0x18,0x6E,0x18,0x60,0x18,0x60,0xF0,0x3F,
/*  242 */ 
0x00,0x00,0x00,0x00,0x06,0x07,0x1C,0x0F,0x98,0x19,0xC0,0x30,0x66,0x60,0xFC,0xFF,
0xD8,0x30,0xC0,0x30,0xF0,0x30,0xD8,0x3C,0xD8,0x18,0xCC,0xC0,0xC6,0xC0,0xC0,0x7F,
/*  243 */ 
0x00,0x00,0x30,0x0C,0xFE,0x7F,0x30,0x1C,0x00,0x3C,0xF6,0x7F,0xFE,0x0F,0xFC,0x6F,
0xF8,0x3D,0xFE,0x3F,0x7C,0x3E,0xFC,0x3F,0xFE,0x19,0xFE,0xD9,0xDB,0xFF,0x00,0xE6,
/*  244 */ 
0x00,0x00,0x00,0x00,0x80,0x3F,0xCC,0x60,0xCC,0x60,0xBE,0x3F,0xCC,0xFB,0x6C,0xDE,
0x6C,0xDE,0xFC,0xFF,0x1E,0x0C,0xEC,0xFF,0x0C,0x1E,0x0C,0x3F,0xCC,0x6D,0x6E,0xCC,
/*  245 */ 
0x00,0x00,0x00,0x00,0xDE,0x1E,0xFE,0x1B,0x3E,0xFF,0x3E,0x1B,0xFE,0x19,0xFF,0xFF,
0xDC,0x00,0xFC,0x7E,0xFC,0xC3,0xDE,0xC3,0xDE,0xC3,0xD8,0x7E,0xD8,0x01,0x78,0xFF,
/*  246 */ 
0x00,0x00,0x00,0x1B,0x18,0x1B,0xF8,0xFF,0x98,0x3F,0xDE,0xFB,0x7C,0xDB,0xFC,0xFF,
0x7E,0xDB,0xDE,0x7F,0x9B,0x3F,0xDB,0x60,0xD8,0x60,0xD8,0x7F,0xD8,0x60,0xD8,0x7F,
/*  247 */ 
0x00,0x00,0x60,0x00,0xFE,0xFF,0x60,0x06,0xFC,0x7F,0x66,0x66,0xFE,0x7F,0x66,0x66,
0xFE,0x7F,0x00,0x00,0xF8,0x3F,0x0C,0x30,0x0C,0x30,0xFC,0x3F,0x0C,0x30,0xF8,0x3F,
/*  248 */ 
0x00,0x00,0x30,0x00,0xFE,0xFF,0x30,0x0C,0x30,0x0C,0xF8,0x3F,0x0C,0x30,0xF8,0x3F,
0x0C,0x30,0x0C,0x30,0xF8,0x3F,0x80,0x01,0xFE,0xFF,0x80,0x01,0x80,0x01,0x00,0x00,
/*  249 */ 
0x00,0x00,0x00,0x00,0xFC,0xFF,0x06,0x00,0xF6,0x1B,0x36,0x7B,0xF6,0x7B,0xF6,0x7B,
0xF6,0x7B,0xF6,0x7B,0xF6,0x7B,0xF6,0x78,0xC6,0x78,0xE6,0x61,0x36,0x63,0x18,0x7E,
/*  250 */ 
0x00,0x00,0x00,0x06,0xFC,0xFF,0x36,0x1B,0x67,0x00,0x80,0x01,0xFE,0xFF,0x80,0x01,
0xFC,0x7F,0x8C,0x61,0xCC,0x63,0xCC,0x7F,0xE0,0x3D,0xB8,0x19,0x8E,0x71,0x83,0xC1,
/*  251 */ 
0x00,0x00,0x18,0x00,0xF8,0xC7,0x3C,0xF6,0xBC,0xF7,0xBC,0xF7,0xBC,0xF7,0xBE,0xF7,
0xBF,0xF7,0xBC,0xF7,0xFC,0xF6,0xCC,0xF7,0xCC,0xF3,0x6C,0xC6,0x6C,0xC6,0x3C,0xFC,
/*  252 */ 
0x00,0x00,0x00,0x00,0xFC,0x7E,0xCC,0x66,0xCC,0x66,0xCC,0x66,0xCC,0x66,0xCC,0x66,
0xFE,0xFF,0xCC,0x66,0xCC,0x66,0xCC,0x66,0xCC,0x63,0xCC,0x63,0xC6,0x63,0xF6,0x7B,
/*  253 */ 
0x00,0x00,0x00,0x00,0xEE,0xC7,0x78,0xDE,0xE0,0xDF,0xE0,0xDF,0xE7,0xDF,0xEC,0xDF,
0xE0,0xDF,0xE0,0xDF,0xF8,0xDF,0xF8,0xDF,0xCC,0xC3,0xCC,0xC6,0x66,0xC6,0x36,0xFC,
/*  254 */ 
0x00,0x00,0x00,0x00,0xFC,0x7F,0x0C,0x60,0x0C,0x60,0xFC,0x7F,0x0C,0x00,0xFC,0x7F,
0x0C,0x00,0x0C,0x00,0xFC,0xFF,0xC6,0x0C,0xC6,0x18,0x66,0x30,0xB6,0x7F,0xE6,0xC0,
/*  255 */ 
0x00,0x00,0x00,0x63,0x7C,0x33,0x66,0x7F,0xE6,0xCD,0xE6,0xEF,0xE6,0xFF,0xFC,0xDE,
0x98,0xFF,0x1E,0x00,0xFE,0x7F,0x9E,0xC1,0x9E,0xFF,0x9E,0xC1,0xFE,0xC1,0x8F,0xFF,
/*  256 */ 
0x00,0x00,0x00,0x00,0x0C,0x70,0xCC,0x1F,0x0C,0x06,0x3E,0x06,0xEC,0xFF,0x0C,0x06,
0xBC,0x37,0xD8,0xE6,0x6F,0xC6,0xCC,0xF7,0x6C,0xC6,0x6C,0xC6,0x6C,0xC6,0xCE,0x7F,
/*  257 */ 
0x00,0x00,0x00,0x00,0xFE,0x3F,0x18,0x60,0xD8,0x60,0x98,0x31,0x30,0x33,0x30,0x36,
0x60,0x18,0x60,0x0C,0xC0,0x0C,0x80,0x07,0x80,0x07,0xE0,0x0C,0x38,0x38,0x0E,0xE0,
/*  258 */ 
0x00,0x00,0x00,0x00,0x30,0x0C,0xFE,0xFF,0xF0,0x0C,0xF0,0x0C,0xFE,0xFF,0x60,0x00,
0x60,0x06,0x30,0x06,0x1C,0x06,0xDE,0x7F,0x18,0x06,0x18,0x06,0x18,0x06,0xF8,0xFF,
/*  259 */ 
0x00,0x00,0x30,0x0C,0x30,0x0C,0xFE,0xFF,0x30,0x0C,0x80,0x03,0xC0,0x06,0x60,0x1C,
0x38,0x33,0x0E,0xE3,0xF0,0x3F,0x00,0x03,0x30,0x1B,0x18,0x33,0x0C,0x63,0xE6,0x01,
/*  260 */ 
0x00,0x00,0x80,0x01,0x80,0x01,0xFE,0x7F,0xC0,0x07,0xE0,0x0D,0xB8,0x39,0x8E,0xE1,
0xF8,0x3F,0x18,0x30,0x18,0x30,0xF8,0x3F,0x18,0x30,0xF8,0x3F,0x00,0x00,0xFE,0xFF,
/*  261 */ 
0x00,0x00,0x00,0x0C,0x7E,0x0C,0x98,0xFF,0x18,0x1E,0x0C,0x3F,0x8C,0xED,0xFC,0x0C,
0x6E,0x7F,0xEF,0x61,0xEC,0x61,0xEC,0x7F,0xEC,0x61,0xEC,0x7F,0x6C,0x00,0xB8,0xFF,
/*  262 */ 
0x00,0x00,0x18,0x33,0x18,0x33,0xF8,0xFF,0x3E,0x3F,0x18,0x1E,0x18,0x33,0x98,0x6D,
0xD8,0xCC,0xB8,0x7F,0x1E,0x0C,0x18,0x3F,0x98,0x6D,0x98,0x6D,0xD8,0xCC,0x1E,0x0F,
/*  263 */ 
0x00,0x00,0x80,0x01,0x80,0x01,0xFE,0xFF,0xF6,0xDF,0x9E,0xF3,0xFC,0x37,0xDE,0x1C,
0x70,0x18,0xF8,0x7F,0x0F,0xC0,0xFC,0x7F,0x30,0x0F,0x30,0x3B,0x18,0x73,0xEE,0xE1,
/*  264 */ 
0x00,0x00,0x00,0x06,0x60,0x0C,0x30,0x18,0x18,0x30,0xFE,0xFF,0xC0,0x18,0x60,0x18,
0x30,0x18,0x9C,0x19,0x80,0x0F,0x8C,0x61,0x8C,0x61,0x8C,0x61,0x8C,0x61,0xFC,0x7F,
/*  265 */ 
0x00,0x00,0x30,0x18,0x60,0x18,0x60,0x0C,0xFE,0xFF,0x80,0x01,0xFC,0x7F,0xC0,0x00,
0xC0,0x00,0xFE,0xFF,0x60,0x00,0xE0,0x7F,0x38,0x06,0x0E,0x06,0x00,0x06,0xF8,0xFF,
/*  266 */ 
0x00,0x00,0x00,0x06,0x00,0x0C,0xCC,0xFF,0x78,0xC0,0x60,0xC0,0x8E,0xFF,0x18,0x06,
0x18,0x06,0x18,0x06,0xD8,0xFF,0x18,0x06,0xD8,0xC6,0x78,0xC6,0x38,0xC6,0x00,0xFE,
/*  267 */ 
0x00,0x00,0x00,0x00,0x18,0xFF,0x98,0x01,0x98,0x01,0xFE,0x01,0x98,0xFF,0x98,0x19,
0xF8,0x19,0xB8,0x19,0x9E,0x1F,0x98,0x71,0x98,0xD9,0xD8,0x18,0xD8,0x18,0x7E,0x00,
/*  268 */ 
0x00,0x00,0x60,0x00,0x60,0x06,0xEC,0x77,0x6C,0x1E,0x6C,0xC6,0x6C,0xC6,0xEC,0xC7,
0x3E,0x7F,0x00,0x03,0xFE,0xFF,0x80,0x07,0xC0,0x0F,0x70,0x1B,0x1C,0x73,0x00,0xC3,
/*  269 */ 
0x00,0x00,0x00,0x00,0x7E,0x60,0x98,0x61,0xDE,0xFF,0x76,0x70,0x76,0x70,0x7E,0x78,
0xE0,0x78,0xF8,0x6C,0xCE,0x66,0xE0,0x63,0xB0,0x61,0xDC,0x60,0xC6,0x60,0xF8,0x3E,
/*  270 */ 
0x00,0x00,0x00,0x00,0x80,0x1F,0xCC,0x18,0xEC,0x3F,0xFE,0x66,0x6C,0x66,0xEC,0x7F,
0x0C,0x3F,0x3C,0x0F,0x9C,0xCD,0xCE,0xFB,0x6C,0x0E,0x0C,0x18,0x8C,0x07,0x0F,0x3C,
/*  271 */ 
0x00,0x00,0x00,0x00,0x0C,0x03,0x8C,0x39,0xCC,0x3F,0x3E,0x66,0xEC,0xFF,0x0C,0x1F,
0x8C,0x31,0xF8,0xE6,0x6E,0x33,0xCC,0x7D,0x0C,0x76,0x8C,0x3B,0x0C,0x0E,0xEF,0x03,
/*  272 */ 
0x00,0x00,0x80,0x61,0x18,0x33,0x18,0x33,0xFE,0xFF,0xFE,0xCC,0xFE,0xCC,0xFE,0xFF,
0xFE,0xCC,0xFE,0xCC,0xFE,0xFF,0x3C,0x0C,0xF8,0xFF,0x78,0x0C,0x7C,0x0C,0x66,0x0C,
/*  273 */ 
0x00,0x00,0x00,0x03,0x06,0x1F,0x86,0x19,0xFE,0x3F,0xE6,0x6D,0xFF,0x66,0xCC,0x66,
0x8C,0x3F,0x0C,0x8F,0x8C,0xCD,0xEC,0xFB,0x0C,0x0E,0x6C,0x18,0x38,0x0F,0x00,0x38,
/*  274 */ 
0x00,0x00,0x00,0x00,0x8C,0x1F,0xD8,0x0C,0xF8,0x3F,0x70,0x66,0x66,0x66,0xCC,0x7F,
0x0C,0x0F,0x8C,0x0D,0xCC,0xCC,0x7C,0x7B,0x6C,0x1E,0xBC,0x01,0x38,0x0F,0x00,0x38,
/*  275 */ 
0x00,0x00,0x00,0x06,0x18,0x0C,0xD8,0xFF,0xCC,0x7F,0xCC,0xCD,0xF6,0xCD,0xDE,0xFF,
0xD8,0xCD,0xCC,0xCD,0xCC,0x7F,0xFE,0x0C,0xEC,0x7F,0x60,0x0C,0x7C,0x0C,0xE6,0xFF,
/*  276 */ 
0x00,0x00,0x00,0x0C,0x0C,0x0C,0xFC,0xFF,0x06,0x63,0x06,0x66,0x3E,0x36,0x8C,0xFF,
0xCC,0x00,0xCC,0x00,0xFF,0x00,0xCC,0x00,0xCC,0x00,0xCC,0x00,0xFC,0x00,0x78,0x00,
/*  277 */ 
0x00,0x00,0x80,0x01,0x00,0x03,0xFC,0x7F,0x30,0x18,0x60,0x18,0x60,0x0C,0xF8,0xFF,
0x0C,0x00,0x0C,0x00,0x0C,0x00,0x0C,0x00,0x0C,0x00,0x06,0x00,0x06,0x00,0x06,0x00,
/*  278 */ 
0x00,0x00,0x00,0x00,0xF8,0xFF,0x18,0xC0,0x76,0xCC,0xC6,0xC6,0xF6,0xDF,0x9E,0xD9,
0xF6,0xDF,0x9E,0xD9,0xF6,0xDF,0x86,0xC1,0xFE,0xFF,0x86,0xC1,0x86,0xC1,0x86,0xF9,
/*  279 */ 
0x00,0x00,0x30,0x00,0xFE,0xFF,0x00,0x18,0xFE,0x19,0xFE,0xFF,0xDE,0xDF,0xFE,0xDF,
0xFE,0xDF,0x00,0xDE,0xFC,0xDF,0xFC,0xDF,0x86,0xDF,0xFC,0x7D,0x80,0xCF,0xFE,0xC6,
/*  280 */ 
0x00,0x00,0x00,0x00,0xFC,0x3F,0x0C,0x60,0xFC,0x7F,0x0C,0x60,0x0C,0x60,0xFC,0x3F,
0x00,0x00,0xFC,0x7F,0x06,0xC0,0x06,0xC0,0xFE,0xFF,0x06,0xC0,0x06,0xC0,0xFC,0x7F,
/*  281 */ 
0x00,0x00,0x00,0x00,0xF6,0x7F,0xFC,0x60,0xDC,0x60,0xDC,0x7F,0xDE,0x60,0xD8,0x7F,
0x18,0x00,0xF8,0xFF,0x7C,0xC0,0x77,0xC0,0xF8,0xFF,0x78,0xC0,0x78,0xC0,0xCE,0xFF,
/*  282 */ 
0x00,0x00,0x00,0x00,0x98,0x7F,0x18,0x30,0x18,0x18,0x18,0x0E,0x7E,0x03,0xD8,0xFF,
0x18,0xDB,0x18,0xDB,0x18,0xDB,0xF8,0xCD,0xF8,0xCC,0x6E,0xC6,0x30,0x63,0x80,0x7D,
/*  283 */ 
0x00,0x00,0x00,0x00,0xB0,0x19,0xE0,0x19,0xFE,0xFF,0x06,0xC0,0x06,0xC0,0xFE,0xFF,
0x00,0x00,0x00,0x00,0xFE,0xFF,0xC0,0x00,0x60,0x18,0x60,0x18,0x30,0x3C,0xF8,0x67,
/*  284 */ 
0x00,0x00,0x00,0x00,0x98,0x31,0xB0,0x19,0xFE,0xFF,0x06,0xC0,0xFE,0xFF,0x18,0x30,
0x18,0x30,0xF0,0x1F,0xF8,0x3F,0x8C,0x61,0x8C,0x61,0x8C,0x61,0x8C,0x61,0x0C,0x38,
/*  285 */ 
0x00,0x00,0x00,0x00,0x18,0x00,0x18,0x38,0x18,0x0C,0x18,0x06,0x98,0x03,0xF8,0x00,
0xFE,0xFF,0x98,0x01,0x98,0x01,0x18,0x03,0x18,0x06,0x18,0x0C,0x18,0x18,0xF8,0x71,
/*  286 */ 
0x00,0x00,0x18,0x06,0x78,0x36,0xCC,0x36,0xEC,0x7F,0x3C,0xC0,0x3C,0xC0,0xEE,0x3F,
0x0F,0x00,0x0C,0x00,0xEC,0x7F,0x8C,0x01,0x8C,0x19,0x8C,0x31,0xCC,0x7F,0x0C,0x60,
/*  287 */ 
0x00,0x00,0x00,0x00,0xFC,0x7F,0x66,0x30,0x66,0x18,0x66,0x0E,0x7C,0x03,0xE6,0xFF,
0x66,0xDE,0x66,0xDB,0x7C,0xDB,0xE6,0xCD,0xE6,0xCC,0xE6,0xC6,0x66,0x63,0x38,0x78,
/*  288 */ 
0x00,0x00,0x00,0x00,0xF8,0xFF,0x0C,0x00,0x0C,0x00,0x0C,0x00,0x0C,0x00,0x0C,0x00,
0x0C,0x00,0x0C,0x00,0x0C,0x00,0x0C,0x00,0x0C,0x00,0x06,0x00,0x06,0x00,0x06,0x00,
/*  289 */ 
0x00,0x00,0x30,0x0C,0xF6,0x0C,0xF6,0xFC,0x7C,0x66,0x7C,0x66,0xC6,0x67,0xB6,0x67,
0xFE,0x6F,0xEE,0x6D,0xEE,0x3D,0xEE,0x39,0xEE,0x39,0xBE,0x39,0x86,0x6D,0xE6,0xC7,
/*  290 */ 
0x00,0x00,0x18,0x00,0x98,0x7F,0x18,0x60,0x7E,0x38,0x7E,0x0C,0x7E,0x07,0xFE,0xFF,
0x7E,0xDE,0x7E,0xDB,0x7E,0xDB,0xFE,0xCD,0xFE,0xCD,0xD8,0xC6,0x78,0xC3,0x18,0x7C,
/*  291 */ 
0x00,0x00,0x00,0x00,0xC0,0x7F,0xFE,0x60,0xF6,0x60,0xF6,0x7F,0xF6,0x60,0xF6,0x7F,
0xB6,0x01,0xF6,0xFF,0x76,0xC0,0x76,0xC0,0xF6,0xFF,0x7E,0xC0,0x60,0xC0,0xC0,0xFF,
/*  292 */ 
0x00,0x00,0x18,0x00,0xF8,0x7F,0x78,0x60,0xEC,0x7F,0x6C,0x60,0x6C,0x60,0xCE,0x7F,
0x0E,0x00,0xEC,0xFF,0x6C,0xC0,0x6C,0xC0,0xEC,0xFF,0x6C,0xC0,0x6C,0xC0,0xEC,0xFF,
/*  293 */ 
0x00,0x00,0x30,0x00,0x30,0x7F,0xFE,0xC6,0x30,0xC6,0x30,0xC6,0xFE,0xC3,0x30,0xFF,
0xBC,0x31,0x3C,0xFF,0xFC,0xC3,0x3C,0xC3,0x3E,0xC3,0x3E,0xFF,0x76,0x00,0xC0,0xFF,
/*  294 */ 
0x00,0x00,0x00,0x00,0x18,0x06,0xD8,0x36,0xD8,0x36,0xFF,0x66,0xD8,0x66,0xD8,0x66,
0xF8,0xC6,0xF8,0xC6,0x1E,0xE6,0x18,0x36,0x18,0x30,0x18,0x18,0x18,0x0E,0xFE,0x03,
/*  295 */ 
0x00,0x00,0x00,0x00,0x0C,0x0C,0x7C,0x3F,0x06,0x6F,0x86,0x6D,0x80,0x6D,0xFE,0xCD,
0x98,0xCD,0xD8,0xCC,0x7E,0x6C,0x18,0x6C,0x18,0x30,0x18,0x18,0x78,0x0C,0xF8,0x07,
/*  296 */ 
0x00,0x00,0x30,0x00,0x30,0xFE,0xFE,0xC7,0x30,0xC6,0xFC,0xC7,0x86,0xFF,0x86,0xC7,
0xFE,0xC7,0x86,0xC7,0xFE,0xFF,0x30,0xC6,0x30,0xC6,0xFE,0xC3,0x30,0xC3,0xB0,0xF9,
/*  297 */ 
0x00,0x00,0x80,0x01,0x9E,0xF9,0xFE,0xDF,0x9E,0xD9,0xFE,0xDF,0x7E,0xFE,0x7E,0xDE,
0xFE,0xDF,0x7E,0xDE,0x7E,0xFE,0xDE,0xDF,0x9E,0xD9,0xFE,0xDF,0x9E,0xCD,0x8C,0xFD,
/*  298 */ 
0x00,0x00,0xC0,0x00,0xC6,0xF8,0xFC,0xCF,0xD8,0xCC,0xF0,0xCF,0x36,0xFF,0x3C,0xCF,
0xFC,0xCF,0x3C,0xCF,0x38,0xFF,0xEC,0xCD,0xCC,0xCC,0xFC,0xCF,0xC6,0xC6,0xC6,0xF6,
/*  299 */ 
0x00,0x00,0x00,0x03,0x18,0x33,0x8C,0x19,0x18,0x33,0xF0,0x1F,0x98,0x31,0x8C,0x31,
0xFC,0x3F,0x8C,0x31,0xF8,0x3F,0xFE,0xFF,0x80,0x03,0xE0,0x0F,0xB8,0x39,0x0E,0xE0,
/*  300 */ 
0x00,0x00,0x00,0x06,0x00,0x06,0xBE,0x37,0xB6,0x37,0xF6,0x66,0xF6,0x66,0xF6,0x66,
0xF6,0xC6,0x76,0xE6,0x76,0xE6,0x36,0x36,0x36,0x30,0x1C,0x18,0x00,0x0E,0xF0,0x03,
/*  301 */ 
0x00,0x00,0x00,0x00,0x18,0x0C,0x78,0x3F,0xFE,0x3D,0xFE,0x6D,0xBE,0x6D,0xBE,0x6D,
0xDE,0xCC,0xD8,0xEC,0x18,0xEC,0x18,0x3C,0x3C,0x30,0x6C,0x18,0x66,0x0C,0xF6,0x07,
/*  302 */ 
0x00,0x00,0x00,0x00,0x60,0x00,0xFE,0x7F,0x60,0x00,0x30,0x00,0x30,0x03,0x18,0x03,
0xF8,0x3F,0x00,0x03,0x00,0x03,0x00,0x03,0xFE,0x7F,0x00,0x03,0x00,0x03,0x00,0x03,
/*  303 */ 
0x00,0x00,0x00,0x00,0x18,0x0C,0x18,0x0C,0x18,0x0C,0xFE,0x0D,0x98,0xFD,0x98,0x0D,
0x98,0x0D,0xB8,0x0D,0x9C,0x0D,0x9E,0x0D,0x98,0x0D,0x98,0x0D,0x98,0x0D,0xFE,0xFF,
/*  304 */ 
0x00,0x00,0x00,0x00,0x8C,0x19,0xFC,0xFF,0xCC,0xD8,0x7F,0xDB,0xEC,0xDF,0x0C,0x7E,
0xEC,0x7F,0x7C,0x76,0xEE,0x77,0x6C,0x66,0xEC,0x77,0x6C,0xF6,0x6C,0xDE,0xEE,0x8F,
/*  305 */ 
0x00,0x00,0x60,0x00,0x6C,0x6C,0xFC,0x6D,0xFE,0x6F,0x60,0x6C,0xFC,0x6F,0x66,0x63,
0xE6,0x7B,0x30,0x78,0xFC,0x0F,0xFC,0x7F,0x00,0x03,0xFE,0xFF,0x00,0x03,0xF0,0x03,
/*  306 */ 
0x00,0x00,0x00,0x00,0xD8,0x00,0xCC,0xFE,0xCC,0xD8,0xC6,0xD8,0xF8,0xDB,0xD8,0xD8,
0xCC,0xD8,0xCE,0xD8,0xCC,0xCE,0xCC,0xCF,0xCC,0xCD,0xCC,0xC6,0x0C,0xC6,0x0C,0x7B,
/*  307 */ 
0x00,0x00,0x00,0x18,0x86,0x19,0xFC,0xFF,0x78,0x7B,0x60,0x7E,0xF6,0x7F,0x0C,0x7C,
0xE0,0x7F,0x30,0x76,0xF8,0x77,0x3C,0x76,0xEC,0x77,0x3C,0x76,0x36,0xDE,0x80,0x0F,
/*  308 */ 
0x00,0x00,0x00,0x00,0x18,0x78,0x98,0x79,0x98,0x79,0xFE,0x7F,0x98,0x7B,0xBC,0x3B,
0xFC,0x7F,0xFC,0x7F,0xFE,0xDF,0xFE,0xD9,0xF8,0xD9,0x98,0xD9,0x98,0x79,0x18,0x18,
/*  309 */ 
0x00,0x00,0x00,0x00,0xFC,0xFF,0x86,0x01,0x86,0x01,0x86,0x01,0xFE,0x3F,0x06,0x60,
0x06,0x60,0x06,0x60,0x06,0x60,0xFE,0x3F,0x86,0x01,0x86,0x01,0x86,0x01,0xFC,0x7F,
/*  310 */ 
0x00,0x00,0x00,0x00,0xFC,0xFF,0x0C,0x00,0x0C,0x00,0xFC,0x7F,0x0C,0x00,0xFC,0xFF,
0x3C,0x03,0x3C,0x03,0x3C,0x66,0x36,0x3E,0x36,0x0C,0x36,0x18,0x36,0x33,0xE0,0xE1,
/*  311 */ 
0x00,0x00,0x00,0x00,0x80,0x01,0xB0,0x19,0xB0,0x31,0x98,0x61,0x98,0x61,0x8C,0xC1,
0x80,0x01,0x80,0x01,0x80,0x01,0xFC,0x7F,0x80,0x01,0x80,0x01,0x80,0x01,0xFE,0xFF,
/*  312 */ 
0x00,0x00,0x00,0x00,0xFC,0x7F,0x0C,0x60,0xFC,0x7F,0xFC,0x7F,0x00,0x30,0xFC,0xFF,
0x06,0x00,0xFE,0x7F,0x06,0x00,0xFC,0xFF,0xB6,0x31,0x36,0x1F,0x36,0x0F,0xF6,0xF9,
/*  313 */ 
0x00,0x00,0x00,0x00,0x18,0x0C,0x98,0x7F,0xFE,0xCC,0xFE,0xC6,0xFE,0xC6,0xFE,0xC6,
0x7E,0x0E,0x1E,0x0E,0x18,0x0E,0x18,0x0F,0x18,0xCF,0x98,0xCD,0xD8,0xCC,0x78,0xF8,
/*  314 */ 
0x00,0x00,0x00,0x00,0xEE,0x7F,0x78,0xC0,0x70,0xC0,0x60,0x60,0x80,0x1F,0x8E,0x19,
0x98,0x19,0x80,0x19,0x80,0x19,0x98,0x19,0xCC,0xD8,0xCC,0xD8,0xC6,0xD8,0x70,0xF0,
/*  315 */ 
0x00,0x00,0x00,0x00,0x3E,0x03,0xF6,0xFF,0x1E,0x03,0x9E,0x0D,0x9E,0x0D,0xDE,0x0C,
0xF6,0xFF,0x36,0x0C,0xB6,0x3D,0xBE,0x6D,0x86,0x6D,0xC6,0xCC,0x66,0xCC,0x86,0x0F,
/*  316 */ 
0x00,0x00,0x00,0x00,0x18,0x1C,0xFE,0x1E,0x18,0x36,0x18,0x63,0xFE,0xD9,0x18,0x0C,
0x18,0x37,0x1E,0x18,0xF6,0x6E,0x9E,0x33,0x1E,0x1C,0xDE,0x07,0x36,0x00,0xE0,0xFF,
/*  317 */ 
0x00,0x00,0x00,0x00,0x0C,0x00,0x18,0x30,0xD8,0xFF,0x3E,0x30,0x30,0x30,0xF8,0x31,
0x78,0x33,0x3C,0x36,0x7E,0x36,0x78,0x30,0x18,0x30,0x18,0x30,0x18,0x30,0x18,0x3E,
/*  318 */ 
0x00,0x00,0x00,0x00,0x98,0x37,0x98,0x37,0xD8,0xFF,0x7E,0xFF,0x98,0xF1,0x98,0x3F,
0x18,0x03,0xF8,0x3F,0x1F,0x0C,0xD8,0xFF,0x18,0x0C,0xF8,0xFF,0x18,0x0C,0x9E,0x0F,
/*  319 */ 
0x00,0x00,0x00,0x00,0x3E,0x03,0x98,0x01,0x98,0xFF,0xFE,0xCD,0xD8,0xCC,0x38,0xCC,
0x3C,0x6F,0xFC,0x6D,0x9E,0x6D,0x9B,0xCD,0xD8,0xCC,0xD8,0x0C,0x18,0x0C,0x18,0x0F,
/*  320 */ 
0x00,0x00,0x00,0x0C,0x0C,0x6C,0xCC,0x7F,0x6C,0xCC,0x6C,0x0C,0x7E,0x6C,0xEC,0x6F,
0x6C,0x7E,0x6C,0x3E,0x6C,0x3E,0x7C,0x3E,0x7C,0xFB,0xEE,0xFF,0x60,0xF6,0x30,0xE3,
/*  321 */ 
0x00,0x00,0x00,0x00,0xD8,0x3F,0xF8,0xDE,0x98,0x7B,0xBE,0x71,0xF8,0xFF,0x3C,0x00,
0xBC,0x7F,0xDE,0x60,0xDE,0x60,0xD8,0x7F,0x18,0x00,0x18,0x1B,0x18,0x1B,0xD8,0xFF,
/*  322 */ 
0x00,0x00,0x00,0x00,0x00,0x66,0x00,0x66,0xFC,0xFF,0x06,0xC6,0x06,0x06,0xFC,0x36,
0xC6,0x36,0xC6,0x1E,0xC6,0x1C,0xC6,0x0C,0xDE,0xCE,0x76,0xDB,0xC6,0xF1,0x63,0xE0,
/*  323 */ 
0x00,0x00,0x00,0x00,0xF8,0x3F,0x0C,0x30,0x0C,0x30,0x0C,0x30,0xF8,0x3F,0x00,0x00,
0xFC,0x7F,0x80,0x01,0x80,0x01,0x80,0x01,0xFC,0x3F,0x80,0x01,0x80,0x01,0xFE,0xFF,
/*  324 */ 
0x00,0x00,0x00,0x00,0xFC,0x3F,0x80,0x01,0x80,0x01,0xFE,0xFF,0xE0,0x6D,0xFE,0x7D,
0xE0,0x1D,0xF0,0xCD,0xFE,0xCF,0xE0,0x7F,0xE0,0x0D,0xB0,0x19,0x9C,0x71,0x06,0xC0,
/*  325 */ 
0x00,0x00,0x00,0x00,0xB8,0xFF,0xDE,0xC0,0xD8,0xC0,0xD8,0xC0,0xFE,0x7F,0x38,0x00,
0xF8,0xFF,0x7C,0x0C,0x1E,0x0C,0xDE,0xFF,0x18,0x0C,0x18,0x0C,0x18,0x0C,0xD8,0xFF,
/*  326 */ 
0x00,0x00,0x00,0x00,0xD8,0x7F,0x0C,0x06,0x36,0x06,0x30,0x06,0xD8,0x3C,0xDC,0x06,
0xDE,0x06,0xF8,0xFF,0x18,0x00,0x8C,0x01,0x3C,0x63,0x3C,0xC3,0x36,0xDE,0xE6,0x1F,
/*  327 */ 
0x00,0x00,0x00,0x00,0xE6,0x3F,0x6C,0x1F,0xD8,0x79,0xC0,0x30,0xE0,0x7F,0x36,0xC0,
0xCC,0x3F,0x60,0x60,0x78,0x60,0xF8,0x7F,0xCC,0x18,0x8C,0x19,0x86,0x19,0xF6,0xFF,
/*  328 */ 
0x00,0x00,0x00,0x00,0x0C,0x78,0x18,0x78,0xC0,0xFF,0x60,0x18,0x6F,0x18,0xCC,0x7F,
0x6C,0x7E,0x6C,0x7E,0x6C,0x7E,0x6C,0x36,0x6C,0x3E,0xFC,0xFB,0x78,0xEE,0x30,0xE3,
/*  329 */ 
0x00,0x00,0x00,0x00,0xF8,0x1F,0x00,0x0C,0x80,0x0F,0xDE,0xD8,0xF8,0x7F,0x98,0x79,
0x98,0x39,0xF8,0x3F,0x18,0x33,0x0C,0x33,0xFC,0x6F,0x06,0xC3,0x33,0xC3,0xE0,0x01,
/*  330 */ 
0x00,0x00,0x00,0x00,0xCC,0x7F,0x78,0x60,0x70,0x60,0x60,0x60,0xDE,0x3F,0x18,0x00,
0xF8,0x7F,0x18,0x06,0xD8,0x7F,0x18,0x06,0x18,0x06,0xF8,0xFF,0x3C,0x00,0xE6,0xFF,
/*  331 */ 
0x00,0x00,0x00,0x00,0x7E,0x7F,0xE0,0xCD,0xEC,0xCD,0xEC,0xFF,0xE6,0xCD,0xE6,0xFF,
0x7C,0x00,0xC0,0xFF,0xC0,0x03,0xF0,0xFF,0xDE,0xC0,0xC0,0xC0,0xC0,0xC0,0x78,0x7F,
/*  332 */ 
0x00,0x00,0x60,0x00,0xF8,0xFF,0x1E,0x0C,0x98,0xCD,0x98,0x6D,0xFE,0x6D,0x38,0x6F,
0x38,0x3F,0x7C,0x0C,0xDC,0xFF,0x1E,0x0C,0x18,0x0C,0x18,0x0C,0x18,0x0C,0x18,0x0C,
/*  333 */ 
0x00,0x00,0x00,0x00,0x9C,0x01,0xB6,0xFF,0xF6,0x00,0xF6,0x00,0xF6,0x3F,0x36,0x30,
0x36,0x18,0x36,0x0C,0x36,0x06,0x36,0xC3,0xB6,0xC1,0xF6,0xC0,0xFE,0xC0,0xCC,0x7F,
/*  334 */ 
0x00,0x00,0x00,0x03,0x00,0x03,0xFB,0xFF,0x7E,0x00,0x7E,0xF8,0xFE,0xDB,0xBC,0xD9,
0xB8,0xD9,0x9C,0xD9,0xFE,0xDF,0xD8,0xD9,0xCC,0xDB,0x6C,0xDB,0x66,0xDE,0x3E,0x7E,
/*  335 */ 
0x00,0x00,0x00,0x00,0x18,0x06,0xD8,0x7F,0x18,0x06,0x3E,0x06,0xD8,0xFF,0x18,0x30,
0x18,0x30,0xF8,0xFF,0x1E,0x30,0x98,0x31,0x18,0x33,0x18,0x36,0x18,0x30,0x0E,0x3F,
/*  336 */ 
0x00,0x00,0x00,0x00,0xFE,0x07,0x86,0x07,0xFE,0x67,0x86,0x37,0x86,0x1F,0xFC,0x0E,
0xFE,0x07,0x30,0xC7,0x3C,0xC6,0xEC,0xC7,0x3C,0x67,0x3E,0x7C,0x36,0x00,0xE3,0xFF,
/*  337 */ 
0x00,0x00,0x00,0x00,0x00,0x06,0xDC,0x66,0xF8,0xFE,0xC0,0xCF,0xC0,0xC7,0xFE,0xC6,
0xD8,0xC6,0xC0,0xC6,0xC0,0x66,0xF0,0x7E,0xD8,0xC0,0xCC,0xC0,0xCC,0xC0,0xC6,0xFF,
/*  338 */ 
0x00,0x00,0x00,0x00,0x8C,0x3F,0xCC,0x60,0xD8,0x60,0xC0,0x60,0xC6,0x7F,0xDC,0x00,
0xD8,0x07,0xD8,0x0E,0x78,0x18,0x78,0x30,0x78,0x60,0x38,0x00,0x3C,0x00,0xE7,0xFF,
/*  339 */ 
0x00,0x00,0x00,0x00,0x7E,0x0C,0xE0,0x0D,0xE0,0x6D,0xE0,0xFD,0xFC,0xCF,0xE6,0xCD,
0x86,0xCD,0xBE,0xCD,0xE0,0x6D,0xE0,0x3D,0xE0,0x0D,0xE0,0xC1,0xE6,0xC1,0x3C,0xFF,
/*  340 */ 
0x00,0x00,0x00,0x0C,0xFE,0x0D,0xE6,0x6D,0xE6,0x7D,0xE6,0x6F,0xB6,0x6F,0xB6,0x6D,
0xFC,0x6D,0xC0,0x6D,0xC0,0x7D,0xF8,0x0D,0xCF,0xCD,0xC0,0xC1,0xE0,0xC1,0x3C,0x7F,
/*  341 */ 
0x00,0x00,0x00,0x18,0xFE,0x18,0x66,0x18,0x66,0x1B,0x66,0x1B,0x7C,0xFB,0x66,0x1B,
0x66,0x1B,0x7C,0x1B,0x66,0x1B,0x66,0x1B,0x66,0x1B,0xF6,0x1B,0x7E,0x1B,0xE0,0xFF,
/*  342 */ 
0x00,0x00,0x00,0x00,0x98,0x01,0x18,0x7F,0x98,0x01,0x98,0x01,0x98,0x01,0xFE,0xFF,
0x8C,0x61,0x8C,0x61,0x8C,0x63,0xCC,0x66,0x6C,0x7C,0x3C,0x70,0x1C,0x60,0xFC,0x7F,
/*  343 */ 
0x00,0x00,0x18,0x00,0x98,0x3F,0xD8,0xE0,0xEC,0x60,0xBC,0x63,0x0C,0x36,0x0E,0x1C,
0xFE,0x07,0x0C,0xFF,0x8C,0xC1,0xCC,0xC0,0xEC,0xC3,0x3C,0x6E,0x0C,0x38,0xFC,0x0F,
/*  344 */ 
0x00,0x00,0x00,0x00,0xFC,0x7F,0x0C,0x60,0x0C,0x60,0x0C,0x60,0x0C,0x60,0xFC,0x7F,
0x8C,0x01,0x0C,0x03,0x0C,0x03,0x0C,0x06,0x0C,0x0C,0x06,0x18,0x06,0x30,0x03,0xE0,
/*  345 */ 
0x00,0x00,0x00,0x00,0x80,0x01,0xFC,0x3F,0x80,0x01,0x80,0x01,0xFE,0xFF,0x60,0x06,
0x60,0x06,0x78,0x36,0x78,0x36,0x6C,0x66,0x6C,0x66,0x66,0x66,0x30,0x06,0xB0,0x07,
/*  346 */ 
0x00,0x00,0x00,0x00,0xD8,0xFF,0x7E,0xC6,0xD8,0xDE,0x98,0xF7,0x3E,0xF7,0x66,0xE6,
0x66,0xC7,0xEC,0xF7,0xBC,0xF7,0xFC,0xDE,0xD8,0xDE,0xB8,0xF7,0x6C,0x60,0xC7,0xFF,
/*  347 */ 
0x00,0x00,0x00,0x00,0xF8,0x3F,0x0C,0x00,0x0C,0x00,0x0C,0x00,0xFC,0xFF,0x0C,0x06,
0xCC,0x07,0x0C,0x07,0x0C,0x0E,0x0C,0x1E,0x0C,0x36,0x0C,0xE6,0x06,0x06,0x06,0x06,
/*  348 */ 
0x00,0x00,0x00,0x00,0x98,0x7F,0xF8,0x60,0xFE,0x60,0xFE,0x60,0xFE,0x60,0xDE,0x60,
0xDE,0x60,0x98,0x7F,0x18,0x00,0x1C,0x1B,0xBC,0x31,0xEC,0x61,0xC6,0xC0,0x66,0xC0,
/*  349 */ 
0x00,0x00,0x80,0x01,0x80,0x01,0xFE,0xFF,0xC0,0x0C,0x60,0x18,0x60,0x30,0x30,0x60,
0xFC,0x7F,0x60,0xC6,0x60,0x06,0x60,0x06,0x60,0xC6,0x30,0xC6,0x18,0xC6,0x0E,0xFE,
/*  350 */ 
0x00,0x00,0x00,0x06,0x06,0x06,0xCC,0x3F,0x6C,0xE6,0x6C,0xC6,0x60,0xC6,0x60,0xC6,
0x60,0xC6,0x78,0xC6,0xD8,0x7F,0x0C,0x06,0x0C,0x06,0x06,0x06,0x06,0x06,0x00,0x06,
/*  351 */ 
0x00,0x00,0x80,0x01,0x80,0x01,0x80,0x01,0xFC,0x7F,0x8C,0x61,0x8C,0x61,0x8C,0x61,
0x8C,0x61,0x8C,0x61,0xFC,0x7F,0x80,0x01,0x80,0x61,0x80,0xC1,0x80,0xFF,0xFE,0x00,
/*  352 */ 
0x00,0x00,0x00,0x03,0x0C,0x63,0x0C,0x63,0xFC,0x7F,0x80,0x01,0xFC,0x7F,0x06,0xC0,
0xFE,0xFF,0x06,0xC0,0x00,0x00,0xFC,0x7F,0x00,0x03,0x30,0x1B,0x1C,0x73,0xE6,0xC1,
/*  353 */ 
0x00,0x00,0x80,0x01,0x00,0x03,0xFE,0xFF,0xC6,0xCE,0xC6,0xD8,0xC0,0x00,0xFE,0xFF,
0xC0,0x03,0xC0,0x33,0x60,0x1B,0x60,0x0F,0x30,0xC7,0x18,0xC3,0xCC,0xC3,0x06,0xFF,
/*  354 */ 
0x00,0x00,0x00,0x00,0x18,0x0C,0x18,0x0C,0x18,0x0C,0xFE,0xFF,0xD8,0xCC,0xD8,0xCC,
0xD8,0xCC,0xF8,0xCC,0xDE,0xFF,0xD8,0xCC,0xD8,0xCC,0xD8,0xCC,0xD8,0xCC,0x9E,0x7F,
/*  355 */ 
0x00,0x00,0x00,0x00,0xFE,0xC6,0x38,0xDE,0x38,0xDE,0xFE,0xDF,0xFE,0xFF,0xFE,0xFF,
0xFE,0xFF,0xFE,0xFF,0xEE,0xDE,0xC6,0xDE,0xC6,0xDE,0xFE,0xDE,0xC6,0xC3,0xFE,0xC3,
/*  356 */ 
0x00,0x00,0x00,0x00,0x3E,0x06,0xFE,0xFF,0x7E,0x06,0xFE,0xFF,0x7E,0x06,0xFE,0xFF,
0x7E,0x06,0x7E,0x63,0x7E,0xFF,0xFE,0x67,0xFE,0x6D,0xFE,0x60,0x7E,0x60,0x3C,0x3C,
/*  357 */ 
0x00,0x00,0x00,0x00,0x3E,0x06,0xF6,0xFF,0x36,0x06,0xF6,0xFF,0x36,0x06,0x3C,0x03,
0xD8,0xFF,0x1E,0x63,0xFE,0xFF,0x9E,0x67,0xDE,0x6C,0x1E,0x78,0x3E,0x60,0x0E,0x7C,
/*  358 */ 
0x00,0x00,0x00,0x00,0xB8,0xFF,0xDE,0xCC,0xD8,0xCC,0xD8,0xFF,0xFE,0xCC,0xD8,0xFF,
0xF8,0xC0,0xFC,0xFF,0xDE,0xF3,0xDE,0xF3,0xD8,0xF3,0xD8,0xFF,0x78,0xC0,0x78,0xF8,
/*  359 */ 
0x00,0x00,0x00,0x00,0xFE,0x18,0x30,0x1B,0xFE,0x7B,0xB0,0x7B,0x78,0x1B,0xFC,0x1C,
0x36,0x36,0x30,0xE3,0x30,0x00,0xEC,0x31,0x6C,0x33,0x6C,0x7E,0x6C,0xD8,0xE0,0xDF,
/*  360 */ 
0x00,0x00,0x18,0x06,0xF8,0x7E,0xBC,0x1B,0xE0,0x19,0xFC,0x7F,0xC0,0x00,0xFC,0x7F,
0xC0,0x00,0xFE,0xFF,0x60,0x18,0xF0,0xFF,0x78,0x18,0xCE,0x19,0x00,0x1B,0x00,0x1E,
/*  361 */ 
0x00,0x00,0x00,0x00,0x98,0x01,0x98,0x01,0x98,0x01,0xFC,0x3F,0x8C,0x31,0x8E,0x31,
0x8F,0x31,0x8C,0x31,0x8C,0x31,0x8C,0x31,0xCC,0x30,0xCC,0xF0,0x6C,0xF0,0x3C,0xF0,
/*  362 */ 
0x00,0x00,0x00,0x00,0x98,0xFF,0xCC,0xCC,0xCC,0xCC,0xEC,0xFF,0xF6,0xCC,0xFE,0xFF,
0xD8,0xC0,0xCC,0xFE,0xFC,0xF3,0xDE,0xF3,0xC0,0xF3,0xF8,0xFE,0x6E,0xC0,0x60,0xF8,
/*  363 */ 
0x00,0x00,0x00,0x00,0x0C,0x37,0xFE,0xFD,0xB6,0xFD,0xB6,0xFD,0xFE,0xFF,0xB6,0xFF,
0xB6,0x33,0xF6,0x37,0xFE,0x39,0xF6,0x79,0xB6,0x79,0xB6,0x6D,0x9E,0xCD,0x80,0x87,
/*  364 */ 
0x00,0x00,0x00,0x00,0xFC,0x7F,0xC0,0x60,0xC0,0x60,0xC0,0x60,0xC0,0x60,0xC0,0x60,
0xFC,0x7F,0xC0,0x30,0xC0,0x30,0x60,0x30,0x60,0x30,0x60,0x30,0x60,0x30,0xFF,0xFF,
/*  365 */ 
0x00,0x00,0x80,0x01,0xF0,0x1F,0x1C,0x30,0x0C,0x30,0xFC,0x3F,0x0C,0x30,0xFC,0x3F,
0x0C,0x30,0xF8,0x3F,0x80,0x0D,0xFE,0xFF,0x80,0x03,0xC0,0x06,0x70,0x1C,0x1E,0xF0,
/*  366 */ 
0x00,0x00,0x00,0x00,0x98,0x3F,0x30,0xE6,0x3E,0xC6,0x60,0xC6,0x60,0xC6,0xB0,0xC7,
0xD8,0xC6,0x7C,0xC6,0xDE,0xC6,0x18,0xC3,0x18,0xC3,0x18,0xC3,0x98,0x61,0xD8,0x7C,
/*  367 */ 
0x00,0x00,0x00,0x00,0x80,0x01,0x80,0x01,0x86,0x61,0x86,0x61,0x86,0x61,0x86,0x61,
0xFC,0x7F,0x80,0x01,0x86,0xC1,0x86,0xC1,0x86,0xC1,0x86,0xC1,0x86,0xC1,0xFE,0xFF,
/*  368 */ 
0x00,0x00,0x0C,0x00,0xEC,0xFF,0x6C,0x60,0xFE,0x6F,0x7C,0x60,0xFC,0xFF,0xFC,0x6C,
0xEE,0x7C,0xEE,0x7C,0xEF,0x77,0xEC,0x76,0xEC,0x77,0xBC,0x7F,0x3C,0x6F,0xFC,0x79,
/*  369 */ 
0x00,0x00,0x00,0x00,0xFC,0xFF,0x06,0x60,0xFE,0x63,0x06,0x60,0xF6,0xFF,0x1E,0x63,
0x1E,0x6F,0x1E,0x6F,0xFE,0x7B,0x06,0x7B,0xB6,0x61,0xB6,0x61,0xF3,0x67,0x7F,0x7C,
/*  370 */ 
0x00,0x00,0x00,0x30,0x3E,0x33,0xF6,0xFF,0x36,0x37,0xF6,0xFF,0x36,0x66,0x1C,0x3E,
0xDE,0xFF,0x1E,0x07,0xFE,0x7F,0xFE,0xC1,0x9E,0xC1,0xFE,0xFF,0xBE,0xC1,0x87,0xFF,
/*  371 */ 
0x00,0x00,0x00,0x00,0xC6,0x1F,0xFE,0x1E,0xC6,0xFE,0xC3,0xDE,0xFE,0xDF,0xCC,0xDE,
0xCC,0xDE,0xFE,0xDE,0xCC,0xDF,0xCC,0xDE,0xCC,0xDE,0xCC,0xDE,0xFC,0xCF,0x78,0x7C,
/*  372 */ 
0x00,0x00,0x00,0x00,0x18,0x1E,0x7C,0x1B,0x6C,0xFF,0xE6,0x1B,0xB6,0x1B,0xFE,0x1B,
0xC0,0xFF,0xC0,0x1B,0xC0,0x1B,0xFE,0xFF,0xC0,0x1B,0xC0,0x1B,0xC0,0x1B,0x7E,0xFF,
/*  373 */ 
0x00,0x00,0x00,0x00,0xF6,0x1C,0xFC,0x3C,0xF8,0x66,0xF0,0xC3,0xF3,0x7F,0x7E,0x18,
0xF8,0x18,0xB0,0xFF,0xBC,0x19,0xFC,0x7E,0x3C,0x7B,0x36,0xDB,0xB6,0xD9,0x30,0x1E,
/*  374 */ 
0x00,0x00,0x00,0x00,0x3E,0x0E,0x36,0x1B,0xB6,0x71,0xFE,0xC0,0xDE,0x7F,0x1E,0x06,
0x36,0x06,0xF6,0xFF,0x36,0x06,0xBE,0x37,0xDE,0x66,0x66,0xC6,0x36,0xC6,0x86,0x07,
/*  375 */ 
0x00,0x00,0x30,0x00,0x30,0x0C,0xFE,0xFF,0x78,0x3C,0xF8,0x6E,0xFC,0x6F,0xB7,0x0D,
0xFE,0x7F,0x80,0x61,0xB0,0x61,0xB0,0x01,0x38,0x7F,0xF8,0x01,0xCC,0x01,0x86,0xFF,
/*  376 */ 
0x00,0x00,0x00,0x00,0x00,0x0C,0xBE,0x6D,0x8C,0x6D,0x8C,0x6D,0x8C,0x6D,0xBC,0x6D,
0xB6,0x7F,0x37,0x6C,0x37,0xCC,0xF6,0xCC,0xF6,0xCC,0xF6,0xCC,0xF6,0xCC,0xBC,0xFF,
/*  377 */ 
0x00,0x00,0x18,0x0C,0x78,0xCC,0xEC,0x7F,0xCC,0x6C,0x0C,0x3C,0xFC,0xFF,0x6E,0x18,
0x6E,0x3E,0x6F,0x67,0xEC,0x67,0x6C,0x66,0x6C,0x7E,0xEC,0x67,0xEC,0x66,0x0C,0x7E,
/*  378 */ 
0x00,0x00,0x80,0x01,0xFE,0xFF,0xF8,0x3F,0xF8,0x3F,0xF8,0x3F,0xF8,0x3F,0xFE,0x7F,
0x30,0x18,0xFE,0xFF,0xFC,0x7E,0xFC,0x7E,0xC6,0x63,0xFE,0x7F,0xFC,0x7E,0xFE,0xFF,
/*  379 */ 
0x00,0x00,0x00,0x06,0x18,0x0C,0xF8,0xFF,0x18,0x33,0xBE,0x19,0x98,0x0F,0x18,0x66,
0x98,0xFF,0x38,0xC0,0xDE,0x7F,0xD8,0x6C,0xD8,0x7F,0xD8,0x6C,0xD8,0x6C,0xDE,0x7F,
/*  380 */ 
0x00,0x00,0x18,0x18,0x38,0x18,0x6C,0x18,0x66,0x7F,0x7E,0x7B,0xDE,0x7B,0xDE,0x7B,
0xFE,0x7B,0xDE,0x7B,0xDE,0x7F,0xFE,0x18,0xDE,0x18,0xDE,0x78,0xDE,0xF8,0xF6,0xCF,
/*  381 */ 
0x00,0x00,0x18,0x00,0x18,0x0C,0x18,0x0C,0xF8,0x0D,0x18,0x1B,0x9C,0x3D,0x9C,0x3D,
0x9E,0x6D,0xB6,0xCD,0xF0,0x0C,0x70,0x0C,0x60,0x0C,0xF0,0x00,0x9C,0x03,0x06,0xFE,
/*  382 */ 
0x00,0x00,0x00,0x00,0x6C,0xC6,0x6C,0xC6,0x7F,0xC6,0xCC,0x7F,0x0C,0x00,0xEC,0xFF,
0x0C,0x03,0xDC,0xFF,0x6E,0xDB,0x6C,0xDB,0x6C,0xDB,0x6C,0xDB,0x6C,0xDB,0x6F,0xFB,
/*  383 */ 
0x00,0x00,0x00,0x60,0x0C,0x60,0x8C,0x61,0x8C,0x61,0x8C,0x61,0x8C,0x61,0x8C,0x61,
0x8C,0x61,0x8C,0x61,0x8C,0x61,0x8C,0x61,0x8C,0x61,0x86,0x61,0x06,0x60,0x06,0x60,
/*  384 */ 
0x00,0x00,0x00,0x00,0x00,0x03,0xFC,0xFF,0x66,0xCE,0x36,0x78,0x1E,0x70,0xFC,0x7F,
0x18,0x0C,0x18,0x0C,0xF8,0xFF,0x30,0x0E,0x00,0x0F,0xC0,0x0D,0x78,0x0C,0x8E,0x0F,
/*  385 */ 
0x00,0x00,0x18,0x00,0x98,0x1F,0x98,0x71,0x98,0x61,0x3C,0x3F,0xFC,0xFF,0x3C,0x06,
0x3C,0x67,0xDE,0x3D,0x1E,0x3F,0x9B,0x3D,0xF8,0x7E,0x18,0x7B,0xD8,0xD9,0x18,0x0F,
/*  386 */ 
0x00,0x00,0x00,0x00,0x18,0x03,0x18,0x03,0xF8,0x7F,0x0C,0x03,0x0C,0x03,0xFC,0xFF,
0x8E,0x01,0x8F,0x7F,0x0C,0xC3,0x0C,0x60,0x8C,0x31,0x0C,0x1F,0x0C,0x0C,0x0C,0x38,
/*  387 */ 
0x00,0x00,0x30,0x00,0x30,0x3E,0xFC,0x33,0xDE,0x33,0xF6,0x33,0xF6,0x33,0xF6,0xE3,
0xFE,0x01,0xDE,0x7F,0xDE,0x63,0xF6,0x63,0xF6,0x63,0xF6,0x63,0xC6,0x63,0x76,0x7F,
/*  388 */ 
0x00,0x00,0x00,0x00,0x00,0x06,0x7E,0x66,0x76,0x66,0xF6,0x7F,0x36,0x00,0xF6,0xFF,
0x36,0x06,0xB6,0x3F,0xF6,0xFB,0x76,0xDB,0x76,0xDB,0x76,0xDB,0x7E,0xDB,0x00,0xFB,
/*  389 */ 
0x00,0x00,0x80,0x01,0x80,0x01,0xFC,0x7F,0x8C,0x61,0x8C,0x61,0xFC,0x7F,0x80,0x31,
0xFC,0x3F,0x86,0xE1,0x86,0xC1,0x86,0xC1,0xFE,0x7F,0x80,0x01,0x80,0x01,0x80,0x01,
/*  390 */ 
0x00,0x00,0x80,0x01,0x00,0x03,0xF8,0xFF,0x0E,0x06,0x8E,0x0F,0xCE,0x38,0x7C,0xE0,
0xCC,0x1F,0x6C,0x30,0x6E,0x30,0x6F,0x30,0x6C,0x1E,0x6C,0xC0,0x6C,0xC0,0xC6,0x7F,
/*  391 */ 
0x00,0x00,0x00,0x00,0x80,0x01,0xFE,0xFF,0x66,0xC6,0x36,0xDC,0xDE,0x70,0xF0,0x1F,
0x1C,0x70,0xCC,0x6F,0x6C,0x6C,0xFC,0x6D,0x0C,0x67,0x8C,0x6F,0xFC,0x78,0xFC,0x7F,
/*  392 */ 
0x00,0x00,0x00,0x00,0x0C,0x0C,0xDC,0xFF,0xFE,0x31,0x6E,0x1B,0xEE,0x7F,0xEE,0x7F,
0xEE,0x6C,0xEE,0x7F,0xEE,0x6C,0xEE,0x7F,0x3E,0x0C,0xDE,0xFF,0x0C,0x0C,0xE0,0xFF,
/*  393 */ 
0x00,0x00,0x00,0x00,0x00,0x03,0xFC,0xFF,0x06,0x03,0x06,0x03,0xF6,0xFF,0x06,0x07,
0x86,0x07,0x86,0x0F,0xC6,0x1B,0x66,0x1B,0x76,0x33,0x1E,0xE3,0x06,0x03,0x03,0x03,
/*  394 */ 
0x00,0x00,0x00,0x00,0xFC,0xFF,0x18,0xC0,0xF6,0xC7,0x36,0xCC,0x36,0xCC,0x36,0xCC,
0x36,0xCC,0xF6,0xDF,0x06,0xF0,0xF6,0xFF,0x06,0xD8,0x06,0xD8,0x06,0xDE,0x06,0xD8,
/*  395 */ 
0x00,0x00,0x00,0x00,0x70,0xC0,0xD8,0xD8,0x98,0xD9,0x0C,0xDB,0xFF,0xDE,0x8C,0xD9,
0x8C,0xD9,0x8C,0xD9,0x8C,0xD9,0xEC,0xD9,0x0C,0xDE,0x0C,0xC6,0x0C,0xC6,0xF8,0x7B,
/*  396 */ 
0x00,0x00,0x80,0x01,0x80,0x01,0xBE,0xFF,0xB6,0xC1,0xB6,0xCD,0xF6,0xCC,0xF6,0x6C,
0x36,0x6C,0x36,0x0C,0x36,0x0E,0x36,0x1E,0x36,0x1B,0xBE,0x31,0xC0,0x60,0x60,0xC0,
/*  397 */ 
0x00,0x00,0x18,0x00,0x18,0x03,0xDE,0xFF,0x7E,0xCF,0xFE,0xCD,0xFE,0xCD,0xFE,0xCC,
0xDE,0x6C,0x1E,0x6C,0x18,0x0C,0x38,0x1E,0x3C,0x1E,0x6C,0x33,0xE6,0x61,0xC6,0xC0,
/*  398 */ 
0x00,0x00,0x00,0x00,0x98,0x7F,0x18,0x0C,0xD8,0xFF,0xFF,0x6D,0x98,0x6D,0x98,0x6D,
0xD8,0xFF,0xF8,0x6D,0x9E,0x6D,0x98,0x6D,0xD8,0xFF,0x18,0x0C,0x18,0x0C,0xCE,0xFF,
/*  399 */ 
0x00,0x00,0x00,0x00,0xCC,0xFF,0x7C,0x0C,0x06,0x0C,0xC6,0xFF,0xFE,0x3D,0x98,0x3D,
0xD8,0xFF,0xFE,0x3D,0x98,0x3D,0x98,0x3D,0xD8,0xFF,0x78,0x0C,0x38,0x0C,0xD8,0xFF,
/*  400 */ 
0x00,0x00,0x00,0x00,0xFC,0x3F,0x80,0x01,0xFE,0x7F,0xB0,0x19,0xB0,0x19,0xB0,0x19,
0xFE,0xFF,0xB0,0x19,0xB0,0x19,0xB0,0x19,0xFE,0xFF,0x80,0x01,0x80,0x01,0xFC,0x7F,
/*  401 */ 
0x00,0x00,0x80,0x01,0xFC,0x7F,0x80,0x01,0x80,0x01,0xF8,0x3F,0xC0,0x00,0xFE,0xFF,
0x60,0x0C,0x30,0x38,0xFC,0x7F,0x1F,0xF0,0xF8,0x3F,0x18,0x30,0x18,0x30,0xF8,0x3F,
/*  402 */ 
0x00,0x00,0x00,0x06,0x0C,0x06,0xEC,0x7F,0x0C,0x06,0xFE,0x7F,0x1C,0x03,0xFC,0xFF,
0xBC,0x19,0xBE,0x3F,0xCE,0xE0,0xFF,0xB0,0xCC,0x3F,0xCC,0x30,0xCC,0x30,0x80,0x3F,
/*  403 */ 
0x00,0x00,0x00,0x00,0xFF,0xFF,0xBC,0x01,0x3C,0x7F,0xFE,0x63,0xFE,0x63,0xFE,0x7F,
0xFE,0x1F,0xFE,0x70,0xE6,0x18,0xC6,0x18,0xFE,0xFF,0xC6,0x30,0xC6,0x60,0x7C,0x3F,
/*  404 */ 
0x00,0x00,0x00,0x00,0xFC,0x7F,0x06,0x00,0xF6,0x7F,0x06,0x00,0xFE,0xFF,0x36,0x63,
0x36,0x3E,0xB6,0x1F,0xF6,0x70,0xE6,0xFF,0x3E,0x60,0x1B,0x60,0x1B,0x60,0xF0,0x7F,
/*  405 */ 
0x00,0x00,0x00,0x06,0x06,0x06,0xEC,0xFF,0xD8,0x7F,0xC0,0x60,0xC7,0x60,0x8C,0x3F,
0xE0,0x3F,0x00,0x38,0x18,0x0E,0x18,0x0C,0xFC,0xFF,0x0C,0x0C,0xC6,0x0C,0x86,0x07,
/*  406 */ 
0x00,0x00,0x00,0x0C,0x18,0x0C,0xD8,0xFF,0x0C,0x0C,0xEC,0x6C,0xF6,0x6C,0xFE,0x6C,
0xD8,0x6C,0xCC,0x6C,0xCC,0x7F,0x7E,0x0C,0x00,0xCC,0x60,0xCC,0x3E,0xCC,0x00,0x7C,
/*  407 */ 
0x00,0x00,0x80,0x01,0xFE,0x7F,0xC0,0x00,0xF8,0x3F,0xFE,0xFF,0x30,0x0C,0xFC,0x7F,
0xF6,0xDF,0xF0,0x1F,0x30,0x0C,0xFE,0x7F,0xF6,0x6F,0x7C,0x3E,0xF0,0x6C,0xFE,0xFF,
/*  408 */ 
0x00,0x00,0x00,0x00,0xFE,0x3F,0xF6,0x6F,0xBC,0xCF,0xB8,0xFF,0xFE,0x0F,0x78,0x6F,
0x6C,0x3C,0xFC,0x3B,0x6E,0x38,0xFC,0x1B,0x6C,0xD8,0xFC,0xFF,0x6C,0xF6,0xFC,0xE3,
/*  409 */ 
0x00,0x00,0x00,0x0C,0x18,0x0C,0x18,0xFC,0x0C,0x0C,0xEC,0x7F,0xF6,0x60,0xBC,0x7F,
0xD8,0x60,0xCC,0x60,0xFE,0x7F,0x00,0x0C,0x00,0x0C,0xF8,0xFF,0x0F,0x0C,0x00,0x0C,
/*  410 */ 
0x00,0x00,0x00,0x00,0x00,0x03,0xFE,0x7F,0x8E,0x01,0x8E,0xCD,0xBE,0x6D,0xBC,0x6F,
0xBC,0x3D,0xBC,0x19,0xBE,0x0D,0xBF,0xCD,0xBC,0xCD,0xBC,0xCF,0xBC,0xCF,0xF6,0x78,
/*  411 */ 
0x00,0x00,0x00,0x0C,0x30,0x0C,0xFE,0xFF,0xB0,0x0D,0x80,0x0D,0x8E,0x3F,0xD8,0xE0,
0xF0,0xC6,0x60,0x66,0x00,0x66,0x70,0x0E,0x18,0x0F,0x0C,0x1B,0x86,0x31,0xF0,0xE0,
/*  412 */ 
0x00,0x00,0x00,0x00,0x00,0x33,0xFE,0xFF,0x0C,0x33,0x0C,0x33,0x8C,0x3D,0xBC,0xF7,
0xBE,0xDF,0xFF,0x7E,0xFC,0x73,0x3C,0x73,0xBC,0xF7,0xBC,0xF7,0xFC,0xFF,0xD8,0xFF,
/*  413 */ 
0x00,0x00,0x60,0x00,0x78,0x1E,0xF8,0x1F,0xFE,0xFF,0xFE,0x1B,0xFE,0x1B,0xFE,0x1B,
0x7E,0xFF,0x7E,0x1B,0x7E,0x1B,0x7E,0xFF,0x7E,0x1B,0xFE,0x1B,0xFF,0x1B,0x00,0xFF,
/*  414 */ 
0x00,0x00,0x00,0x0C,0xE0,0x18,0xBE,0xFF,0x30,0x66,0x30,0x36,0xFE,0x37,0x30,0x36,
0xB0,0xFF,0x78,0x18,0xCE,0x18,0xC6,0xFF,0xC6,0x18,0xC6,0x18,0xC6,0x18,0xFC,0x18,
/*  415 */ 
0x00,0x00,0x30,0x00,0x60,0x0C,0xFE,0xFF,0x30,0x18,0xD8,0x6C,0xD8,0x36,0x7C,0x3E,
0xF0,0x38,0xD8,0x6C,0xFC,0xFF,0xE0,0x31,0x78,0x63,0x6C,0x63,0x6C,0xD8,0xE6,0x1F,
/*  416 */ 
0x00,0x00,0x00,0x00,0xBC,0x7F,0x80,0x67,0xC0,0x6E,0x70,0x1F,0x9E,0x71,0xE0,0xC0,
0xFE,0xFF,0x18,0x00,0xF8,0x1F,0xF8,0x18,0x98,0xDB,0x0C,0xDE,0x8C,0xDF,0xFC,0xF8,
/*  417 */ 
0x00,0x00,0x00,0x00,0xDC,0xFF,0x38,0xC0,0x00,0xC0,0xC0,0xFF,0x1E,0xC0,0xD8,0xDF,
0xD8,0xD8,0xD8,0xD8,0xD8,0xD8,0xD8,0xDF,0x18,0xC0,0x18,0xC0,0x78,0xC0,0x38,0x7C,
/*  418 */ 
0x00,0x00,0x00,0x00,0x60,0x06,0x60,0x06,0x6C,0xE6,0xEC,0x77,0x6C,0x1E,0x6C,0x0E,
0x6C,0x06,0x6C,0x06,0x6C,0x06,0x6C,0x06,0x6C,0x86,0xEC,0xC7,0xFC,0xC6,0x1E,0xFC,
/*  419 */ 
0x00,0x00,0x60,0x00,0x60,0xD8,0xFE,0xDF,0x60,0xD8,0xFC,0xDB,0x66,0xDB,0x66,0xDB,
0x66,0xDB,0x76,0xDB,0xF0,0xDB,0xF8,0xD8,0xFC,0xD9,0x6E,0xC3,0x67,0xC0,0x60,0x78,
/*  420 */ 
0x00,0x00,0x00,0x00,0xFE,0x7F,0xF6,0x60,0xF6,0x7F,0xFE,0x60,0xFE,0x7F,0xBE,0x01,
0xBE,0x7F,0xBE,0xF7,0xFE,0xF6,0x7C,0xDB,0xEC,0xDB,0xE6,0xCC,0x06,0xCF,0x80,0x79,
/*  421 */ 
0x00,0x00,0xC0,0x00,0xC6,0x00,0xC6,0xFF,0x6C,0xC6,0x6C,0xC6,0x60,0x66,0x30,0x66,
0x00,0x36,0x60,0x1E,0x30,0x07,0x18,0x0F,0x8C,0x19,0xC6,0x19,0x60,0x30,0x3C,0xE0,
/*  422 */ 
0x00,0x00,0x00,0x30,0x7F,0x33,0x36,0x1B,0xB6,0x7F,0xFE,0x60,0xF6,0x60,0xF6,0x60,
0xF6,0x7F,0x3E,0x00,0x36,0x33,0xF6,0x6F,0xF6,0x7F,0xFE,0xFB,0x70,0xF3,0x30,0x3F,
/*  423 */ 
0x00,0x00,0x30,0x0C,0xFE,0xFF,0x30,0x0C,0x30,0x00,0xF8,0x7F,0xBE,0x6D,0xE0,0x6C,
0xF0,0x67,0x9C,0x67,0xE0,0x3C,0xB8,0x31,0x3C,0x63,0x3C,0x7B,0x36,0xD8,0xE6,0xDF,
/*  424 */ 
0x00,0x00,0x00,0x00,0xC0,0x00,0xF8,0x3F,0x0C,0x60,0xCC,0x60,0xCC,0x6F,0x6C,0x78,
0xFC,0x78,0xBC,0x6D,0x0C,0x67,0x0C,0x6F,0x8C,0x79,0xFC,0x60,0x0C,0x60,0xFC,0x7F,
/*  425 */ 
0x00,0x00,0x00,0x00,0xF0,0x7F,0x98,0xD9,0x98,0xD9,0xDC,0xCC,0xF6,0xCC,0xE0,0xCD,
0x30,0xC7,0x18,0xC6,0x0E,0xDF,0x00,0xDB,0xC0,0x61,0xE0,0x60,0x38,0x60,0x0C,0x3F,
/*  426 */ 
0x00,0x00,0x00,0x0C,0x30,0x0C,0x30,0x0C,0x30,0x0C,0x30,0x0C,0x30,0x0C,0x30,0x0C,
0x30,0x0C,0x70,0x1C,0xF0,0x1E,0x98,0x1F,0x98,0x33,0x0C,0x33,0x8C,0x61,0xC6,0xC0,
/*  427 */ 
0x00,0x00,0x00,0x00,0x30,0x0C,0x30,0x0C,0x30,0x0C,0x30,0x0C,0x30,0x0C,0x30,0x1C,
0x78,0x1C,0xD8,0x1E,0x98,0x37,0x0C,0x33,0x8C,0x61,0xC6,0xC0,0x00,0x00,0xFE,0xFF,
/*  428 */ 
0x00,0x00,0x00,0x00,0xE6,0x7F,0x06,0x03,0x0C,0x03,0xCC,0x3F,0x00,0x03,0xF0,0xFF,
0xC0,0x30,0xEC,0x7F,0x3C,0xC3,0xEC,0x7F,0x0C,0x03,0x06,0x1F,0xC6,0x71,0x78,0xC0,
/*  429 */ 
0x00,0x00,0x00,0x00,0x18,0x7F,0xFE,0x61,0xFE,0x61,0xFC,0x61,0xFC,0x7F,0xFE,0x61,
0x98,0x61,0xB8,0x61,0xBC,0x7F,0xFC,0x61,0xFE,0x61,0xDE,0x61,0x98,0x61,0xD8,0xFF,
/*  430 */ 
0x00,0x00,0x00,0x00,0xFE,0x67,0xB8,0xFF,0x38,0x66,0xFC,0x66,0xFE,0xFF,0xFE,0x00,
0xFE,0x3E,0xFE,0xE3,0xEE,0xC3,0xC6,0xC3,0xFE,0xFF,0xC6,0xC3,0xC6,0xC3,0xFE,0xFF,
/*  431 */ 
0x00,0x00,0x00,0x06,0x0C,0x06,0xFC,0xFF,0xB6,0x19,0x38,0x03,0xFE,0xFF,0x8C,0x03,
0x38,0x7F,0x6C,0x0F,0xEC,0x0D,0xEC,0xFF,0x6C,0x1C,0x6C,0x1C,0x66,0x36,0xFE,0xE3,
/*  432 */ 
0x00,0x00,0x18,0x00,0xF8,0x7F,0x78,0x60,0x6C,0x60,0x6C,0x60,0xEC,0x7F,0x0E,0x06,
0x6E,0x06,0x6C,0x06,0x6C,0xFE,0xEC,0x06,0xEC,0x06,0xBC,0x07,0x3C,0x07,0x1C,0xFC,
/*  433 */ 
0x00,0x00,0x00,0x06,0xBC,0x7F,0xF6,0xDB,0x76,0xF3,0xF6,0x6D,0xFE,0x7F,0xDC,0x6C,
0xD8,0x6C,0xDE,0x7F,0xFE,0x3F,0xDE,0xEC,0xDE,0xCC,0xDE,0xFF,0x3E,0x0C,0x03,0x0C,
/*  434 */ 
0x00,0x00,0x18,0x06,0xFC,0xFE,0xBC,0x1B,0xB7,0x19,0xF8,0x3F,0xFC,0x3F,0x0C,0x30,
0xFC,0x3F,0xF8,0x3F,0xC0,0x00,0xFE,0x7F,0xB0,0x0D,0xDE,0xFE,0x70,0x0C,0xF8,0x1F,
/*  435 */ 
0x00,0x00,0x00,0x00,0x80,0x01,0xFE,0xFF,0x66,0xCE,0x3E,0xF8,0xF6,0x7F,0x9C,0x71,
0x8C,0x61,0xF8,0x3F,0x80,0x01,0xFC,0x7F,0x8C,0x61,0x8C,0x61,0xFC,0x7F,0x00,0x00,
/*  436 */ 
0x00,0x00,0x0C,0x06,0x6C,0xC6,0x6C,0xC6,0xCC,0xFF,0xFE,0x06,0xCC,0x0C,0xCC,0xFF,
0xFC,0x0C,0xDC,0xFF,0xCF,0x0C,0xCC,0x0C,0xCC,0xFF,0xCC,0x0C,0xCC,0x0C,0xCF,0xFF,
/*  437 */ 
0x00,0x00,0x00,0x00,0x0C,0xC3,0x0C,0xC3,0xFC,0xFF,0xB0,0x01,0x18,0x03,0xFC,0xFF,
0x0E,0x03,0xFC,0x7F,0x0C,0x03,0x0C,0x03,0xFC,0x7F,0x0C,0x03,0x0C,0x03,0xFC,0xFF,
/*  438 */ 
0x00,0x00,0x00,0x00,0x18,0xC6,0x78,0xC6,0xD8,0xFF,0xCC,0x06,0xCC,0x0C,0xCE,0xFF,
0x6E,0x0C,0xFC,0xFF,0x6C,0x0C,0x6C,0x0C,0xCC,0xFF,0x6C,0x0C,0xCC,0xFF,0x00,0x00,
/*  439 */ 
0x00,0x00,0x00,0x06,0x3E,0x3E,0x36,0x33,0xB6,0x19,0xF6,0xFF,0xFE,0x00,0xF6,0x3E,
0xF6,0x63,0xF6,0x63,0xFE,0x63,0xF6,0x6F,0xF6,0x3B,0xF6,0xC3,0xF6,0xC3,0xFE,0xFE,
/*  440 */ 
0x00,0x00,0x80,0x01,0x00,0x03,0xFB,0xFF,0x1E,0x06,0xFE,0xFF,0xDE,0x30,0xD8,0x18,
0xD8,0x39,0x7C,0x7B,0x7E,0xCF,0xF8,0xFF,0x0C,0x06,0x0C,0x06,0x0C,0x06,0x06,0x06,
/*  441 */ 
0x00,0x00,0x18,0x06,0x18,0x06,0xFE,0xFF,0x7E,0x33,0x3E,0x33,0x3C,0x33,0xFF,0x7F,
0x98,0xDF,0xF8,0xCC,0x3C,0x0C,0xFC,0xFF,0x1E,0x0C,0x1B,0x0C,0x18,0x0C,0x18,0x0C,
/*  442 */ 
0x00,0x00,0x00,0x00,0x0C,0x06,0xFC,0x7F,0xD8,0x18,0xC0,0x18,0xC0,0x39,0xC6,0x7B,
0x7C,0x6E,0x60,0x00,0x18,0x06,0xF8,0xFF,0x18,0x06,0x0C,0x06,0x06,0x06,0x06,0x06,
/*  443 */ 
0x00,0x00,0x00,0x00,0xFE,0x7F,0xDC,0xCE,0xF0,0xD8,0xF0,0xF8,0xDE,0xCE,0x80,0x63,
0xFC,0x3F,0x30,0x0C,0x78,0x1C,0xCC,0x77,0x80,0x03,0xFE,0xFF,0x80,0x01,0x80,0x01,
/*  444 */ 
0x00,0x00,0x18,0x00,0x18,0x30,0x18,0x30,0xFE,0xFF,0x18,0x30,0xB8,0x31,0x7C,0x33,
0x7C,0x33,0x1E,0x36,0x1B,0x36,0x18,0x36,0x18,0x30,0x18,0x30,0x18,0x30,0x18,0x3F,
/*  445 */ 
0x00,0x00,0x00,0x00,0xC0,0x00,0xFE,0xFF,0x60,0x00,0xE0,0x3F,0x30,0x60,0x18,0x38,
0x1C,0x0E,0x1F,0x0C,0xF8,0xFF,0x18,0x18,0x18,0x18,0x18,0x18,0x18,0x18,0x98,0x0F,
/*  446 */ 
0x00,0x00,0x00,0x18,0x00,0x18,0x00,0x18,0xFE,0xFF,0x00,0x18,0x18,0x18,0x30,0x18,
0x30,0x18,0x60,0x18,0xC0,0x18,0x00,0x18,0x00,0x18,0x00,0x18,0x00,0x18,0x80,0x1F,
/*  447 */ 
0x00,0x00,0x00,0x00,0x00,0x33,0xFE,0xFF,0x18,0x0C,0x0C,0x0C,0x8C,0xFF,0x3C,0x06,
0xF6,0xFF,0x36,0x06,0x37,0x03,0x36,0xFF,0xB6,0x19,0xB6,0x19,0xFC,0x18,0xE0,0xFF,
/*  448 */ 
0x00,0x00,0x00,0x00,0x98,0x7F,0xD8,0x60,0xD8,0x7F,0xFE,0x7F,0x18,0x00,0xF8,0xFF,
0xD8,0x06,0xF8,0x7F,0xDE,0x7E,0xD8,0x7F,0xD8,0x36,0xD8,0x37,0xF8,0x7F,0x1E,0xCE,
/*  449 */ 
0x00,0x00,0x00,0x00,0x18,0x33,0xD8,0xFF,0x18,0x06,0x3E,0x06,0xD8,0x7F,0x18,0x06,
0xF8,0xFF,0x1F,0x03,0x18,0x03,0x98,0x7F,0xD8,0x0C,0x78,0x0C,0x38,0x0C,0x9E,0x7F,
/*  450 */ 
0x00,0x00,0x00,0x00,0x18,0x1B,0xF8,0xFF,0x3E,0x1B,0x18,0x1B,0x18,0x1B,0xF8,0xFF,
0x18,0x00,0xF8,0x7F,0xDE,0x60,0xD8,0x60,0xD8,0x7F,0xD8,0x60,0xD8,0x60,0xDE,0x7F,
/*  451 */ 
0x00,0x00,0x00,0x06,0x18,0x06,0xD8,0x36,0xFE,0x36,0xD8,0x37,0xD8,0x77,0xD8,0x7F,
0x78,0xDF,0x78,0xDF,0x3E,0x0E,0xF8,0xFF,0x18,0x06,0x18,0x06,0x18,0x06,0xFE,0xFF,
/*  452 */ 
0x00,0x00,0x0C,0x30,0x0C,0x33,0xFC,0xFF,0x06,0x33,0x03,0x33,0x7E,0x33,0xD8,0xFF,
0x18,0x00,0x7E,0x7F,0x98,0x61,0x98,0x61,0x98,0x7F,0x98,0x61,0xF8,0x61,0x18,0x7F,
/*  453 */ 
0x00,0x00,0x8C,0x31,0x8C,0x31,0xFC,0xFF,0xBE,0x31,0x8C,0x3F,0x8C,0x19,0xCC,0x70,
0x7C,0xC0,0xFC,0x7F,0x0E,0x00,0xCC,0x7F,0xCC,0x60,0xCC,0x60,0xCC,0x60,0xCE,0x7F,
/*  454 */ 
0x00,0x00,0x00,0x00,0x0C,0x06,0x0C,0x06,0xF8,0xFF,0x18,0x06,0x00,0x06,0x1E,0x06,
0x18,0x03,0x18,0x1B,0x18,0x33,0x98,0x61,0xD8,0x60,0x78,0xC0,0x6C,0x00,0xC6,0xFF,
/*  455 */ 
0x00,0x00,0x18,0x06,0x0C,0x06,0xFC,0xFF,0xB6,0x19,0x80,0x03,0xC0,0x06,0x60,0x1C,
0x38,0x70,0xFF,0xDF,0x00,0x00,0xF8,0x3F,0x18,0x30,0x18,0x30,0x18,0x30,0xF8,0x3F,
/*  456 */ 
0x00,0x00,0x00,0x03,0x00,0x03,0xFE,0xFF,0xDE,0x18,0xF8,0xFF,0xD8,0x18,0xD8,0x1F,
0x98,0x19,0xFC,0x70,0xFF,0xFF,0x18,0x00,0xCC,0x3F,0x6C,0x60,0x6C,0x60,0xC6,0x3F,
/*  457 */ 
0x00,0x00,0x00,0x00,0x18,0x00,0x98,0xFF,0xFE,0x30,0x18,0x30,0x18,0x30,0x18,0x30,
0xD8,0x30,0x70,0x30,0x1E,0x30,0x18,0x30,0x18,0x30,0x18,0x30,0x18,0x30,0x1E,0x1F,
/*  458 */ 
0x00,0x00,0x00,0x00,0x80,0x01,0x80,0x01,0x80,0x01,0xFE,0xFF,0x80,0x01,0x80,0x03,
0x80,0x03,0xC0,0x06,0xC0,0x06,0x60,0x0C,0x60,0x0C,0x30,0x18,0x18,0x30,0x0E,0xE0,
/*  459 */ 
0x00,0x00,0x00,0x00,0xF8,0x3F,0x18,0x30,0x18,0x30,0x18,0x30,0xF8,0x3F,0x80,0x01,
0xFE,0xFF,0x80,0x03,0xC0,0x07,0xC0,0x07,0xE0,0x0D,0xB8,0x39,0x8C,0xE1,0x00,0x00,
/*  460 */ 
0x00,0x00,0x00,0x00,0xFE,0xFF,0xC0,0x00,0xE0,0x1F,0x60,0x70,0x30,0x60,0x18,0x60,
0x3C,0x30,0x60,0x30,0xC0,0x18,0x80,0x19,0x00,0x0F,0x00,0x07,0xC0,0x01,0x7C,0x00,
/*  461 */ 
0x00,0x00,0x00,0x06,0xF8,0xFF,0x0C,0x03,0x0C,0x03,0xEC,0x7F,0x0C,0x03,0xFE,0xFF,
0x8E,0x1F,0xCC,0x36,0xFC,0xFE,0x9C,0x0F,0x0C,0x0F,0xCC,0x3F,0x7C,0x66,0x8C,0xC7,
/*  462 */ 
0x00,0x00,0x60,0x00,0xFE,0x3F,0x60,0x6C,0xFF,0xFF,0x00,0x0C,0xFC,0x6F,0xFE,0x6F,
0x66,0x3E,0xFC,0x3B,0xFE,0x3F,0xD8,0x38,0xFE,0xFF,0xD8,0xFC,0x98,0xFF,0x8C,0xE7,
/*  463 */ 
0x00,0x00,0x00,0x00,0xB0,0x19,0xB0,0x19,0xFE,0xFF,0xB0,0x19,0xFC,0x3F,0x86,0xE1,
0x86,0xC1,0xF6,0x7F,0x98,0x31,0x98,0x31,0x98,0x31,0x98,0x31,0x98,0x3F,0x80,0x19,
/*  464 */ 
0x00,0x00,0x00,0x00,0xFE,0x0C,0x18,0x36,0x18,0x66,0x78,0x63,0xCC,0xC3,0xCC,0xFF,
0xC6,0xC0,0xDE,0x7F,0x70,0xC3,0x60,0xC3,0x30,0xC3,0x18,0xC3,0x0C,0xC3,0x06,0xFF,
/*  465 */ 
0x00,0x00,0x00,0x00,0x18,0x1B,0x18,0x73,0x18,0xC3,0x18,0x03,0xFC,0xFF,0x0C,0x06,
0x0E,0x06,0x0C,0x06,0x0C,0x06,0x0C,0x0C,0x0C,0x0C,0x0C,0xCC,0x0C,0xD8,0x00,0x70,
/*  466 */ 
0x00,0x00,0x30,0x1F,0x30,0x33,0x18,0x7F,0xFE,0x07,0x18,0x0C,0x18,0xCC,0x18,0xF8,
0xF8,0x1F,0x8C,0x31,0x8C,0x31,0x8C,0x31,0x8C,0x31,0x8C,0x37,0xE0,0x1C,0x3E,0x70,
/*  467 */ 
0x00,0x00,0x30,0x1B,0x18,0x33,0xD8,0xFF,0x7C,0x03,0x1E,0x06,0x18,0xCC,0x98,0xD9,
0x98,0x71,0xFE,0xFF,0xC0,0xC3,0x60,0x76,0x38,0x1C,0x3E,0x18,0x30,0x73,0xF0,0xC1,
/*  468 */ 
0x00,0x00,0x00,0x06,0x18,0x06,0xF8,0x7F,0x0C,0x06,0x06,0x06,0xF8,0xFF,0x18,0x00,
0x0C,0x30,0xEC,0xFF,0x0E,0x30,0xCC,0x30,0x8C,0x31,0x0C,0x33,0x0C,0x30,0x00,0x3E,
/*  469 */ 
0x00,0x00,0x00,0x00,0x0C,0x06,0xD8,0x7F,0x18,0x66,0xE0,0xFF,0x06,0x66,0xDC,0x7F,
0x18,0x76,0xF8,0x36,0xD8,0x3F,0x98,0x1F,0xD8,0x36,0xF8,0x67,0x7C,0x03,0xC6,0xFF,
/*  470 */ 
0x00,0x00,0xC0,0x00,0x60,0x0C,0x30,0x18,0x1C,0x3C,0xF0,0x67,0xF8,0x3F,0x0C,0x30,
0x0C,0x30,0x0C,0x30,0xF8,0x1F,0xBC,0x31,0xBC,0x79,0x3C,0x7B,0x36,0xDB,0xE0,0xDF,
/*  471 */ 
0x00,0x00,0x00,0x0C,0x7F,0x0C,0x36,0x0C,0xF6,0xFF,0xF6,0xCC,0xFE,0xCC,0xF6,0x7E,
0xF6,0x7E,0x3E,0x1E,0x36,0x1E,0x36,0x1B,0x36,0xDB,0xFE,0xD9,0xBF,0xD9,0xC0,0xF8,
/*  472 */ 
0x00,0x00,0x18,0x00,0x98,0x7F,0xD8,0x60,0xFE,0x60,0xF8,0x60,0xD8,0x60,0xD8,0x7F,
0xD8,0x60,0xF8,0x60,0xDE,0x60,0xD8,0x60,0x98,0x7F,0x18,0x00,0x18,0x00,0xFE,0xFF,
/*  473 */ 
0x00,0x00,0x00,0x00,0xF8,0x3F,0xD8,0x30,0x98,0x31,0x98,0x31,0x18,0x33,0x18,0x33,
0x18,0x30,0xFE,0x7F,0x18,0x30,0x18,0x30,0x18,0x30,0x0C,0x30,0x0C,0x30,0x06,0x1F,
/*  474 */ 
0x00,0x00,0x00,0x18,0x30,0x18,0x60,0x0C,0xFC,0x3F,0x8C,0x61,0x8C,0x61,0xFC,0x7F,
0x8C,0x61,0x8C,0x61,0xFC,0x3F,0x80,0x01,0xFE,0xFF,0x80,0x01,0x80,0x01,0x80,0x01,
/*  475 */ 
0x00,0x00,0x00,0x00,0x18,0xFB,0x98,0xCD,0xFC,0xCF,0x66,0x6E,0x66,0x6E,0xFE,0x6F,
0x66,0x6E,0x66,0x6E,0xFC,0xCF,0x60,0xCC,0xFE,0xCF,0x60,0xCC,0x60,0xFC,0x60,0x00,
/*  476 */ 
0x00,0x00,0x18,0x00,0x98,0x31,0x18,0x33,0xFE,0x7F,0xD8,0x6C,0xD8,0x6C,0xD8,0x7F,
0xF8,0x6C,0xDC,0x6C,0xDE,0x7F,0x18,0x0C,0xF8,0xFF,0x18,0x0C,0x18,0x0C,0x0E,0x0C,
/*  477 */ 
0x00,0x00,0x00,0x00,0xFE,0x7F,0xE6,0x61,0xE6,0x61,0xE6,0x61,0xFE,0x61,0xE6,0x7F,
0xE6,0x61,0xE6,0x61,0xFE,0x61,0xE6,0x61,0x66,0x3F,0x66,0x00,0x66,0x00,0xFE,0xFF,
/*  478 */ 
0x00,0x00,0x00,0x00,0xF8,0x3F,0x0C,0x30,0x0C,0x30,0x0C,0x30,0x0C,0x30,0xFC,0x3F,
0x0C,0x30,0x0C,0x30,0x0C,0x30,0x0C,0x30,0xF8,0x3F,0x00,0x00,0x00,0x00,0xFE,0xFF,
/*  479 */ 
0x00,0x00,0x00,0x00,0x18,0x00,0xF8,0x3F,0xFC,0x3F,0x1E,0x00,0xFC,0x3F,0xC0,0x30,
0xD8,0x36,0xD8,0x36,0xE0,0x33,0xFC,0x3E,0xF0,0x33,0xD8,0xE3,0xE0,0xE3,0x3E,0xEE,
/*  480 */ 
0x00,0x00,0x18,0x00,0xD8,0x7F,0x78,0x60,0x6C,0x60,0x6C,0x60,0x6C,0x60,0xEE,0x7F,
0x6E,0x60,0x6C,0x60,0x6C,0x60,0xCC,0x7F,0x0C,0x00,0x0C,0x00,0x0C,0x00,0xFC,0xFF,
/*  481 */ 
0x00,0x00,0x8C,0x31,0x8C,0x31,0x0C,0x1B,0xFE,0x7F,0xFE,0x66,0xFF,0x66,0xFF,0x7F,
0xCF,0x66,0xCF,0x66,0xCC,0x7F,0x0C,0x06,0xFC,0xFF,0x0C,0x06,0x0C,0x06,0x0C,0x00,
/*  482 */ 
0x00,0x00,0x00,0x06,0xC0,0x66,0xCC,0x66,0xD8,0x36,0x60,0x36,0x00,0x0F,0x86,0x39,
0xFC,0x66,0xD8,0x66,0xD8,0x66,0xD8,0x66,0x6C,0x3F,0x0C,0x0F,0xC6,0x39,0x76,0xE0,
/*  483 */ 
0x00,0x00,0x00,0x00,0xEC,0x70,0x98,0x1F,0x98,0x19,0xC0,0x1E,0xCE,0x1E,0xEC,0xF7,
0x0C,0x1F,0x6C,0x1F,0x6C,0x1F,0xCC,0x1F,0xEC,0xFF,0xEC,0x0F,0xF8,0x06,0x60,0xFC,
/*  484 */ 
0x00,0x00,0x00,0x00,0xBE,0x31,0x30,0x1B,0xF0,0x7F,0xF0,0x6C,0xDE,0x6C,0xC6,0x7F,
0xC6,0x6C,0xFE,0x6C,0xF0,0x7F,0x30,0x0C,0xF0,0xFF,0x30,0x0C,0x30,0x0C,0x1E,0x0C,
/*  485 */ 
0x00,0x00,0x00,0x00,0xFE,0x7F,0x98,0x61,0x98,0x31,0xBC,0x7F,0xEC,0x01,0xC6,0xFF,
0x80,0x01,0xFC,0x7F,0x8C,0x61,0x8C,0x61,0xFC,0x3F,0x80,0x31,0x80,0x79,0xFF,0xCF,
/*  486 */ 
0x00,0x00,0x00,0x00,0x8C,0x01,0x8C,0x61,0x98,0x31,0xB0,0x31,0x80,0x19,0xFC,0x7F,
0x00,0xC0,0x00,0xC0,0x00,0xC0,0xFC,0xFF,0x00,0xC0,0x00,0xC0,0x00,0xC0,0xFC,0x7F,
/*  487 */ 
0x00,0x00,0x00,0x00,0x18,0x06,0x78,0xC6,0xD8,0x66,0xFE,0x37,0x98,0x1F,0xF8,0x7F,
0x18,0xC0,0x78,0xC0,0x1C,0xC0,0xDE,0xFF,0x18,0xC0,0x18,0xC0,0x18,0xC0,0xFF,0x7F,
/*  488 */ 
0x00,0x00,0x00,0x00,0xB0,0x19,0xE0,0x19,0xFE,0xFF,0x06,0xC0,0xF6,0xDF,0x1E,0x70,
0x18,0x30,0x18,0x30,0xF0,0x3F,0xC0,0x06,0x60,0xC6,0x60,0xC6,0x38,0xC6,0x0E,0xFE,
/*  489 */ 
0x00,0x00,0x60,0x00,0x60,0x0C,0xFE,0xFF,0x60,0x0C,0xCC,0x1F,0x38,0x18,0x36,0x0E,
0x8C,0x03,0x98,0x7F,0x00,0xDB,0x30,0xDB,0x98,0xCD,0xD8,0x6C,0x6C,0x66,0x06,0x7B,
/*  490 */ 
0x00,0x00,0x00,0x0C,0x0C,0x0C,0xCC,0x6C,0xCC,0x6C,0xBE,0x3D,0x9C,0x3D,0xDC,0x7F,
0x7E,0xC0,0x0E,0xC0,0x0E,0xC0,0xEF,0xFF,0x0C,0xC0,0x0C,0xC0,0x0C,0xC0,0xE0,0x7F,
/*  491 */ 
0x00,0x00,0x00,0x00,0xFC,0x3F,0xC0,0xE0,0xC0,0xC0,0xC0,0xC0,0xC0,0xC0,0xC0,0xC0,
0xC0,0x60,0xC0,0x60,0x60,0x60,0x60,0x60,0x30,0x60,0x38,0x60,0x1C,0x60,0x0E,0x3F,
/*  492 */ 
0x00,0x00,0x00,0x06,0x00,0x06,0xCC,0x3F,0xFE,0x31,0xCC,0x37,0xCC,0x3C,0xCC,0x30,
0xFC,0x18,0xDC,0xFF,0x0F,0xC3,0x6C,0xC3,0x6C,0xDB,0x6C,0xDB,0xEC,0xDF,0x0E,0xF0,
/*  493 */ 
0x00,0x00,0x00,0x00,0xFE,0xFF,0xE6,0xC0,0xE6,0xCD,0xE6,0x6D,0x7E,0x63,0x18,0x00,
0x9E,0xFF,0xDE,0xC0,0xFE,0xC0,0x9E,0xFF,0xDE,0xCC,0xDE,0xC0,0xFE,0xC0,0x8F,0xFF,
/*  494 */ 
0x00,0x00,0x00,0x00,0xF8,0xCF,0xCC,0xD8,0x6C,0xDB,0x6C,0xDE,0x6C,0xDE,0xFE,0xDF,
0x8F,0xDD,0x8C,0xD9,0xFC,0xDF,0x8C,0xD9,0x8C,0xD9,0x8C,0xC1,0x8C,0xCF,0xFC,0xF8,
/*  495 */ 
0x00,0x00,0xC0,0x00,0xC0,0x00,0xF8,0x3F,0x78,0x30,0xD8,0x31,0x18,0x33,0x18,0x30,
0x18,0x1C,0xF8,0x7F,0xC0,0xC0,0xC0,0xC0,0xC6,0xCC,0xC6,0xCC,0xC6,0xCC,0xFC,0xFF,
/*  496 */ 
0x00,0x00,0x00,0x06,0x18,0x06,0xC0,0xFF,0x00,0x06,0xFE,0xFF,0x30,0x06,0xF8,0xFF,
0x3C,0x63,0x3C,0x63,0x7E,0xFF,0x98,0x67,0x98,0x6D,0xD8,0x78,0x78,0x60,0x18,0x7C,
/*  497 */ 
0x00,0x00,0x00,0x00,0xFC,0x3F,0x0C,0x30,0x0C,0x30,0xFC,0xDF,0x0C,0xC0,0xFC,0xFF,
0x00,0x18,0x00,0x18,0xFE,0xFF,0x30,0x18,0x60,0x18,0xC0,0x18,0x00,0x18,0x00,0x1F,
/*  498 */ 
0x00,0x00,0x00,0xC0,0xFE,0xC7,0x30,0xCC,0x98,0xCD,0x98,0xCD,0x0C,0xCF,0xF8,0xCF,
0x60,0xCC,0x60,0xCC,0xFE,0xCF,0x60,0xCC,0x60,0xC0,0x60,0xC0,0x60,0xC7,0xFE,0xF9,
/*  499 */ 
0x00,0x00,0x00,0x00,0x7C,0x7F,0xDE,0xC7,0x98,0x6D,0x98,0x6D,0xFE,0x3D,0x18,0x3E,
0xFC,0xE3,0xFC,0xC0,0xDE,0xC0,0xDE,0xFF,0xD8,0xC0,0xD8,0xC0,0xD8,0xC0,0x98,0x7F,
/*  500 */ 
0x00,0x00,0x00,0x00,0x18,0xFC,0x18,0x06,0x3E,0x06,0xFE,0x7F,0xFE,0x60,0xDE,0x7F,
0xDE,0x60,0xDE,0x60,0xD8,0x7F,0x18,0x06,0xF8,0xFF,0x18,0x06,0x18,0x06,0x18,0x00,
/*  501 */ 
0x00,0x00,0x00,0x00,0x86,0x19,0xFC,0xFF,0x18,0x06,0x80,0x3F,0xE0,0x60,0x7E,0x60,
0xF8,0x7F,0x78,0x60,0xF8,0x7F,0x78,0x60,0x78,0x60,0xD8,0x3F,0x7C,0x00,0xC6,0xFF,
/*  502 */ 
0x00,0x00,0x80,0x01,0x80,0x01,0xDC,0xFF,0xF0,0xC6,0x60,0x66,0x60,0x0E,0x60,0x1B,
0xB8,0x31,0xFC,0x60,0x1E,0xC0,0xFC,0x7F,0xCC,0x66,0xCC,0x66,0xCC,0x66,0xFE,0xFF,
/*  503 */ 
0x00,0x00,0x00,0x06,0xF8,0xFF,0x18,0x06,0xCC,0x7F,0x66,0x6F,0x70,0x6F,0xF8,0x7F,
0xCC,0x00,0xFE,0xFF,0x0F,0x00,0xEC,0x67,0xEC,0x6D,0xBC,0xCD,0xBC,0xF1,0x8C,0x3F,
/*  504 */ 
0x00,0x00,0x30,0x00,0x98,0x7F,0xD8,0x60,0xEC,0x7F,0xF6,0x60,0xB0,0x7F,0x18,0x00,
0xD8,0xFF,0x1E,0x30,0x18,0x30,0xD8,0xFF,0x98,0x31,0x18,0x33,0x18,0x36,0x18,0x3C,
/*  505 */ 
0x00,0x00,0x30,0x06,0x30,0x06,0x18,0xFE,0xFE,0xC3,0xC6,0xC3,0xC6,0xC3,0xC6,0xC6,
0xC6,0xCC,0xFE,0xCC,0xC6,0xD8,0xC6,0xD8,0xC6,0xC0,0xC6,0xC0,0xFE,0x66,0x00,0x3C,
/*  506 */ 
0x00,0x00,0x00,0x00,0xFE,0x6F,0xF6,0x3E,0xB6,0xDB,0x36,0x73,0xFE,0x61,0x78,0xFF,
0x9E,0x7F,0xDE,0x60,0xFE,0x60,0xDE,0x60,0x9E,0x7F,0x1E,0x33,0x7E,0x1B,0xCF,0xFF,
/*  507 */ 
0x00,0x00,0x18,0x00,0x18,0x00,0xF8,0xFF,0x7E,0x30,0x3E,0x30,0x3E,0x30,0x1E,0x30,
0x1E,0x30,0x18,0x30,0x18,0x30,0x18,0x30,0x38,0x30,0x6C,0x30,0x6C,0x33,0x06,0x1E,
/*  508 */ 
0x00,0x00,0x00,0x30,0xFC,0x3B,0x80,0xCF,0xCC,0x66,0x78,0x3C,0xF0,0x3F,0x1C,0x60,
0xFE,0xFF,0x0C,0x30,0x0C,0x30,0x0C,0x30,0xF8,0x3F,0x60,0x0C,0x60,0x0C,0xFE,0xFF,
/*  509 */ 
0x00,0x00,0x18,0x06,0xFC,0x7F,0xBC,0x0F,0xB6,0x19,0x80,0x19,0xFC,0x7F,0x80,0x01,
0xFE,0xFF,0x00,0x18,0x00,0x18,0xFE,0xFF,0x30,0x18,0x60,0x18,0xC0,0x18,0x00,0x1F,
/*  510 */ 
0x00,0x00,0x00,0x60,0xFE,0x3F,0xF6,0x1E,0xB6,0xFB,0xB6,0x33,0xFE,0x7F,0x76,0xC0,
0xB6,0x7F,0xF6,0x60,0xFE,0x60,0xF6,0x60,0xB6,0x7F,0x36,0x33,0x36,0x1B,0xFC,0xFF,
/*  511 */ 
0x00,0x00,0xFC,0x30,0x80,0x1F,0xD8,0x6E,0xF0,0x3F,0x1E,0xF0,0xF8,0x3F,0x18,0x30,
0xF8,0x3F,0x60,0x0C,0xFE,0xFF,0x00,0x00,0xE0,0x0F,0x30,0xCC,0x30,0xCC,0x3C,0xF8,
/*  512 */ 
0x00,0x00,0x00,0x00,0xFE,0xFD,0x80,0xC7,0x86,0x67,0x8C,0x67,0x98,0x67,0xD8,0x36,
0xF0,0x36,0xE0,0x66,0x60,0xC6,0xF0,0xC6,0xF0,0xC6,0x98,0xC7,0x0E,0xC7,0x00,0x78,
/*  513 */ 
0x00,0x00,0x00,0x00,0x8C,0x7F,0xCC,0x60,0xCC,0x7F,0xCC,0x60,0xBF,0x7F,0x0C,0x00,
0xEC,0xFF,0x0C,0x06,0x8C,0x07,0xEC,0xFD,0xFC,0x06,0xDC,0x07,0x67,0x07,0x30,0xFE,
/*  514 */ 
0x00,0x00,0x18,0x00,0xD8,0x7F,0x78,0x0C,0x6C,0x0C,0x6C,0x0C,0x6C,0x0C,0xEE,0xFF,
0x6E,0x0C,0x6F,0x0C,0x6C,0x0C,0x6C,0x18,0x6C,0xD8,0x6C,0xDF,0xEC,0xFD,0xCC,0xEC,
/*  515 */ 
0x00,0x00,0x00,0x06,0x0E,0x06,0xF8,0xFF,0x80,0x19,0x80,0x19,0xE7,0xFF,0x3C,0xC6,
0xF8,0xFF,0x30,0xC6,0xB8,0xFF,0xF8,0xF0,0xFC,0xF0,0xBC,0xFF,0x36,0xC0,0x06,0x78,
/*  516 */ 
0x00,0x00,0x00,0x00,0x06,0x06,0x0C,0x06,0xF8,0x7F,0x60,0xC6,0x60,0xC6,0x6E,0xC6,
0xF8,0xFF,0x78,0xC6,0x78,0xC6,0x78,0xC6,0x78,0xC6,0xF8,0x7F,0x3C,0x00,0xE6,0xFF,
/*  517 */ 
0x00,0x00,0x00,0x00,0xFE,0x07,0x30,0xFE,0x30,0x66,0x30,0x66,0xFE,0x67,0x30,0x67,
0x30,0x6F,0xFC,0x3C,0x86,0x39,0x86,0x39,0x86,0x39,0x86,0x6D,0x86,0x67,0xFC,0xC7,
/*  518 */ 
0x00,0x00,0x18,0x06,0x18,0x06,0xFC,0xFF,0x36,0x1B,0xE0,0x19,0x80,0x01,0xF8,0x3F,
0x8C,0x61,0x86,0x61,0x86,0x61,0xFC,0x7F,0x86,0x61,0x86,0x61,0x86,0x61,0xFC,0x7F,
/*  519 */ 
0x00,0x00,0x00,0x00,0x36,0x0C,0x1C,0x0C,0x98,0x6D,0x9C,0x6D,0x9E,0x6D,0xF0,0x6C,
0xF8,0x6C,0xF8,0x3C,0x3C,0x1E,0x36,0x1E,0x30,0x33,0xB0,0x31,0xF0,0x60,0x7E,0xC0,
/*  520 */ 
0x00,0x00,0x00,0x00,0x86,0x01,0x9C,0x7F,0xF8,0x33,0x60,0x36,0x06,0x1C,0x0C,0x3F,
0xF8,0xED,0x00,0x0C,0xD8,0xFF,0x98,0x3D,0x98,0x6D,0xCC,0xCC,0x66,0xCC,0x86,0x0F,
/*  521 */ 
0x00,0x00,0x00,0x00,0xFE,0x7F,0xDE,0x6E,0xD8,0x78,0xF0,0x7C,0xDE,0x67,0xC0,0x63,
0xF8,0x7F,0x0C,0x03,0xFE,0x7F,0x0C,0x03,0xFC,0x7F,0x0C,0x03,0x0C,0x03,0xFC,0xFF,
/*  522 */ 
0x00,0x00,0x0C,0x06,0x0C,0x0C,0xCC,0xFF,0x3F,0x33,0x36,0x33,0xF6,0xFF,0xF6,0xCC,
0xF6,0xFF,0xF6,0xCC,0xF6,0xFF,0xDC,0xF3,0xD8,0xF3,0xFC,0xFF,0xC6,0xD8,0xC3,0xF8,
/*  523 */ 
0x00,0x00,0x00,0x00,0x18,0x7E,0xD8,0x0F,0xD8,0x0C,0xFE,0x0C,0xD8,0x0C,0xD8,0xFF,
0xD8,0x0C,0xF8,0x0C,0xDE,0x18,0xD8,0x18,0xD8,0xD8,0xD8,0xDC,0xD8,0xFF,0xDE,0xF9,
/*  524 */ 
0x00,0x00,0x00,0x00,0xF0,0xFF,0x1C,0x00,0x0C,0x7C,0xFC,0x07,0x3C,0x06,0x3C,0x06,
0x3C,0x06,0xFC,0xFF,0x3C,0x0C,0x3C,0x0C,0x36,0xCC,0x36,0xDE,0xF6,0xDF,0xF6,0xFC,
/*  525 */ 
0x00,0x00,0x00,0x00,0x0C,0x06,0xCC,0x06,0xCC,0x76,0xFE,0x7E,0xFC,0x67,0xCC,0x66,
0xCC,0x66,0xCC,0x66,0xCC,0x7E,0xCC,0x06,0xFC,0xC0,0xD8,0xC0,0xCE,0xC0,0x80,0x7F,
/*  526 */ 
0x00,0x00,0x30,0x0C,0x30,0x0C,0xFC,0x7F,0xB0,0x0D,0xFE,0xFF,0x60,0x0C,0x60,0x0C,
0xFE,0xFF,0x86,0xC1,0xFE,0xFF,0x8E,0x31,0x8C,0x31,0x8C,0x31,0x8C,0x3D,0x80,0x19,
/*  527 */ 
0x00,0x00,0x00,0x06,0x0C,0x06,0xFC,0xFF,0x36,0x1B,0xB3,0x19,0xFE,0x7F,0x80,0x61,
0xFC,0x7F,0x86,0x01,0x86,0x01,0xFC,0xFF,0xC0,0xC1,0xE0,0xC1,0xB8,0xC1,0x0E,0x7C,
/*  528 */ 
0x00,0x00,0x00,0x00,0x80,0x01,0xFE,0xFF,0x30,0x0C,0x60,0x0C,0xFC,0xFF,0x86,0xC1,
0x86,0xC1,0xFE,0xFF,0x98,0x31,0x98,0x31,0x98,0x31,0x98,0x31,0x98,0x3F,0x80,0x01,
/*  529 */ 
0x00,0x00,0x30,0x00,0x60,0x0C,0x60,0x0C,0xFE,0x7F,0x80,0x61,0x80,0x61,0xFC,0x7F,
0x8C,0x01,0x8C,0x01,0xFC,0x7F,0xC0,0xC1,0xC0,0xC1,0xF0,0xC1,0x9C,0xFD,0x86,0x01,
/*  530 */ 
0x00,0x00,0x00,0x00,0x8C,0x31,0x8C,0x19,0xF8,0xFF,0x00,0xC6,0x00,0xC6,0xFE,0x7F,
0x78,0x06,0xF8,0x7F,0xD8,0xC7,0x18,0xC7,0x98,0xC7,0xF8,0xFE,0x7C,0x06,0xC6,0xFF,
/*  531 */ 
0x00,0x00,0x00,0x00,0x18,0x0C,0xD8,0xFF,0x0C,0x33,0x36,0x33,0xF6,0xFF,0xDE,0xCC,
0xD8,0xCC,0x8C,0x7F,0xFE,0x6D,0x8E,0x6D,0x80,0x6D,0xF0,0x6D,0x9E,0x7D,0x00,0x0C,
/*  532 */ 
0x00,0x00,0x00,0x00,0x30,0xFF,0xFE,0x19,0x30,0x18,0xFC,0xFE,0xCC,0xDB,0xFC,0xDB,
0xFC,0xDB,0xCC,0xDB,0xFC,0xDB,0xCC,0xDB,0xFF,0x79,0x78,0x7C,0xCC,0xE6,0x06,0xC3,
/*  533 */ 
0x00,0x00,0x18,0x00,0x18,0x0C,0xD8,0xFF,0xD8,0x0C,0xFE,0x0C,0xD8,0xFC,0xD8,0x0C,
0xD8,0x0C,0xF8,0x7F,0xDC,0xC1,0xDE,0xC1,0xD8,0xC1,0xF8,0xC1,0xF8,0xC1,0x1E,0x7F,
/*  534 */ 
0x00,0x00,0x00,0x06,0x0E,0x06,0xF8,0x7F,0x30,0x06,0xC0,0x3F,0xC6,0x3F,0xCC,0x30,
0xD8,0x3F,0xC0,0x30,0xD8,0x3F,0xD8,0x30,0xFC,0xFF,0x0C,0x00,0xC6,0x39,0x76,0xE0,
/*  535 */ 
0x00,0x00,0x00,0x1E,0x7E,0x1E,0x98,0x7F,0xD8,0x7E,0xCC,0x7E,0xCC,0x7E,0xBC,0x7F,
0xF6,0x7E,0xF7,0x7E,0xF6,0x7E,0xF6,0x7E,0xF6,0xFF,0x36,0x33,0xB6,0x63,0xFC,0xC1,
/*  536 */ 
0x00,0x00,0x00,0x00,0xC0,0x00,0x80,0xFF,0xC0,0x00,0xC0,0x00,0xFC,0x3F,0x0C,0x30,
0x0C,0x30,0x0C,0x30,0x0C,0x30,0xFC,0x3F,0x6C,0x66,0x6C,0x66,0xCC,0xCC,0xC6,0xCC,
/*  537 */ 
0x00,0x00,0x00,0x00,0x60,0x06,0xFC,0x7F,0x6C,0x66,0x6C,0x66,0x6C,0x66,0xFC,0x7F,
0x6C,0x66,0x6C,0x66,0x6C,0x66,0x6C,0x66,0xFE,0xFF,0x60,0x1C,0x38,0x70,0x0E,0xC0,
/*  538 */ 
0x00,0x00,0x00,0x0C,0x18,0x0C,0xFE,0xFF,0x98,0xC1,0xFC,0xC1,0xFE,0x7F,0x00,0x0C,
0x7C,0x0C,0xC6,0x0F,0xFC,0xFB,0xC6,0x0F,0xFC,0x0F,0xC6,0x0F,0xC6,0x0F,0xF0,0xF9,
/*  539 */ 
0x00,0x00,0x30,0x00,0x30,0x0C,0xFE,0x3F,0x30,0x36,0x30,0x37,0xF0,0x36,0x3C,0x3E,
0x36,0xFE,0x3C,0xE3,0xB8,0xE1,0x80,0x01,0xFC,0xFF,0x80,0x01,0x80,0x01,0xFE,0xFF,
/*  540 */ 
0x00,0x00,0x80,0x01,0x80,0x01,0xF8,0x1F,0x8E,0x71,0x86,0x61,0x86,0x61,0xFE,0x7F,
0x86,0x61,0x86,0x61,0x86,0x61,0xFE,0x7F,0x80,0x01,0x80,0xC1,0x80,0xC1,0x80,0x7F,
/*  541 */ 
0x00,0x00,0x18,0x00,0xF8,0x7F,0x6C,0xC6,0x6C,0xC6,0x6C,0xC6,0x6C,0xC6,0x6E,0xC6,
0xEE,0xFF,0x6F,0xC6,0x6C,0xC6,0x6C,0xC6,0x6C,0xC6,0x6C,0xC6,0x6C,0xC6,0xCC,0x7F,
/*  542 */ 
0x00,0x00,0x00,0x00,0x18,0x00,0xF8,0x7F,0x18,0x60,0xFC,0x67,0x9E,0x7D,0x9E,0x79,
0x98,0x79,0xF8,0x7F,0x98,0x79,0x98,0x79,0x98,0x79,0xF0,0x6F,0xC0,0x60,0x80,0x3F,
/*  543 */ 
0x00,0x00,0x00,0x00,0x00,0x03,0xFC,0x7F,0x0C,0x03,0x0C,0x03,0x0C,0xFF,0x0C,0x03,
0x0C,0x03,0xEC,0x3F,0x3C,0x60,0x3C,0x60,0x36,0x60,0x36,0x60,0x36,0x60,0xF6,0x7F,
/*  544 */ 
0x00,0x00,0x00,0x0C,0x18,0x0C,0xD8,0xFF,0xFE,0x0C,0xFE,0x0C,0xFE,0xFC,0xFE,0x0C,
0xFE,0x0C,0xDB,0x0C,0xD8,0x7F,0xD8,0xC3,0xD8,0xC3,0x78,0xC3,0x78,0xC3,0x78,0x7F,
/*  545 */ 
0x00,0x00,0x00,0x0C,0x60,0x0C,0xFE,0xFF,0xC0,0x06,0xFC,0x3F,0xCC,0x66,0x6C,0x7E,
0x3C,0x6C,0xFC,0x7F,0x0C,0x60,0xF8,0x3F,0xFE,0xFF,0xC0,0x06,0x60,0x0C,0x3C,0x78,
/*  546 */ 
0x00,0x00,0x00,0x06,0x06,0x06,0xEC,0xFF,0x78,0xC0,0x60,0xC0,0xC0,0xFF,0x06,0x0C,
0xCC,0x0C,0xC0,0x0C,0xD8,0xFC,0xD8,0x0C,0xCC,0x0C,0xEC,0x0D,0x6C,0x0F,0x36,0xFE,
/*  547 */ 
0x00,0x00,0x00,0x00,0xFC,0x7F,0x86,0x67,0x86,0x67,0xFC,0x66,0xDE,0x66,0xDE,0xC3,
0xFC,0x7F,0xDE,0xC6,0xDE,0x6C,0xFC,0x6F,0xDE,0x38,0xDE,0x38,0xDB,0x7C,0x8C,0xC7,
/*  548 */ 
0x00,0x00,0x00,0x00,0xFE,0xFF,0xCC,0xCC,0xCC,0xCC,0xCC,0xFF,0xFC,0xCC,0xFE,0xFF,
0xFE,0xC0,0xFF,0xFF,0xFC,0xF3,0xFC,0xF3,0xFC,0xF3,0xFC,0xDE,0x7C,0xC0,0x60,0x70,
/*  549 */ 
0x00,0x00,0x00,0x00,0xFE,0xFF,0x36,0xC0,0x36,0xC0,0x36,0xF0,0x36,0xD8,0x36,0xD8,
0x36,0xCC,0x36,0xC6,0x36,0xC3,0xB6,0xC1,0xF6,0xC0,0x36,0xC0,0xBE,0x61,0x00,0x3F,
/*  550 */ 
0x00,0x00,0x00,0x00,0xFE,0x1E,0xF6,0x36,0xF6,0xFE,0xFE,0x33,0xF6,0x33,0xFE,0xFF,
0xC6,0x33,0xFE,0x33,0xEE,0x33,0xEE,0xFE,0xEE,0x33,0xFE,0x33,0xC3,0xFE,0xF3,0x00,
/*  551 */ 
0x00,0x00,0x00,0x00,0xE6,0xFF,0x6C,0xC6,0xEC,0xFF,0x6C,0xC6,0x78,0xC6,0xE0,0xFF,
0x78,0xC0,0xF8,0xDF,0xF8,0xD9,0xBC,0xD9,0xBC,0xD9,0xB6,0xDF,0x36,0xC0,0x18,0x7C,
/*  552 */ 
0x00,0x00,0x00,0x00,0xFC,0x3F,0x00,0x60,0x00,0x60,0x00,0x60,0x00,0x6C,0x00,0x66,
0x00,0x63,0x80,0x61,0xE0,0x60,0x30,0x60,0x1C,0x60,0x00,0x60,0xC0,0x30,0x80,0x1F,
/*  553 */ 
0x00,0x00,0x00,0x06,0x0C,0x06,0x0C,0xFE,0x3E,0x06,0xCC,0x7F,0x6C,0x60,0x6C,0x60,
0xFC,0x7F,0x7C,0x60,0xCE,0x7F,0x0F,0x06,0x0C,0x06,0xEC,0x7F,0x0C,0x06,0x0E,0x06,
/*  554 */ 
0x00,0x00,0x00,0x00,0xFC,0x3F,0x0C,0x30,0x0C,0x30,0x0C,0x30,0xF8,0x3F,0x80,0x01,
0xF8,0x3F,0x8E,0x61,0x86,0x61,0x86,0x61,0x86,0x61,0x86,0x61,0x86,0x7D,0x80,0x31,
/*  555 */ 
0x00,0x00,0x00,0x00,0x0C,0x03,0xFC,0xFF,0x0C,0xC3,0x06,0xC3,0xFE,0xC1,0xD8,0xC6,
0x18,0xCC,0xFE,0xCC,0x18,0xCC,0x18,0xCC,0x18,0xD8,0x18,0xC0,0xD8,0x60,0x70,0x7E,
/*  556 */ 
0x00,0x00,0x00,0x00,0xCC,0xFF,0xD8,0xCC,0xC0,0xFF,0xC0,0xCC,0xCF,0xCC,0xD8,0xFF,
0xD8,0xDE,0xD8,0xF3,0xD8,0xF3,0xD8,0xF3,0xF8,0xFF,0xF8,0xC6,0xD8,0xC0,0x60,0xF0,
/*  557 */ 
0x00,0x00,0x00,0x0C,0x7E,0x0F,0x66,0x7F,0xE6,0x0D,0xE6,0x0D,0xE6,0x0D,0x7C,0x0C,
0xDE,0xFF,0x1E,0x0C,0xF6,0x1C,0x1E,0x1C,0x1E,0x36,0x1E,0x36,0xF6,0x63,0xDE,0xC1,
/*  558 */ 
0x00,0x00,0xC0,0x00,0x70,0x1C,0x7E,0xFC,0xC0,0x07,0xE0,0x0E,0xFE,0xF8,0xF0,0x0F,
0x78,0x06,0xC0,0x0F,0x78,0x3F,0xC0,0x61,0xF8,0x31,0x00,0x1B,0x00,0x0F,0xFC,0x03,
/*  559 */ 
0x00,0x00,0x80,0x67,0xBE,0x67,0xEC,0xFF,0x8C,0x67,0x8C,0x67,0x8C,0x7D,0xBE,0x01,
0x36,0xFF,0x37,0x0C,0xF6,0xFF,0x36,0x1E,0x36,0x3F,0x36,0x6F,0xFC,0xCD,0x00,0x8C,
/*  560 */ 
0x00,0x00,0x80,0x67,0x8C,0x67,0xDC,0xFF,0xBE,0x67,0xBE,0x67,0xBE,0x7F,0xBE,0x0D,
0xBE,0xFF,0x3E,0x0C,0xFE,0xFF,0x3E,0x1E,0x3C,0x1E,0x6C,0x3F,0xF8,0x6D,0xCF,0xCC,
/*  561 */ 
0x00,0x00,0x00,0x00,0xCC,0x06,0xCC,0x06,0xD8,0x7F,0x60,0x06,0x60,0x06,0x1F,0x06,
0xF8,0xFF,0x18,0x0E,0x18,0x1B,0x98,0x31,0xD8,0x60,0x78,0xC0,0x3C,0x00,0xE6,0xFF,
/*  562 */ 
0x00,0x00,0x00,0x06,0x0C,0x36,0xD8,0x36,0xF0,0x7F,0xC0,0x36,0xC6,0x3E,0x9C,0x01,
0x18,0xFF,0x18,0x0C,0xF8,0xFF,0x18,0x1E,0x18,0x1F,0x78,0x3F,0xF8,0x6D,0x78,0xCC,
/*  563 */ 
0x00,0x00,0x00,0x00,0xF8,0x1F,0xC0,0x07,0xF8,0x0E,0xFE,0x7F,0xFC,0x7E,0x78,0x3C,
0x6E,0x67,0xFE,0xFF,0xFE,0xFF,0x1E,0xF0,0xF8,0x3F,0xF8,0x3F,0x18,0x30,0xFE,0xFF,
/*  564 */ 
0x00,0x00,0x00,0x00,0xFE,0xFF,0x00,0x03,0x00,0x03,0x00,0x03,0x00,0x03,0x00,0x03,
0x00,0x03,0x00,0x03,0x00,0x03,0x00,0x03,0x00,0x03,0x00,0x03,0x18,0x03,0xF0,0x03,
/*  565 */ 
0x00,0x00,0x00,0x00,0xFE,0xFF,0x66,0x30,0x66,0x30,0x66,0x30,0x7E,0x30,0x66,0x30,
0x66,0x30,0x66,0x30,0x7E,0x30,0x66,0x30,0x66,0x30,0x66,0x30,0x66,0x33,0x3C,0x1E,
/*  566 */ 
0x00,0x00,0x00,0x00,0xFE,0xFF,0x66,0x30,0x66,0x30,0x66,0x30,0x66,0x30,0x66,0x30,
0x66,0x30,0x66,0x30,0x66,0x30,0x66,0x30,0x66,0x30,0x66,0x30,0xFE,0x33,0x00,0x3E,
/*  567 */ 
0x00,0x00,0x0C,0x00,0x0C,0xFF,0xFC,0x31,0x06,0x30,0x06,0x30,0x7E,0x30,0x18,0x30,
0x18,0x30,0x7E,0x30,0x18,0x30,0x18,0x30,0x18,0x30,0xD8,0x30,0x78,0x30,0x30,0x3E,
/*  568 */ 
0x00,0x00,0x00,0x00,0xFE,0xFF,0x18,0x0C,0x18,0x3F,0x98,0x61,0xD8,0x6C,0xD8,0x6C,
0xD8,0x6C,0xD8,0x6C,0xD8,0x6C,0x18,0x06,0x18,0x1E,0x18,0x33,0x9E,0x63,0xC0,0xC0,
/*  569 */ 
0x00,0x00,0x06,0x00,0xFE,0xDF,0xFE,0xFF,0x1E,0xF0,0xFE,0xFF,0x1E,0xF0,0xF6,0xDF,
0x06,0x60,0xFC,0x3E,0xC0,0x06,0xFE,0xFE,0xCC,0x36,0xCC,0x36,0xCC,0x36,0xC6,0x36,
/*  570 */ 
0x00,0x00,0x0C,0x0C,0x0C,0x0C,0xFC,0xFF,0xC6,0xC0,0xC6,0xC0,0xFE,0x7F,0x18,0x0C,
0x18,0x0F,0x7E,0x0F,0x18,0xFF,0x98,0x0D,0x98,0x0F,0xF8,0x0F,0xF8,0x0E,0xC0,0xF8,
/*  571 */ 
0x00,0x00,0x80,0x01,0x80,0x01,0xFC,0xFF,0x06,0xC0,0x06,0xC0,0xFE,0x7F,0x98,0x01,
0x98,0x01,0x98,0x01,0x98,0x7F,0x98,0x01,0xBC,0x01,0xEC,0x01,0xC6,0x01,0x06,0xFF,
/*  572 */ 
0x00,0x00,0x00,0x00,0x18,0x00,0xB0,0xFF,0x00,0x30,0x00,0x30,0x1C,0x30,0x18,0x30,
0x18,0x30,0x18,0x30,0x18,0x30,0x18,0x30,0x18,0x30,0xD8,0x30,0x78,0x33,0x30,0x3E,
/*  573 */ 
0x00,0x00,0x00,0x00,0xFE,0x3F,0x80,0x01,0x80,0x01,0xFC,0x7F,0x80,0x01,0x80,0x01,
0xFE,0xFF,0xC0,0x00,0x60,0x0C,0x60,0x18,0x30,0x30,0x18,0x70,0xCC,0x7F,0x78,0xC0,
/*  574 */ 
0x00,0x00,0xC0,0x00,0x60,0x00,0xFE,0xFF,0x30,0x00,0x30,0x03,0x18,0x03,0x0C,0x03,
0xFC,0x7F,0x00,0x1B,0x30,0x1B,0x18,0x33,0x18,0x63,0x0C,0x63,0x0E,0xC3,0xE6,0xC1,
/*  575 */ 
0x00,0x00,0x60,0x00,0xF0,0x3F,0x30,0x30,0x78,0x18,0xCC,0x0C,0x80,0x07,0x80,0x03,
0xC0,0x07,0x78,0x3C,0xEE,0xE1,0x00,0x0F,0x00,0x00,0xF0,0x01,0x00,0x0F,0x00,0x38,
/*  576 */ 
0x00,0x00,0x00,0x00,0x60,0x18,0xFE,0xFF,0x60,0x0C,0xFC,0x3F,0xFE,0xFF,0x00,0x03,
0xFC,0x7F,0x0C,0x63,0xFC,0x7F,0x0C,0x63,0xFC,0x7F,0x00,0x03,0xFC,0x7F,0xFE,0xFF,
/*  577 */ 
0x00,0x00,0x0C,0x00,0x8C,0x19,0xEC,0xFF,0xCC,0x78,0xFF,0x3F,0xFF,0xFF,0x3F,0x06,
0xFF,0x7F,0x6F,0x66,0xEC,0x7F,0x6C,0x66,0xCC,0x3F,0xEC,0x7F,0x0C,0x06,0xFC,0xFF,
/*  578 */ 
0x00,0x00,0x00,0x00,0x00,0x0C,0xFC,0x0C,0x00,0x7E,0x00,0xCC,0x00,0xCC,0xFE,0xCD,
0x18,0xCC,0x18,0xCC,0xD8,0xCC,0xD8,0xCC,0xCC,0xC6,0xCC,0xC7,0xFC,0xC3,0x00,0x7B,
/*  579 */ 
0x00,0x00,0x18,0x00,0x18,0x06,0xD8,0xFF,0x3E,0x06,0x18,0x03,0x18,0x0F,0xBC,0x0D,
0xBC,0x0D,0xDE,0xFF,0x1E,0x0C,0x1B,0x6F,0x98,0x6D,0x98,0xCD,0xD8,0xCC,0x78,0x0F,
/*  580 */ 
0x00,0x00,0x00,0x00,0xE0,0xFF,0x6C,0xC0,0xEC,0xFF,0x6C,0xC0,0x6C,0xC0,0x6E,0xDF,
0xEE,0xD9,0xEF,0xD9,0xEC,0xD9,0xEC,0xD9,0xEC,0xDF,0x6C,0xC0,0x6C,0xC0,0x6C,0x7C,
/*  581 */ 
0x00,0x00,0x00,0x00,0xCC,0xFF,0xCC,0xC0,0xFE,0xFF,0xFE,0xC0,0xFE,0xC0,0xFE,0xFF,
0xFE,0xF1,0xCF,0xF1,0xCF,0xF1,0xCC,0xF1,0xCC,0xDF,0xCC,0xC0,0xCC,0xC0,0xC0,0xF8,
/*  582 */ 
0x00,0x00,0x00,0x06,0x00,0x06,0xEC,0xFF,0x0C,0x03,0x0C,0x03,0x98,0x0D,0xD8,0x0C,
0xC0,0x0C,0xD8,0xFF,0x98,0x3D,0x98,0x3D,0xCC,0x6C,0xCC,0xCC,0x66,0xCC,0x80,0x07,
/*  583 */ 
0x00,0x00,0x00,0x00,0xEE,0xFF,0x7C,0xC0,0xE0,0xFF,0x60,0xC0,0x66,0xCE,0xEC,0xFB,
0xF8,0xF1,0xE0,0xF1,0xF0,0xF1,0xF8,0xF1,0x78,0xDF,0x6C,0xC0,0x6C,0xC0,0x66,0xFC,
/*  584 */ 
0x00,0x00,0x80,0x01,0xB8,0x79,0xEE,0x6F,0x36,0x6C,0x36,0x6C,0xE6,0x6F,0x36,0x6C,
0x36,0x6C,0xFE,0x7F,0x60,0x00,0x60,0x0C,0x60,0x0C,0x60,0xCC,0x30,0xCC,0x1E,0xFC,
/*  585 */ 
0x00,0x00,0x18,0x30,0x18,0x33,0x18,0x36,0x7E,0x3C,0x18,0x3C,0x98,0x39,0x18,0x33,
0xD8,0x36,0x78,0x36,0x1C,0x30,0x1E,0xF8,0xD8,0x3F,0x18,0x30,0x18,0x30,0x1E,0x30,
/*  586 */ 
0x00,0x00,0x00,0x00,0x30,0x18,0xE0,0x18,0x80,0x19,0x00,0x1B,0x18,0x18,0x30,0x18,
0xE0,0x18,0xC0,0x19,0x80,0x19,0x00,0xFE,0xFF,0x1B,0x00,0x18,0x00,0x18,0x00,0x18,
/*  587 */ 
0x00,0x00,0x00,0x06,0x3E,0x06,0xF6,0xFF,0x1E,0x06,0x1E,0x06,0x1E,0x06,0xFE,0xFF,
0xF6,0x06,0xF6,0x06,0xF6,0xFC,0xF6,0x06,0xDE,0x06,0xE6,0x07,0x66,0x07,0x36,0xFC,
/*  588 */ 
0x00,0x00,0x00,0x00,0x00,0x00,0xFE,0x7F,0x00,0x00,0xF8,0x3F,0x0C,0x30,0x0C,0x30,
0x0C,0x30,0x0C,0x30,0xF8,0x3F,0x30,0x18,0x30,0x18,0x60,0x0C,0x60,0x0C,0xFE,0xFF,
/*  589 */ 
0x00,0x00,0x00,0x00,0xEC,0x7F,0x0C,0x00,0x18,0x00,0xC0,0x7F,0x66,0x60,0x7C,0x60,
0x78,0x60,0xD8,0x7F,0x98,0x19,0x98,0x19,0x98,0x19,0xF8,0xFF,0x7C,0x00,0xC6,0xFF,
/*  590 */ 
0x00,0x00,0x00,0x03,0x00,0x06,0xFE,0xFF,0x1E,0x00,0xFE,0xFF,0x1C,0x00,0xD8,0x7F,
0x78,0x60,0x78,0x60,0x7E,0x60,0xF8,0x7F,0x98,0x19,0x8C,0x19,0x8C,0x19,0xF6,0xFF,
/*  591 */ 
0x00,0x00,0x00,0x00,0x30,0x7C,0xFE,0xCF,0xB0,0x6D,0xB0,0x6D,0xFE,0x6F,0x60,0x3C,
0x30,0x6C,0xF8,0xCF,0x0E,0xCF,0x0C,0xCF,0xF8,0xCF,0x0C,0xDF,0x0C,0x7F,0xF8,0x0F,
/*  592 */ 
0x00,0x00,0x30,0x00,0xF0,0x7F,0xB0,0x67,0xFE,0x67,0x30,0x3C,0xF8,0x18,0xBC,0x3D,
0x38,0xE7,0xF8,0x3F,0x0C,0x60,0xFC,0x7F,0x0C,0x60,0xFC,0x7F,0x0C,0x60,0xFC,0x7F,
/*  593 */ 
0x00,0x00,0x00,0x00,0xFC,0x7F,0x80,0x01,0xFC,0x7F,0x80,0x01,0xFE,0xFF,0x00,0x00,
0xF8,0x3F,0x8C,0x33,0xFE,0xFF,0x0C,0x30,0x8C,0x33,0xFC,0xFF,0x00,0x30,0x00,0x1F,
/*  594 */ 
0x00,0x00,0x00,0x0C,0x1E,0x0C,0xDE,0x7F,0x1E,0x0C,0xFE,0xFF,0x9E,0xC1,0x1B,0xDF,
0xD8,0x1C,0x98,0x1B,0x78,0x1E,0xDE,0xFF,0x18,0x0C,0x18,0x3C,0x18,0x67,0x98,0xC1,
/*  595 */ 
0x00,0x00,0x00,0x00,0x36,0x0C,0x1C,0x0C,0x98,0x3F,0xDC,0xEC,0xDE,0xCC,0xF0,0xCC,
0xF8,0xCC,0xF8,0xCC,0xFC,0x7F,0x36,0x6C,0x30,0x6C,0x30,0xCC,0xF0,0xFF,0x1E,0x80,
/*  596 */ 
0x00,0x00,0x00,0x00,0x0C,0x06,0xD8,0x7F,0x30,0x06,0xE0,0xFF,0x00,0xC0,0x1C,0xDB,
0xD8,0x1E,0x98,0x19,0x18,0x1B,0xD8,0xFF,0x18,0x0C,0x78,0x3E,0x38,0x63,0xC0,0xC1,
/*  597 */ 
0x00,0x00,0x00,0x00,0x00,0x63,0xCC,0x7F,0x0C,0x33,0x3E,0x1B,0xEC,0xFF,0x0C,0x06,
0x0C,0x03,0xCC,0x7F,0xFC,0x60,0xCC,0x60,0xBC,0x7F,0xD8,0x60,0xCE,0x60,0x80,0x7F,
/*  598 */ 
0x00,0x00,0x00,0x06,0x3E,0x66,0xF6,0x7F,0x36,0x36,0x36,0x1E,0xFE,0xFF,0x76,0x0C,
0x36,0x06,0xB6,0x7F,0xF6,0x61,0xBE,0x61,0xB6,0x7F,0xB6,0x61,0xB6,0x61,0xBE,0x7F,
/*  599 */ 
0x00,0x00,0x00,0x00,0x3E,0xC6,0xB6,0x7F,0x36,0x66,0x3E,0x36,0xFE,0xFF,0x3E,0x0C,
0x3E,0x3E,0x3E,0x63,0xFE,0x61,0x9E,0x61,0x9C,0x7F,0xBC,0x61,0xEC,0x61,0x66,0x7F,
/*  600 */ 
0x00,0x00,0x00,0x00,0x18,0x0C,0x18,0x0C,0x18,0x0C,0xFE,0x0C,0xB8,0x7F,0x78,0x0C,
0x7C,0x0C,0xDC,0x0C,0x1E,0x0C,0x1E,0x0C,0x18,0x0C,0x18,0x0C,0x18,0x0C,0xC0,0xFF,
/*  601 */ 
0x00,0x00,0x00,0x0C,0x0C,0x0C,0xFC,0xFF,0xC6,0x36,0xC6,0xFF,0xFE,0x36,0xD8,0x36,
0xD8,0x3E,0xFE,0x3F,0xD8,0x63,0xD8,0x66,0xD8,0x3C,0xD8,0x1C,0x78,0x3E,0xE0,0xE3,
/*  602 */ 
0x00,0x00,0x00,0x00,0x3C,0x0C,0x36,0x0C,0x36,0x0C,0x36,0x0C,0xFE,0xFF,0x36,0x0C,
0x36,0x0C,0x36,0x0C,0x3E,0x0C,0x36,0x0C,0x36,0x0C,0x36,0x0C,0x36,0x0C,0xFF,0xFF,
/*  603 */ 
0x00,0x00,0x00,0x00,0x00,0x03,0xFC,0xFF,0x66,0x18,0xFE,0x7F,0x66,0x18,0x66,0x18,
0xC6,0x1F,0x06,0x00,0xFE,0x3F,0x66,0x30,0xC6,0x1C,0x86,0x07,0xC6,0x0F,0x7F,0xF8,
/*  604 */ 
0x00,0x00,0x00,0x00,0x06,0x06,0xEC,0xFF,0xB8,0x31,0xF0,0xFF,0xB6,0x31,0xBC,0x31,
0x38,0x3F,0x30,0x00,0xF8,0x7F,0x38,0x63,0x3C,0x33,0x3C,0x1E,0x36,0x0E,0xFE,0x7B,
/*  605 */ 
0x00,0x00,0x18,0x06,0x18,0x0C,0x18,0x18,0x7E,0xFF,0xEC,0xC1,0xEC,0xC1,0xEC,0xC1,
0xEC,0xFF,0xE6,0x01,0xEE,0x01,0xB8,0x01,0xB0,0x01,0xF8,0x01,0xEC,0x00,0xC6,0x00,
/*  606 */ 
0x00,0x00,0x00,0x0C,0x98,0xCD,0x98,0xCD,0xFE,0xFF,0x60,0x03,0xE6,0xFF,0xE6,0x0C,
0x6C,0x0C,0xEC,0xFF,0xBC,0xDF,0xBC,0xDF,0xBC,0xDF,0xBC,0xDF,0xF8,0xDF,0x8E,0xE7,
/*  607 */ 
0x00,0x00,0x00,0x00,0x86,0xFF,0xFE,0x00,0x1E,0x3E,0x1E,0xE3,0x9B,0xC1,0x98,0xC1,
0xFE,0xC1,0x38,0x7F,0x38,0x63,0x6C,0x66,0x6C,0x66,0x6C,0x36,0x06,0x3C,0x83,0xFF,
/*  608 */ 
0x00,0x00,0x00,0x00,0xC6,0x3F,0xFE,0x6C,0xC6,0x6C,0xC6,0x6F,0xFE,0x66,0xCC,0xC6,
0xCC,0x3C,0xFE,0x6F,0xCC,0x6C,0xCC,0x6C,0xEC,0x3B,0xCC,0x38,0xF8,0x7C,0xC0,0xC7,
/*  609 */ 
0x00,0x00,0x00,0x00,0xFC,0x3E,0x0C,0x33,0x0C,0x33,0xFC,0x33,0x0C,0x33,0x8C,0xE1,
0x0C,0x00,0xFC,0x7F,0x0C,0x63,0x0C,0x66,0xFC,0x36,0x1E,0x1C,0x0C,0x3E,0xCC,0xE3,
/*  610 */ 
0x00,0x00,0x00,0x00,0x06,0xE0,0xBE,0x3F,0xBE,0x07,0xBE,0x07,0xFE,0x06,0x36,0xFE,
0xFE,0x37,0x76,0x36,0xFE,0x36,0xFE,0x36,0xBE,0x37,0x36,0x36,0x36,0x33,0xFE,0x33,
/*  611 */ 
0x00,0x00,0x00,0x06,0xD8,0x7F,0xCC,0x6C,0xEC,0x6C,0xF6,0x6F,0xF6,0x6C,0xDC,0xE6,
0xD8,0x7C,0xCC,0xCF,0xFC,0xCC,0xCE,0x6C,0xE0,0x7B,0xF0,0x38,0xDE,0x7C,0xC0,0xC7,
/*  612 */ 
0x00,0x00,0x00,0x00,0x8C,0x07,0x8C,0x0D,0x8C,0xFF,0xFE,0x0C,0xEC,0x0C,0xFC,0x0C,
0xCC,0xFF,0xCC,0x0C,0xCC,0x0C,0xFC,0xFF,0xFC,0x0C,0xDC,0x0C,0xC6,0x0C,0xC0,0xFF,
/*  613 */ 
0x00,0x00,0x00,0x18,0x30,0x18,0x60,0x0C,0x60,0x06,0xF8,0x3F,0x18,0x30,0x18,0x30,
0x18,0x30,0x18,0x30,0xF8,0x3F,0x60,0x06,0x60,0x06,0x60,0xC6,0x30,0xC6,0x1E,0xFE,
/*  614 */ 
0x00,0x00,0x00,0x00,0x7E,0x00,0x36,0x06,0x36,0x06,0x36,0x06,0x1E,0x06,0x36,0x0E,
0x36,0x0E,0x66,0x0F,0x66,0x1B,0x66,0x1B,0xBE,0x31,0xC6,0x60,0x66,0xC0,0x06,0x00,
/*  615 */ 
0x00,0x00,0x00,0x60,0x00,0x60,0x7E,0x60,0xC0,0xFF,0xC0,0x60,0xCC,0x66,0xCC,0x66,
0x78,0x6C,0x70,0x6C,0x30,0x78,0x70,0x78,0xD8,0x60,0xCC,0x60,0x86,0x61,0x00,0x7C,
/*  616 */ 
0x00,0x00,0xCC,0x18,0x8C,0x19,0xFC,0x0F,0x0C,0xF8,0xFF,0x6F,0x3C,0x6F,0xEC,0x6F,
0x0C,0x7E,0xEC,0x7B,0x0C,0x7B,0xBC,0x31,0x9C,0x37,0xFE,0x79,0x83,0x6D,0xE0,0xC7,
/*  617 */ 
0x00,0x00,0x00,0x00,0x00,0x06,0x3E,0x06,0xF6,0xFF,0x36,0x06,0xF6,0x66,0xF6,0x66,
0xF6,0x66,0xF6,0x66,0xF6,0x66,0xF6,0x7F,0xB6,0x07,0x36,0xC6,0x36,0xC6,0x1C,0xFC,
/*  618 */ 
0x00,0x00,0x80,0x01,0x3E,0x33,0xF6,0xFF,0x36,0x1E,0xF6,0x7F,0xF6,0xDE,0xDC,0xFB,
0xD8,0xFF,0xDE,0xC0,0xFE,0x7F,0x1E,0x30,0xDE,0x7F,0x9E,0x31,0x7E,0x33,0x0F,0x3C,
/*  619 */ 
0x00,0x00,0x30,0x00,0x30,0x06,0xFE,0xFF,0x00,0x66,0xFC,0x67,0x8C,0x67,0xFC,0x67,
0xC0,0x6F,0xFE,0x6F,0x60,0x3C,0x60,0x38,0xE0,0x39,0xFE,0x3C,0xC0,0x66,0xFC,0xC3,
/*  620 */ 
0x00,0x00,0x18,0x00,0x98,0xFF,0xFE,0x0C,0x18,0x3E,0x9E,0x63,0xFE,0x6D,0xFE,0x6D,
0xFE,0x6D,0xFE,0x6D,0xFE,0x6D,0xFE,0x6D,0x18,0x1E,0xD8,0x36,0x78,0x63,0xF0,0xC1,
/*  621 */ 
0x00,0x00,0x00,0x00,0xFC,0x7F,0x86,0x61,0x86,0x61,0xFE,0x7F,0x9E,0x6D,0x9E,0x79,
0x9E,0x79,0x9E,0x79,0xF6,0x7F,0x86,0x71,0x86,0x71,0x86,0x7F,0x06,0x60,0xFC,0x7F,
/*  622 */ 
0x00,0x00,0x00,0x0C,0x0C,0x0C,0x7C,0x0C,0xC6,0xFF,0xC6,0x6C,0xFE,0x6D,0x98,0x6D,
0x98,0x6D,0xFE,0x6D,0x98,0x6D,0x18,0x7F,0x18,0x0C,0x18,0xCC,0x78,0xCC,0x38,0xFC,
/*  623 */ 
0x00,0x00,0x00,0x00,0xF8,0x7F,0x0E,0x03,0xFC,0xFF,0x06,0x03,0x06,0x03,0xF6,0x7F,
0x1E,0x60,0xF6,0x7F,0x1E,0x60,0x1E,0x60,0xF6,0x7F,0x1E,0x60,0x1E,0x60,0xF3,0x7F,
/*  624 */ 
0x00,0x00,0x00,0x00,0xEC,0xFF,0x6C,0x0C,0xF8,0xFF,0x60,0x0C,0xE0,0x7F,0xFE,0x61,
0xF8,0x61,0xF8,0x7F,0xF8,0x61,0xF8,0x7F,0xB8,0x61,0x98,0x7F,0x7C,0x00,0xC6,0xFF,
/*  625 */ 
0x00,0x00,0x18,0x00,0xF8,0xFF,0x78,0xCE,0xD8,0x7B,0xFE,0x73,0x98,0x73,0xF8,0xDE,
0x18,0x00,0xF8,0xFF,0xDC,0xDE,0xDF,0xF3,0x98,0x73,0x98,0x73,0xD8,0xFB,0xFE,0xCE,
/*  626 */ 
0x00,0x00,0x00,0x00,0x3E,0x7F,0xB6,0xC1,0xB6,0x61,0xF6,0x67,0x36,0x3C,0x36,0x0E,
0xF6,0x07,0x36,0xFE,0x36,0xC3,0xB6,0xC3,0xF6,0x6E,0x3E,0x78,0x00,0x38,0xE0,0x0F,
/*  627 */ 
0x00,0x00,0xC0,0x00,0xE0,0x7F,0x70,0x30,0x38,0x30,0xEC,0x18,0x80,0x0F,0x00,0x03,
0xF0,0x7F,0x9E,0xC1,0xC0,0xC0,0xF8,0x61,0x00,0x67,0x00,0x3C,0x00,0x0E,0xFE,0x03,
/*  628 */ 
0x00,0x00,0x80,0x01,0x80,0x01,0xFE,0xFF,0x80,0x03,0xC0,0x06,0x60,0x1C,0x38,0x30,
0x0F,0xF8,0xFE,0xFF,0x18,0x18,0x30,0x18,0x60,0x18,0xC0,0x18,0x00,0x18,0x00,0x1F,
/*  629 */ 
0x00,0x00,0x00,0x00,0x00,0x3F,0x8C,0x31,0x8C,0x31,0xBE,0x31,0x8C,0x31,0xCC,0xF0,
0x0C,0x06,0xEC,0xFF,0x0C,0x0E,0x6C,0x1F,0x38,0x1F,0x8C,0x77,0xE7,0xE6,0x00,0x00,
/*  630 */ 
0x00,0x00,0x18,0x00,0x18,0x3E,0x7E,0x33,0x66,0x33,0x7E,0x33,0x66,0x33,0xFE,0xE1,
0x66,0x0C,0xE6,0xFF,0xFF,0x1E,0x70,0x1E,0x78,0x3F,0x6E,0x6F,0xE0,0xCD,0xFC,0x0C,
/*  631 */ 
0x00,0x00,0x00,0x00,0xE0,0x0F,0x30,0x0C,0x30,0x0C,0x30,0x0C,0x30,0x0C,0x9C,0xFD,
0x86,0x01,0xFE,0xFF,0x80,0x03,0xC0,0x07,0xE0,0x0D,0xB8,0x19,0x8E,0x71,0x80,0x01,
/*  632 */ 
0x00,0x00,0x00,0x00,0x3E,0x3F,0x36,0x33,0x36,0x33,0x36,0x33,0x3E,0x33,0x9C,0xFD,
0x1E,0x0C,0xDE,0xFF,0x7E,0x1E,0x1E,0x1E,0x1E,0x3F,0xFE,0x6D,0xFE,0xCC,0x6E,0x0C,
/*  633 */ 
0x00,0x00,0x00,0x0C,0x18,0x0C,0x7C,0xFF,0xFE,0xC1,0xFE,0xC1,0xFE,0xC1,0x7E,0x03,
0x7E,0x33,0x66,0x1B,0x7E,0x0F,0x7E,0x07,0x7E,0xC3,0x7E,0xC3,0x76,0xC3,0x70,0x7E,
/*  634 */ 
0x00,0x00,0x00,0x00,0xF8,0xC1,0x98,0xD9,0x98,0xD9,0x98,0xD9,0x8C,0xD9,0xEE,0xDF,
0x60,0xD8,0xFE,0xDF,0x70,0xD8,0xF0,0xD8,0xF8,0xD9,0x6C,0xC3,0x66,0xC6,0x60,0xF8,
/*  635 */ 
0x00,0x00,0x0C,0x03,0x0C,0x03,0xEC,0xFF,0xBE,0x7F,0xBE,0x0D,0xFE,0x0C,0xFF,0xFF,
0x0F,0x3F,0xCF,0xE1,0xCC,0xFF,0xCC,0xC0,0xCC,0xC0,0xCC,0xFF,0xCC,0xC0,0xCC,0x7C,
/*  636 */ 
0x00,0x00,0x00,0x06,0x7C,0x06,0xE6,0xFF,0x36,0x03,0x1E,0x7F,0xB6,0x63,0xE6,0x7F,
0x66,0x7F,0x66,0x63,0x36,0x7B,0x06,0x30,0x00,0x00,0xFC,0x7F,0x80,0x01,0xFE,0xFF,
/*  637 */ 
0x00,0x00,0x00,0x00,0x0C,0x3E,0xDC,0x7B,0xBE,0x79,0xBE,0xD9,0xFE,0xFF,0xBE,0xD9,
0xBE,0x79,0xBE,0x7F,0x3E,0x7B,0xFE,0x31,0xBC,0x39,0xBC,0xFD,0xB8,0xE7,0xFF,0xE1,
/*  638 */ 
0x00,0x00,0x00,0x00,0x0C,0x3F,0xFE,0x7B,0x3E,0xDB,0x3E,0xDB,0xFE,0xFF,0x3E,0x1B,
0x3E,0x1B,0x3E,0x7F,0x3E,0x7B,0xFE,0x33,0x3E,0xFB,0x3E,0xFF,0x3E,0xE7,0xC0,0xE3,
/*  639 */ 
0x00,0x00,0x00,0x18,0xF8,0x3C,0xEE,0xE6,0xEC,0xDF,0x6C,0xF6,0xFE,0xC7,0x6C,0x76,
0xEC,0x07,0xFC,0xFF,0xFC,0xC0,0xEE,0xC0,0x6C,0xFE,0xFC,0xC1,0xDC,0xC1,0x8E,0xF9,
/*  640 */ 
0x00,0x00,0x18,0x0C,0xF8,0x3F,0xCC,0x6C,0xCC,0x6C,0xCC,0x0C,0xFC,0xFF,0xCE,0x0C,
0xCF,0x6C,0xCC,0x6C,0xCC,0x3F,0xFC,0x18,0xCC,0xDC,0xCC,0xDE,0xCC,0xF3,0xFC,0xE0,
/*  641 */ 
0x00,0x00,0x30,0x00,0x30,0xFF,0xFE,0x19,0x9E,0x19,0xFE,0xFF,0xCC,0xDB,0x7E,0xDB,
0x30,0xDB,0xF8,0xDB,0x8C,0xDB,0xFE,0xD8,0xCC,0x7C,0xCC,0x6C,0xCC,0x66,0xFC,0xC3,
/*  642 */ 
0x00,0x00,0x00,0x00,0x0C,0x0C,0x98,0x0D,0xB0,0x6D,0x80,0x3D,0xDE,0x3D,0xD8,0x1D,
0xF8,0x0D,0xF8,0x0F,0x98,0x0D,0x98,0xCD,0x98,0xCD,0xF8,0xCD,0xB8,0xCD,0x98,0xFD,
/*  643 */ 
0x00,0x00,0x00,0x00,0xCC,0x1F,0x0C,0x7B,0x3E,0xDB,0x6C,0x1B,0xEC,0xFF,0x6C,0x1B,
0x66,0xDB,0x36,0x7B,0x3E,0x7F,0xFC,0x3B,0x38,0x3B,0x38,0xFB,0x7C,0xFF,0xCE,0xE7,
/*  644 */ 
0x00,0x00,0x00,0x00,0xFE,0xFF,0x60,0x06,0x6C,0x36,0x78,0x36,0x70,0x1E,0x70,0x1E,
0xFE,0xFF,0x00,0x00,0x80,0x31,0x3C,0x63,0x3C,0x63,0x36,0xC6,0x36,0xDE,0xE0,0x1F,
/*  645 */ 
0x00,0x00,0x00,0x00,0xFC,0xFF,0x0C,0x00,0x0C,0x00,0xEC,0x1F,0x3C,0x18,0x3C,0x18,
0x3C,0x18,0x3C,0x18,0x3C,0x18,0x3C,0x1F,0x36,0xC0,0x36,0xC0,0x36,0xC0,0xE6,0x7F,
/*  646 */ 
0x00,0x00,0x00,0x00,0xC0,0xFF,0x6C,0x00,0x7E,0x00,0x6C,0x3F,0x6C,0x63,0x6C,0x63,
0x6C,0x63,0x78,0x63,0x6E,0x33,0x6C,0x1F,0x6C,0xC3,0x6C,0xC3,0x6C,0xC3,0x3E,0x7F,
/*  647 */ 
0x00,0x00,0x00,0x00,0xE6,0x7F,0x6C,0x60,0xEC,0x7F,0x78,0x60,0xE0,0x3F,0xCE,0x00,
0xEC,0xFF,0x7C,0xC6,0x6C,0xCF,0xEC,0xF9,0xEC,0xC0,0xF8,0x7F,0x3C,0x78,0xE6,0xFF,
/*  648 */ 
0x00,0x00,0x00,0x00,0xFE,0xFF,0x76,0xCF,0x76,0x6F,0x76,0x6F,0xFE,0x6F,0xFC,0x6F,
0x00,0x6C,0xFE,0xCF,0x0C,0xCC,0xFC,0xCC,0x98,0xCF,0x00,0xFF,0x0C,0x0F,0xF8,0x0D,
/*  649 */ 
0x00,0x00,0x00,0x00,0x0C,0x7E,0x9C,0x7B,0xF6,0xD9,0xE6,0xD9,0xFF,0xFF,0x8C,0x19,
0x8C,0xD9,0x8C,0x7F,0x0C,0x73,0xCC,0x31,0x8C,0xF1,0xEC,0xF9,0xBC,0xED,0xE0,0xE1,
/*  650 */ 
0x00,0x00,0x00,0x00,0xFC,0x7F,0x8C,0x61,0xFC,0x7F,0x8C,0x67,0xCC,0x6C,0x6C,0x78,
0x0C,0x78,0xFC,0x7F,0xBC,0x01,0x3C,0x63,0x3C,0x73,0x36,0xF6,0x36,0xD8,0xE6,0x1F,
/*  651 */ 
0x00,0x00,0x00,0x00,0xFE,0xFF,0x80,0x01,0x80,0x01,0xFC,0x7F,0x66,0x66,0x66,0x66,
0x66,0x66,0x66,0x66,0x66,0x66,0x66,0x66,0x66,0x66,0x66,0x66,0x66,0x66,0x00,0x78,
/*  652 */ 
0x00,0x00,0x00,0x00,0x60,0x00,0x60,0x06,0x60,0x06,0x60,0x06,0x60,0x06,0x60,0x06,
0x60,0x06,0x60,0x06,0x60,0x06,0x60,0x06,0x30,0x06,0x30,0xC6,0x1C,0xC6,0x06,0xFC,
/*  653 */ 
0x00,0x00,0x00,0x00,0xFE,0xFF,0x18,0x30,0x18,0x30,0x18,0x30,0xF8,0x3F,0x18,0x30,
0x18,0x30,0xF8,0x3F,0x18,0x30,0x18,0x30,0x18,0x30,0x18,0xFF,0xFE,0x31,0x00,0x30,
/*  654 */ 
0x00,0x00,0x00,0x00,0x18,0x00,0xF8,0x3F,0x18,0xE3,0x0C,0xC3,0x0C,0x63,0x06,0x03,
0x30,0x1B,0x30,0x33,0x18,0x33,0x18,0x63,0x0C,0x63,0x0C,0xC3,0x06,0xC3,0xE0,0x03,
/*  655 */ 
0x00,0x00,0x00,0x00,0x8C,0xFF,0x7C,0x63,0x66,0x63,0x66,0x63,0x7B,0x7F,0x18,0x63,
0x18,0x63,0x18,0x63,0x18,0x7F,0x18,0x63,0x18,0x63,0x78,0xE3,0xF8,0x7F,0x18,0x60,
/*  656 */ 
0x00,0x00,0x00,0x00,0xEC,0xFF,0xD8,0x60,0xC0,0x60,0xC0,0x60,0xC6,0x7F,0xDC,0x60,
0xD8,0x60,0xC0,0x60,0xD8,0x7F,0xD8,0x60,0xCC,0x60,0xCC,0xE0,0xF6,0x7F,0x06,0x60,
/*  657 */ 
0x00,0x00,0x00,0x00,0x00,0x00,0xFC,0x7F,0x00,0x00,0x00,0x00,0x00,0x00,0x00,0x00,
0x00,0x00,0x00,0x00,0x00,0x00,0x00,0x00,0x00,0x00,0xFE,0xFF,0x00,0x00,0x00,0x00,
/*  658 */ 
0x00,0x00,0x00,0x00,0x00,0x6C,0xFE,0xFF,0x00,0xCC,0xF8,0x0F,0xFE,0x1F,0x00,0x18,
0xF8,0x1F,0x0C,0x1E,0xCC,0x1E,0x6C,0x1E,0x6C,0xDE,0xE0,0xF1,0x38,0xF7,0x0E,0xEC,
/*  659 */ 
0x00,0x00,0x80,0x01,0x98,0x1D,0x8C,0x31,0xCC,0x00,0xFC,0xFF,0xC0,0x00,0xC0,0x00,
0xE0,0x7F,0xE0,0x31,0x30,0x33,0x30,0x1B,0x18,0x0E,0x0C,0x0E,0x86,0x3B,0xF0,0xE0,
/*  660 */ 
0x00,0x00,0x00,0x00,0xFE,0xFF,0x66,0xCC,0x66,0xCC,0xFC,0x7F,0x0C,0x60,0x18,0x66,
0x30,0x66,0x1E,0x66,0x18,0x66,0x18,0x66,0x18,0x66,0xD8,0x60,0x78,0x66,0x38,0x7C,
/*  661 */ 
0x00,0x00,0x18,0x06,0xF8,0x07,0x3C,0x7F,0x66,0x1B,0x80,0x0D,0x18,0x1B,0x18,0x33,
0x1C,0xFF,0xFC,0x03,0x1E,0x33,0x18,0x1E,0x18,0xCE,0x18,0xCF,0xF8,0xD9,0x38,0xF0,
/*  662 */ 
0x00,0x00,0x18,0x03,0x18,0x1B,0x18,0x33,0x0C,0x63,0xFC,0xFF,0x0C,0x03,0x0E,0x63,
0x0E,0x33,0x0C,0x1E,0x0C,0x1E,0x0C,0x0E,0x0C,0x0F,0xCC,0xDD,0x7C,0xD8,0x0C,0xF0,
/*  663 */ 
0x00,0x00,0x00,0x00,0xFC,0x3F,0xC0,0x00,0x80,0x03,0x00,0x06,0xFC,0x7F,0x00,0x60,
0x00,0x30,0x00,0x18,0x00,0x0C,0x00,0x07,0xC0,0x01,0x7C,0x00,0xE6,0x00,0x86,0xFF,
/*  664 */ 
0x00,0x00,0x06,0x00,0xEC,0x7F,0x38,0xC0,0x06,0xC0,0xE6,0xCD,0xE6,0xD9,0x36,0xFF,
0xF6,0xC3,0x3E,0xDB,0x3E,0xCF,0x36,0xC6,0x36,0xF7,0xF6,0xFD,0x76,0xF8,0x06,0xF8,
/*  665 */ 
0x00,0x00,0x00,0x06,0x06,0x06,0x0C,0x06,0xF8,0x7F,0x00,0x06,0x06,0x06,0x0C,0x06,
0xF8,0xFF,0x18,0x03,0x18,0x03,0x98,0x19,0x98,0x31,0xCC,0x60,0x6C,0x7C,0xE6,0xC7,
/*  666 */ 
0x00,0x00,0x00,0x00,0x00,0x06,0x3E,0x06,0xCC,0xFF,0x0C,0x06,0x0C,0x06,0x0C,0x06,
0xFF,0xFF,0x0C,0x06,0x0C,0x03,0x0C,0x33,0x8C,0x61,0xBC,0x61,0xDC,0xFF,0x06,0xC0,
/*  667 */ 
0x00,0x00,0x30,0x0C,0xFE,0x7F,0x30,0x0C,0x00,0x6C,0xEC,0x3F,0xF8,0x1E,0xF0,0xFF,
0x9E,0x1F,0xE0,0x36,0xF0,0xFF,0x78,0x76,0x3C,0x66,0xEC,0x7F,0x36,0x66,0xE6,0x7F,
/*  668 */ 
0x00,0x00,0x00,0x00,0x18,0x3E,0x18,0x33,0x7C,0x33,0x7E,0x37,0x7E,0x37,0x7E,0x3F,
0x7E,0x3F,0x7E,0x3F,0x7E,0x3B,0x7E,0xBB,0xFE,0xB9,0x98,0xF1,0x98,0xF1,0xD8,0xE0,
/*  669 */ 
0x00,0x00,0x00,0x00,0xFC,0x3F,0xB0,0x19,0xB0,0x19,0xFE,0xFF,0xC0,0x07,0xE0,0x1D,
0xB8,0x31,0xFE,0xFF,0x8C,0x61,0x8C,0x61,0xFC,0x7F,0x8C,0x61,0x8C,0x61,0xF8,0x3F,
/*  670 */ 
0x00,0x00,0x00,0x00,0xFE,0xFF,0xFC,0xCC,0xFC,0xDD,0xFE,0xFF,0x38,0xFE,0x7C,0xEC,
0xF6,0xEE,0x78,0xFE,0xFE,0xFF,0xF6,0xFF,0xFE,0xDD,0xF6,0xCC,0xF6,0xCC,0xFE,0xFF,
/*  671 */ 
0x00,0x00,0x00,0x00,0xD8,0x36,0xFE,0xFF,0x98,0x37,0xFC,0x7E,0xFC,0x7E,0xFE,0xFF,
0x9E,0x37,0xF8,0x3D,0x98,0x31,0xFE,0xFF,0xC0,0x03,0xC0,0x0E,0x70,0x18,0x1E,0xF0,
/*  672 */ 
0x00,0x00,0x00,0x00,0x7E,0x3F,0x98,0x31,0x98,0x37,0x8C,0x37,0x8C,0x37,0xFE,0x37,
0xEE,0x3D,0xEF,0x3D,0xEC,0x3D,0xEC,0xF9,0xEC,0xF9,0xEC,0xF1,0xEC,0xF0,0xF8,0xF0,
/*  673 */ 
0x00,0x00,0x0C,0x00,0x0C,0x3F,0xFC,0x31,0xC6,0x37,0x86,0x37,0x80,0x37,0xFE,0x3D,
0x98,0x3D,0x98,0x3D,0xFE,0x3D,0x98,0xF9,0x98,0xF1,0x98,0xF1,0xF8,0xF0,0xF8,0xF0,
/*  674 */ 
0x00,0x00,0x00,0x0C,0xFC,0x0F,0x06,0x7E,0xFC,0x6F,0xBC,0x3F,0xFE,0x3B,0xBC,0x39,
0xFC,0x6F,0xC0,0xCF,0x70,0x06,0xF8,0x33,0xF0,0x7F,0x7E,0xCF,0x70,0x3B,0xFE,0xE1,
/*  675 */ 
0x00,0x00,0x00,0x00,0xF8,0x0F,0x18,0x0C,0x78,0x0C,0x78,0x0C,0xD8,0x0C,0xD8,0x0C,
0x98,0x0D,0x98,0x0D,0x18,0x0F,0x0C,0x0F,0x0C,0xCE,0x0C,0xCC,0x06,0xD8,0x00,0xF8,
/*  676 */ 
0x00,0x00,0x18,0x00,0xD8,0xFF,0x78,0x0C,0x7E,0x0C,0xBE,0x7F,0xFE,0x6C,0xFE,0x6C,
0xDE,0x6C,0xDE,0x6C,0xD8,0x66,0x18,0x66,0x3C,0x1E,0x3C,0x33,0xE6,0x61,0xC6,0xC0,
/*  677 */ 
0x00,0x00,0x00,0x00,0xF8,0x7F,0x0C,0x00,0x0C,0x00,0xFC,0x1F,0x3C,0x30,0x3C,0x30,
0x6C,0x30,0xCC,0x18,0xCC,0x18,0x8C,0x0D,0x0C,0x07,0x86,0x0F,0xC6,0x38,0x7B,0xE0,
/*  678 */ 
0x00,0x00,0x00,0x00,0xCC,0x3F,0xCC,0x00,0xD8,0x00,0xC0,0x7F,0xC0,0x60,0xDE,0x63,
0xD8,0x36,0x78,0x36,0x78,0x1C,0x78,0x1C,0x78,0x36,0xB8,0x63,0xFC,0x00,0xC6,0xFF,
/*  679 */ 
0x00,0x00,0x00,0x00,0x30,0x18,0xFE,0xFF,0x30,0x18,0x30,0x0C,0x98,0x7F,0xF0,0x60,
0xE6,0x60,0xDC,0x60,0xF0,0x60,0xF0,0x38,0xF0,0xC0,0xD8,0xC0,0xCC,0xC0,0x86,0xFF,
/*  680 */ 
0x00,0x00,0x00,0x00,0x7E,0xFF,0xE6,0x01,0xFE,0x01,0xFE,0x7F,0xFE,0x67,0xFE,0x67,
0xFE,0x67,0xFE,0x3D,0xFE,0x3D,0x8C,0x19,0xBC,0x19,0xBC,0x3D,0xE6,0x66,0xE6,0xC3,
/*  681 */ 
0x00,0x00,0x60,0x00,0x3E,0x7F,0xBC,0x61,0x98,0x61,0xBC,0x61,0xB6,0x61,0xB0,0x61,
0xF0,0x61,0xF8,0x61,0xF8,0x3D,0xEC,0x01,0xE6,0x01,0xE0,0xC1,0xE0,0xC1,0x3C,0x7F,
/*  682 */ 
0x00,0x00,0x00,0x00,0x0C,0xFF,0xFC,0x01,0xCC,0x01,0xE6,0x01,0xF8,0x7F,0x98,0x67,
0x98,0x67,0x98,0x67,0x98,0x3D,0x98,0x3D,0x98,0x19,0xF8,0x3C,0xF8,0x66,0x18,0xC3,
/*  683 */ 
0x00,0x00,0x00,0x00,0x8C,0x7F,0xF8,0x03,0x18,0x06,0x00,0x06,0xE6,0x7F,0x0C,0x60,
0x18,0x30,0x30,0x38,0x30,0x1C,0x18,0x06,0x18,0x03,0xCC,0x01,0xF6,0x03,0x1E,0xFE,
/*  684 */ 
0x00,0x00,0x00,0x06,0x18,0x06,0xF8,0xFF,0x18,0x03,0x7F,0x03,0x18,0x03,0x18,0x7F,
0x18,0xC3,0x18,0xC3,0x18,0xC3,0x78,0x63,0xB8,0x61,0x8E,0x61,0xC0,0x60,0x70,0x3F,
/*  685 */ 
0x00,0x00,0x00,0x18,0x30,0x18,0xFE,0xFF,0xB0,0x19,0x30,0x1B,0xFE,0xFF,0x60,0x00,
0x60,0x00,0xE0,0x1F,0x60,0x70,0x60,0x60,0x30,0x30,0x30,0x30,0x18,0x30,0x0E,0x1F,
/*  686 */ 
0x00,0x00,0x80,0x01,0x80,0x01,0xFF,0xFF,0x60,0x00,0x60,0x00,0x60,0x00,0xE0,0x7F,
0x30,0x60,0x30,0x60,0x30,0x60,0x18,0x60,0x18,0x60,0x0C,0x30,0x0C,0x30,0x86,0x1F,
/*  687 */ 
0x00,0x00,0x00,0x00,0x3C,0x0C,0xE6,0xFF,0xE6,0x03,0x66,0x03,0x7C,0x03,0x66,0x7F,
0x66,0x63,0x66,0x63,0x66,0x63,0x7E,0x63,0x66,0x63,0xE6,0x61,0xE6,0x61,0xFB,0x3C,
/*  688 */ 
0x00,0x00,0x80,0x01,0x80,0x01,0xFC,0x7F,0x0C,0x60,0x0C,0x60,0xFC,0x7F,0x0C,0x03,
0xFC,0xFF,0xCC,0x00,0xCC,0x00,0xC6,0x7F,0xC6,0x60,0x66,0x60,0x36,0x60,0x1E,0x3F,
/*  689 */ 
0x00,0x00,0x00,0x00,0x3E,0x06,0x36,0x0C,0xF6,0x7F,0x1E,0x03,0x1E,0x03,0x36,0x7F,
0x36,0x63,0x36,0x63,0xB6,0x61,0xBE,0x61,0x86,0x61,0xC6,0x60,0x66,0x60,0x36,0x3E,
/*  690 */ 
0x00,0x00,0x18,0x00,0x18,0x0C,0x0C,0x0C,0xFF,0xFF,0x6C,0x03,0x6C,0x03,0x6C,0xFF,
0x66,0xC3,0x66,0xC3,0x66,0xC3,0x3C,0xC3,0x38,0xC3,0xB8,0x61,0xEC,0x61,0xC6,0x7E,
/*  691 */ 
0x00,0x00,0x00,0x00,0x18,0x06,0x18,0x06,0xF8,0xFF,0x8C,0x01,0x8C,0x01,0x0C,0x7F,
0x8E,0x61,0x8C,0x61,0x8C,0x61,0x8C,0x61,0xCC,0x60,0xCC,0x60,0x6C,0x60,0x3C,0x3E,
/*  692 */ 
0x00,0x00,0x00,0x00,0x0C,0x06,0x18,0x0C,0xF0,0xFF,0x80,0x01,0x9E,0x01,0x98,0x7F,
0x98,0x61,0x98,0x61,0x98,0x61,0x98,0x61,0xF8,0x61,0xF8,0x60,0xF8,0x60,0x60,0x7C,
/*  693 */ 
0x00,0x00,0x00,0x00,0x18,0x0C,0xD8,0xFF,0x0C,0x03,0x6C,0x03,0x36,0x03,0x3E,0x7F,
0x18,0x63,0x18,0x63,0x7C,0x63,0x1E,0x63,0x80,0x61,0xE0,0x61,0xFE,0x60,0xC0,0x3E,
/*  694 */ 
0x00,0x00,0x18,0x06,0x30,0x06,0xFF,0xFF,0x0C,0x63,0x0C,0x63,0xFC,0x63,0xCC,0x33,
0xCC,0x33,0xCC,0x36,0xCC,0x36,0xCC,0x1C,0xC6,0x1C,0xC6,0x1C,0xC6,0x77,0xFB,0xC1,
/*  695 */ 
0x00,0x00,0x30,0x18,0x30,0x18,0xFE,0x7F,0x30,0x1E,0xC0,0x06,0xFE,0xFE,0xC0,0x06,
0xC0,0x06,0xFE,0xFE,0xC0,0x06,0xC0,0x06,0xC0,0x06,0xFE,0xFE,0xC0,0x06,0xC0,0x06,
/*  696 */ 
0x00,0x00,0x00,0x06,0xC0,0x06,0xFE,0x7E,0xC0,0x06,0xC0,0x06,0xC0,0x06,0xC0,0x06,
0xFE,0x3E,0xC0,0x06,0xC0,0x06,0xC0,0x06,0xFE,0xFE,0xC0,0x06,0xC0,0x06,0xC0,0x06,
/*  697 */ 
0x00,0x00,0x00,0x1B,0x00,0x1B,0xFE,0xFB,0x36,0x1B,0x36,0x1B,0x36,0x1B,0x36,0x1B,
0xF6,0xFB,0x36,0x1B,0x36,0x1B,0x36,0x1B,0x36,0x1B,0xFC,0x7B,0x00,0x1B,0x00,0x1B,
/*  698 */ 
0x00,0x00,0x00,0x00,0xFE,0x07,0x00,0x0C,0x00,0xEC,0x00,0x7C,0x00,0x3C,0x00,0x0C,
0x00,0x1C,0x00,0x7C,0x00,0xCC,0x00,0x0C,0x00,0x0C,0x00,0x0C,0x00,0xD8,0x00,0xF0,
/*  699 */ 
0x00,0x00,0x00,0x00,0xBC,0x7F,0xF6,0x6C,0xF6,0x6C,0xF6,0x6C,0xFE,0x6C,0xF6,0x6C,
0xB6,0x7F,0xF6,0x00,0xFE,0x00,0xF6,0x00,0xF6,0x00,0xF6,0xC0,0xF6,0xC0,0xB8,0xFF,
/*  700 */ 
0x00,0x00,0x00,0x00,0xFC,0xFF,0x86,0x07,0x86,0x07,0xFE,0xFD,0x86,0x07,0x86,0x07,
0xFE,0xFD,0x86,0x07,0x86,0x07,0x86,0x07,0xFE,0xFD,0x86,0x07,0x86,0x07,0xFC,0xFF,
/*  701 */ 
0x00,0x00,0x00,0x1B,0x0C,0x1B,0x18,0x1B,0xC0,0x7B,0x00,0x1B,0x0E,0x1B,0x0C,0x1B,
0xEC,0xFB,0x0C,0x1B,0x0C,0x1B,0x0C,0x1B,0xEC,0xFB,0x6C,0x1B,0x3C,0x1B,0x18,0x1B,
/*  702 */ 
0x00,0x00,0x00,0x00,0x1C,0x3E,0x36,0x76,0x36,0xE6,0xF6,0xFF,0x76,0x06,0x36,0x0E,
0x36,0x0E,0x36,0x0F,0x36,0x1B,0x36,0x1B,0xB6,0x31,0xB6,0x61,0xF6,0x60,0x7C,0xC0,
/*  703 */ 
0x00,0x00,0x00,0x0C,0x3C,0x0C,0xE6,0xFF,0x66,0x0C,0x66,0x0C,0xFE,0x7F,0xE6,0x6C,
0xE6,0x6C,0xE6,0x6C,0xFE,0x6C,0xE6,0x6C,0xE6,0x6C,0xE6,0x6C,0x66,0x7C,0x3B,0x0C,
/*  704 */ 
0x00,0x00,0x00,0x00,0x00,0x03,0xFC,0xFF,0x3C,0x1B,0x3C,0x33,0xBC,0x01,0xFC,0x7F,
0x8C,0x01,0x8C,0x3F,0xCC,0x33,0xCC,0x33,0x6C,0x1E,0x66,0x0C,0x36,0x1F,0xDB,0xF1,
/*  705 */ 
0x00,0x00,0x00,0x00,0x8E,0x0D,0xF8,0x7F,0x80,0x6D,0x80,0x6D,0x86,0x6D,0xEC,0x3F,
0xB8,0x0D,0xB8,0x0D,0xF8,0xFF,0x98,0xCD,0xCC,0xCC,0xCC,0xCC,0x66,0xCC,0x30,0x70,
/*  706 */ 
0x00,0x00,0x60,0x06,0xFE,0x7F,0x60,0x66,0xFC,0x7F,0x66,0x06,0xFC,0xFF,0x38,0xC6,
0x0C,0xE6,0xF8,0x3F,0x98,0x31,0x98,0x31,0x98,0x31,0xD8,0x3E,0x60,0x18,0x3C,0x70,
/*  707 */ 
0x00,0x00,0x00,0x00,0x30,0x0C,0xFE,0xFF,0x00,0x0C,0xC0,0x0E,0x60,0x0C,0x30,0x38,
0x1C,0x60,0xF7,0xDF,0xC0,0x30,0x60,0x30,0x60,0x30,0x30,0x30,0x18,0x30,0x8E,0x1F,
/*  708 */ 
0x00,0x00,0x00,0x00,0xFE,0x36,0x3C,0x36,0x7C,0x66,0xFE,0x63,0xFE,0xC3,0xFE,0xFF,
0xFE,0x67,0xFE,0x66,0xEE,0x66,0xC6,0x66,0xFE,0x66,0xC6,0x66,0xC6,0x63,0xFC,0x7D,
/*  709 */ 
0x00,0x00,0x00,0x00,0x3C,0x1B,0xB6,0x19,0xB6,0x31,0xF6,0x60,0xF6,0xC0,0xF6,0xDF,
0x36,0x73,0x36,0x63,0x36,0x63,0x36,0x63,0xB6,0x61,0xB6,0x61,0xF6,0x30,0x7C,0x3E,
/*  710 */ 
0x00,0x00,0x30,0x00,0x18,0x00,0xF8,0x7F,0xFC,0x7F,0x1E,0x00,0xFC,0x1F,0x80,0x31,
0x30,0x33,0x18,0x36,0xFC,0x3F,0x66,0x3E,0x60,0xB6,0x30,0xF6,0x18,0xE6,0xCC,0xE3,
/*  711 */ 
0x00,0x00,0x00,0x06,0x60,0x0C,0x60,0x0C,0x30,0x18,0x30,0x30,0x18,0x60,0xFE,0xFF,
0xC0,0xB0,0xC0,0x30,0xC0,0x30,0x60,0x30,0x60,0x30,0x30,0x30,0x18,0x30,0x0E,0x1F,
/*  712 */ 
0x00,0x00,0x00,0x00,0x18,0x1B,0x8C,0x19,0xEC,0x31,0xF6,0x60,0xF6,0xC0,0xFC,0xDF,
0x18,0x73,0x0C,0x63,0x7E,0x63,0x0E,0x63,0x80,0x61,0xF0,0x61,0xDE,0x30,0x60,0x3E,
/*  713 */ 
0x00,0x00,0x00,0x00,0x0C,0x06,0x0C,0x06,0xEC,0xFF,0xFE,0x30,0x8C,0x31,0x8C,0x31,
0x8C,0x19,0x0C,0x1B,0x0C,0x0F,0x0C,0x0E,0x3C,0x0E,0x1C,0x1B,0xC7,0x31,0x60,0xE0,
/*  714 */ 
0x00,0x00,0x00,0x00,0x30,0x18,0xFE,0xFF,0x70,0x1C,0xF8,0x3E,0xFC,0x7B,0xB6,0xD9,
0xB0,0x19,0xB0,0x31,0x98,0x31,0x98,0x1B,0xC0,0x1E,0xC0,0x0C,0x70,0x38,0x1E,0xE0,
/*  715 */ 
0x00,0x00,0x00,0x18,0x0E,0x1B,0x18,0x33,0xB0,0x31,0x80,0x61,0xC0,0x60,0xCE,0xC0,
0xF8,0xFF,0x00,0x63,0x30,0x63,0x18,0x63,0x18,0x63,0x8C,0x61,0xCC,0x60,0x66,0x3C,
/*  716 */ 
0x00,0x00,0x18,0x00,0x18,0x1E,0x7E,0x33,0x7E,0x33,0xFE,0x61,0xBC,0xC1,0xD8,0xFF,
0x7E,0x66,0x18,0x66,0x3C,0x66,0x7C,0x66,0x7E,0x63,0x1E,0x63,0x98,0x61,0xD8,0x3C,
/*  717 */ 
0x00,0x00,0x80,0x01,0x80,0x01,0xFC,0x7F,0xC0,0x06,0x60,0x0C,0x30,0x18,0x1C,0x70,
0xFF,0xFF,0x8C,0x61,0x8C,0x61,0xFC,0x7F,0x8C,0x61,0x8C,0x61,0x8C,0x61,0xF8,0x3F,
/*  718 */ 
0x00,0x00,0x00,0x00,0x98,0x19,0x98,0x19,0xD8,0x30,0xCC,0x60,0x6C,0x60,0xFC,0xDF,
0x0E,0x33,0x0C,0x33,0x8C,0x31,0x8C,0x31,0x8C,0x31,0xCC,0x30,0x6C,0x30,0x3C,0x1E,
/*  719 */ 
0x00,0x00,0x00,0x06,0x60,0x0C,0x30,0x18,0x1C,0x30,0xF6,0xFF,0xC0,0x30,0x60,0x30,
0x38,0x30,0x8E,0x1F,0x8C,0x31,0xBC,0x61,0x3C,0x7B,0x3C,0xDB,0x36,0xD8,0xE6,0x0F,
/*  720 */ 
0x00,0x00,0x00,0x0C,0xD8,0xFF,0x18,0x0C,0x3E,0x3F,0xFE,0xFF,0x3E,0x33,0xBE,0x7F,
0xFE,0x60,0xDB,0xCC,0xDB,0xCC,0xD8,0xC6,0xD8,0xDE,0x18,0x37,0x98,0x63,0xD8,0xC0,
/*  721 */ 
0x00,0x00,0x00,0x00,0xB0,0x31,0xB0,0x19,0xFE,0xFF,0xC0,0x07,0xE0,0x0D,0xB8,0x79,
0xEE,0xCD,0xF8,0x7F,0x60,0x0C,0x60,0x0C,0xFC,0xFF,0x00,0x00,0x70,0x1C,0x1C,0x70,
/*  722 */ 
0x00,0x00,0x00,0x00,0x80,0x01,0x80,0x01,0xFC,0x7F,0x80,0x01,0x80,0x01,0xFC,0x7F,
0x80,0x01,0x80,0x01,0x80,0x01,0xFE,0xFF,0x80,0x01,0x80,0x01,0x80,0x01,0x00,0x00,
/*  723 */ 
0x00,0x00,0x30,0x00,0x30,0x60,0x30,0x60,0xFC,0xFF,0x30,0x60,0x30,0x60,0xFE,0x67,
0x00,0x66,0x30,0x6C,0x30,0x6C,0xFC,0x6C,0x30,0x60,0x30,0x60,0x30,0x60,0xFE,0x7E,
/*  724 */ 
0x00,0x00,0x00,0x00,0xC0,0x7F,0xCC,0x78,0xCC,0x79,0xDC,0x7B,0xDC,0x7B,0xFC,0x6E,
0xFC,0x6E,0xEE,0x6C,0xCE,0x6E,0xCF,0x7E,0xCC,0xFB,0xEC,0xF9,0x6C,0xF0,0x00,0xC0,
/*  725 */ 
0x00,0x00,0x00,0x00,0x0C,0x3F,0x8C,0x63,0xFE,0x36,0x3E,0x1C,0x3E,0x3F,0xFE,0xED,
0x3E,0x0C,0xFE,0xFF,0x3E,0x0C,0xDC,0xFF,0x3C,0x0C,0xEC,0xFF,0x78,0x0C,0x6E,0x0C,
/*  726 */ 
0x00,0x00,0x00,0x00,0x18,0x3F,0xFE,0x33,0xFE,0x1B,0x7E,0x0E,0x7E,0x3F,0xFE,0xED,
0x7E,0x0C,0xFE,0x7F,0x7E,0x0C,0xFE,0x7F,0x7E,0x0C,0xFE,0xFF,0x3E,0x0C,0x00,0x0C,
/*  727 */ 
0x00,0x00,0x0C,0x06,0x0C,0x7F,0xFC,0x63,0xC6,0x37,0x06,0x1C,0x7E,0x3E,0xD8,0xEF,
0x98,0xFF,0xFE,0x0C,0x18,0x0C,0x98,0x7F,0x18,0x0C,0x98,0xFF,0xD8,0x0C,0x70,0x0C,
/*  728 */ 
0x00,0x00,0x00,0x00,0xFC,0x3F,0x0C,0x3C,0x3C,0x3C,0x6C,0x3C,0x6C,0x36,0xCC,0x36,
0x8C,0x33,0x0C,0x33,0x8C,0x37,0xC6,0x36,0x66,0xBC,0x36,0xF8,0x1E,0xE0,0x03,0xC0,
/*  729 */ 
0x00,0x00,0x00,0x03,0x00,0x03,0xF8,0xFF,0x0E,0x00,0xEE,0x3F,0x7E,0x38,0xFE,0x3C,
0xBC,0x3D,0x3C,0x37,0x3C,0x36,0x3E,0x37,0xBC,0x6D,0xFC,0xF8,0xF6,0xF8,0x7E,0xE0,
/*  730 */ 
0x00,0x00,0x00,0x03,0x98,0x7F,0xDE,0x33,0x7E,0x1E,0x3E,0x0C,0x9E,0x3F,0xFE,0xEC,
0xCC,0xFF,0x0C,0x0C,0x0C,0x0C,0x9C,0x7F,0x1C,0x0C,0xFC,0xFF,0x36,0x0C,0x06,0x0C,
/*  731 */ 
0x00,0x00,0x80,0x01,0x8C,0x3F,0xCC,0x31,0x78,0x1F,0x00,0x1F,0xF0,0xF7,0xEE,0x7F,
0x18,0x06,0x18,0x06,0xF8,0x7F,0x18,0x06,0xF8,0xFF,0x18,0x06,0x7C,0x06,0xC6,0xFF,
/*  732 */ 
0x00,0x00,0x00,0x00,0xF6,0x3F,0x66,0x30,0xCC,0x30,0x6C,0x30,0x78,0x30,0x60,0x30,
0xE0,0x7F,0x38,0xC0,0x18,0xC0,0x18,0xC0,0xFC,0xDF,0x0C,0xC0,0x06,0x66,0x00,0x7C,
/*  733 */ 
0x00,0x00,0x00,0x00,0x78,0x7E,0x6C,0x67,0xCC,0x3F,0xF6,0x19,0x36,0x3E,0xFE,0xFB,
0xD8,0xFF,0xCC,0x18,0xFC,0x7F,0xCE,0x18,0xC0,0xFF,0xF0,0x18,0xFE,0x19,0x30,0xFF,
/*  734 */ 
0x00,0x00,0x00,0x00,0xCC,0x7F,0xD8,0x78,0xC0,0x79,0xC0,0x7B,0xCE,0x7B,0xCC,0x6E,
0xCC,0x6E,0xCC,0x6E,0xCC,0x6E,0xCC,0x6F,0xCC,0xFB,0xFC,0xF9,0x7C,0xF0,0x78,0xC0,
/*  735 */ 
0x00,0x00,0x80,0x01,0xFC,0x7F,0x80,0x01,0x80,0x01,0xFC,0x7F,0xC0,0x00,0xFE,0xFF,
0x60,0x0C,0xB0,0x19,0xF8,0x3F,0xBE,0xF9,0x80,0x01,0xFC,0xFF,0x80,0x01,0x80,0x01,
/*  736 */ 
0x00,0x00,0x00,0x00,0xFC,0x3F,0x06,0x60,0xF6,0x6F,0x06,0x6C,0x36,0x6C,0x66,0x66,
0xC6,0x66,0x86,0x63,0x86,0x63,0xC6,0x63,0x66,0x66,0x36,0xEC,0x1E,0xF8,0x03,0xC0,
/*  737 */ 
0x00,0x00,0x18,0x00,0x98,0x0D,0xF8,0x7F,0x98,0x6D,0x8C,0x6D,0x8C,0x6D,0xEE,0x3F,
0xBE,0x0D,0xBC,0x0D,0xEC,0xFF,0x8C,0xCD,0x8C,0xCD,0xCC,0xCC,0xCC,0xFC,0x7C,0x00,
/*  738 */ 
0x00,0x00,0x00,0x00,0xFE,0xFF,0x00,0x03,0x80,0x03,0xC0,0x0F,0xF0,0x39,0x9C,0x61,
0x86,0xC1,0xF0,0x1F,0x1C,0x70,0x0C,0x60,0x0C,0x60,0x0C,0x60,0x0C,0x60,0xFC,0x7F,
/*  739 */ 
0x00,0x00,0x00,0x00,0x80,0x01,0x80,0x01,0xFC,0x7F,0x80,0x01,0x80,0x01,0x80,0x01,
0x80,0x01,0xFE,0xFF,0x80,0x07,0xC0,0x06,0xC0,0x0C,0x60,0x18,0x38,0x30,0x0E,0xE0,
/*  740 */ 
0x00,0x00,0xC0,0x0C,0xB0,0x0D,0xFE,0xFF,0xFC,0x6D,0x36,0x67,0xFE,0x67,0x36,0x6F,
0xFE,0x6F,0x36,0x6F,0xFE,0x3B,0x18,0x38,0xF8,0x39,0x98,0x39,0x8C,0x6D,0xF6,0xC7,
/*  741 */ 
0x00,0x00,0x00,0x0C,0x3C,0x0C,0x66,0x0C,0xE6,0xFF,0x66,0x0C,0x7E,0x0C,0x66,0x0C,
0xE6,0xFF,0x66,0x0C,0x7E,0x1E,0x66,0x1E,0x66,0x33,0x66,0x33,0xE6,0x61,0xF8,0xC0,
/*  742 */ 
0x00,0x00,0x00,0x00,0xFC,0xF1,0xFE,0x1F,0xFE,0x7F,0xFE,0x7F,0xFE,0x7F,0xFE,0x01,
0xFE,0x7F,0xFE,0x31,0xFE,0x19,0xFE,0x39,0xFE,0xFF,0xF8,0x31,0xF8,0x30,0x6C,0x3F,
/*  743 */ 
0x00,0x00,0x18,0x0C,0x18,0x0C,0x18,0x0C,0xD8,0xFF,0x7C,0x0C,0x18,0x0C,0x18,0x0C,
0xD8,0xFF,0x78,0x0C,0x1E,0x1E,0x18,0x1E,0x18,0x33,0x18,0x33,0xD8,0x61,0x7E,0xC0,
/*  744 */ 
0x00,0x00,0x00,0x1B,0x0C,0x1B,0x0C,0x1B,0xCC,0x7F,0x1C,0x7B,0x0C,0x7B,0xEC,0x3F,
0x6C,0x1B,0x78,0x1B,0xCE,0xFF,0x0C,0xDB,0x8C,0xD9,0x8C,0xD9,0xCC,0xF8,0x6E,0x18,
/*  745 */ 
0x00,0x00,0x00,0x00,0x98,0xFF,0xFE,0x00,0x0C,0x7F,0x8C,0x61,0xBC,0x61,0x36,0x7F,
0xFE,0x00,0xB0,0xFF,0xB0,0xCD,0xF0,0xCD,0xBE,0xFF,0xB0,0xCD,0xB0,0xCD,0xB0,0xFF,
/*  746 */ 
0x00,0x00,0x18,0x00,0x98,0xFF,0x18,0x00,0xFE,0x7F,0xFE,0x61,0xFE,0x61,0x7E,0x7F,
0x7E,0x00,0xFE,0xFF,0xFE,0xCD,0xFE,0xCD,0xFE,0xFF,0x98,0xCD,0x98,0xCD,0x98,0x7F,
/*  747 */ 
0x00,0x00,0x30,0x00,0xF8,0x7F,0x18,0x00,0xFC,0x7F,0x06,0x00,0xFC,0x3F,0xB0,0x31,
0xFE,0x3F,0xB0,0x3D,0xFE,0x3F,0xB6,0x31,0xFC,0x3F,0xB0,0xF9,0x98,0xF9,0x8E,0xEF,
/*  748 */ 
0x00,0x00,0x00,0x00,0x18,0x06,0xFC,0xFF,0x6C,0x1B,0xE6,0x19,0x18,0x30,0xF8,0xFF,
0x3C,0x30,0xCC,0x30,0x8E,0x31,0x0C,0x33,0x0C,0x33,0x0C,0x30,0x0C,0x30,0x00,0x1F,
/*  749 */ 
0x00,0x00,0x18,0x06,0x18,0x1E,0x18,0x36,0x0C,0xE6,0x0C,0x06,0xEC,0xFF,0x0E,0x07,
0x0E,0x07,0x0C,0x0F,0x8C,0x0D,0x8C,0x19,0xCC,0x18,0xCC,0x30,0x6C,0x60,0x3C,0xC0,
/*  750 */ 
0x00,0x00,0x18,0x00,0xF8,0x7F,0x0C,0x63,0x6C,0x33,0x6C,0x36,0xEC,0x1F,0x0E,0x30,
0x0E,0x1C,0x0F,0x06,0x0C,0x0C,0xFC,0xFF,0x0C,0x18,0x0C,0x18,0x0C,0x18,0x8C,0x0F,
/*  751 */ 
0x00,0x00,0x00,0x00,0xFC,0x7F,0xEC,0x61,0xEC,0x61,0xEC,0x7D,0xFC,0x01,0xEC,0x7F,
0xEC,0x63,0xEC,0x67,0xFC,0x67,0xE6,0x3D,0xE6,0x1D,0xE6,0x19,0xE6,0x7D,0xFE,0xC7,
/*  752 */ 
0x00,0x00,0x00,0x00,0x0E,0x7E,0xF8,0x63,0x60,0x66,0xC0,0x36,0xC6,0x30,0xCC,0x3F,
0x18,0x1C,0x18,0x06,0x18,0x0C,0xF8,0xFF,0x18,0x18,0x0C,0x18,0x0C,0x18,0x86,0x0F,
/*  753 */ 
0x00,0x00,0x00,0x00,0x06,0x06,0xEC,0xFF,0xD8,0x30,0x80,0x31,0x80,0x31,0x86,0x19,
0xFC,0xFF,0x1C,0x00,0xD8,0x7F,0x78,0x60,0x6C,0x60,0x6C,0x60,0x66,0x60,0xE6,0x7F,
/*  754 */ 
0x00,0x00,0x0C,0x00,0xD8,0xFF,0x18,0x00,0xBE,0x7F,0xE0,0x61,0xB0,0x61,0x98,0x7F,
0x18,0x00,0xFC,0xFF,0xFF,0xCC,0xD8,0xCC,0xD8,0xFF,0xD8,0xCC,0xD8,0xCC,0x98,0xFF,
/*  755 */ 
0x00,0x00,0x0C,0x18,0x0C,0x78,0x98,0xF9,0x80,0xD9,0xBC,0x19,0xB0,0xFF,0xF8,0x19,
0xFC,0x1D,0xBE,0x3D,0xBF,0x3D,0x8C,0x3D,0x8C,0x67,0x8C,0x67,0x8C,0xC3,0x8C,0xC3,
/*  756 */ 
0x00,0x00,0x60,0x06,0x60,0x06,0xFE,0x3F,0x60,0x66,0x60,0x66,0x60,0x66,0xFC,0x3F,
0x66,0x06,0x66,0x06,0xFC,0xFF,0x60,0xC6,0x60,0xC6,0x30,0xC6,0x18,0xDE,0x0E,0x76,
/*  757 */ 
0x00,0x00,0x80,0x01,0x80,0x61,0xFE,0xFF,0x80,0xC1,0xF8,0x3F,0x8C,0x61,0x8C,0x61,
0xFC,0x7F,0x8C,0x61,0x8C,0x61,0xFC,0x7F,0x8C,0x61,0x8C,0x61,0x8C,0x61,0x8C,0x7D,
/*  758 */ 
0x00,0x00,0x00,0x00,0x18,0x00,0x98,0x3F,0x18,0x06,0x3E,0x06,0x18,0x06,0xF8,0xFF,
0x38,0x0E,0x18,0x0F,0x1E,0x0F,0x18,0xCF,0x98,0xCD,0x98,0xCD,0xD8,0xCC,0x7E,0x78,
/*  759 */ 
0x00,0x00,0x18,0x6C,0x18,0xCC,0xFE,0xFF,0x0C,0xCC,0xBC,0xFF,0xB6,0xCD,0xB6,0xCD,
0xFE,0xFF,0xB0,0xCD,0xB0,0xCD,0xF0,0xFF,0xBE,0xCD,0xB0,0xCD,0xB0,0xCD,0xB0,0x7D,
/*  760 */ 
0x00,0x00,0x18,0x06,0x18,0x06,0xEC,0xFF,0x6C,0x63,0x6C,0x63,0xEC,0xFF,0xEE,0x61,
0xEE,0x67,0xEC,0x6D,0xEC,0x6D,0xBC,0x79,0xBC,0x79,0xBC,0x61,0xBC,0x61,0xBC,0x7D,
/*  761 */ 
0x00,0x00,0x00,0x00,0x60,0x0C,0x7C,0x78,0xC0,0xCE,0x80,0x03,0xF0,0x0E,0x1E,0xF8,
0xF8,0x3F,0x80,0x01,0xFE,0xFF,0x80,0x01,0xB0,0x31,0xB0,0x19,0xB0,0x19,0xFE,0xFF,
/*  762 */ 
0x00,0x00,0x00,0x00,0x70,0x1E,0x7E,0x7C,0xC0,0x06,0x80,0x03,0xFE,0xFE,0x00,0x38,
0xF8,0x0F,0x18,0x00,0xF8,0x7F,0x18,0x06,0x0C,0x06,0x0C,0x06,0x0C,0x06,0x06,0x06,
/*  763 */ 
0x00,0x00,0x00,0x3C,0x3C,0x6C,0xF6,0xFF,0x36,0x0C,0xB6,0x7F,0xFE,0xCC,0xF6,0xCC,
0xB6,0xFF,0xF6,0xCC,0xFE,0xCC,0xB6,0xFF,0xF6,0xCC,0xF6,0xCC,0xF6,0xCC,0x3F,0xFC,
/*  764 */ 
0x00,0x00,0x00,0x0C,0x1C,0x0C,0xF6,0xFF,0xF6,0x66,0xF6,0x63,0xFE,0xFF,0xF6,0x67,
0xF6,0x6F,0xF6,0x6F,0xFE,0x7B,0xF6,0x7B,0xF6,0x7B,0x76,0x73,0x76,0x63,0x7F,0x7F,
/*  765 */ 
0x00,0x00,0x00,0x00,0x00,0x03,0xFC,0xFF,0x6C,0x30,0x6C,0x30,0xEC,0xFF,0xEC,0x30,
0x7C,0x30,0x7C,0x33,0x7C,0x36,0x66,0x36,0x66,0x36,0x66,0x3C,0x66,0x30,0x66,0x3F,
/*  766 */ 
0x00,0x00,0x00,0x03,0xF8,0xFF,0x6C,0x30,0xF6,0xFF,0xB6,0x31,0x3E,0x33,0x36,0x33,
0x36,0x3B,0xF6,0x7F,0x1E,0xC7,0xDE,0xDF,0x7E,0xF3,0x9E,0xCF,0xFE,0xF8,0x1B,0xDC,
/*  767 */ 
0x00,0x00,0x60,0x00,0x60,0x0C,0xFE,0x0F,0x60,0x0C,0x60,0x1C,0xFE,0x3F,0x60,0x6C,
0x6C,0x6C,0x6C,0xCC,0xEC,0x0F,0x6C,0x0C,0x7C,0x0C,0x76,0x0C,0x66,0x0C,0xC6,0xFF,
/*  768 */ 
0x00,0x00,0x00,0x00,0xFE,0xDF,0x00,0xD8,0xFC,0xDB,0x0C,0xDB,0x0C,0xDB,0xF8,0xD9,
0xFC,0xD9,0x66,0xDF,0x66,0xDE,0x66,0xDE,0xFE,0xDF,0x66,0xC6,0x66,0xC6,0xFC,0x7B,
/*  769 */ 
0x00,0x00,0xFE,0xFF,0x60,0x0C,0xFC,0x7F,0x6C,0x6C,0xFC,0x7F,0xD8,0xFF,0x6C,0x00,
0xCE,0x7F,0xDE,0x7F,0xCC,0x7F,0x8C,0x01,0xCE,0x7F,0x6C,0x3B,0x0C,0x0E,0xEC,0x7B,
/*  770 */ 
0x00,0x00,0x00,0x30,0xFE,0x7F,0x36,0xF0,0x36,0xF0,0xFE,0xFF,0x3E,0x33,0xFE,0x33,
0xFE,0x33,0xFE,0x3E,0xFE,0x33,0xFE,0x33,0xDC,0xF3,0xDC,0xFB,0xF6,0xEF,0xE6,0xE1,
/*  771 */ 
0x00,0x00,0x18,0x00,0x18,0x00,0xFC,0x7F,0xFE,0x3F,0x1E,0x30,0xF8,0x3F,0x18,0x30,
0x18,0x30,0xF0,0x1F,0xF0,0x3F,0x38,0x30,0x6E,0x18,0xC0,0x0F,0x80,0x07,0xFE,0xFC,
/*  772 */ 
0x00,0x00,0x18,0x06,0x18,0x66,0xF8,0xFF,0x0C,0x06,0xEC,0x7F,0x6C,0x66,0xEC,0x7F,
0x6E,0x66,0xEF,0x7F,0x6C,0x66,0x0C,0x30,0xFC,0xFF,0x8C,0x31,0x8C,0x31,0x0C,0x3F,
/*  773 */ 
0x00,0x00,0x30,0x30,0x30,0x30,0x18,0x30,0x18,0x30,0xD8,0xFF,0x0C,0x30,0xCE,0x30,
0x8E,0x31,0x0C,0x33,0x0C,0x33,0x0C,0x33,0x0C,0x36,0x0C,0x30,0x0C,0x30,0x80,0x37,
/*  774 */ 
0x00,0x00,0x00,0x00,0x80,0x01,0xF8,0x7F,0x0C,0x60,0x0C,0x60,0xFC,0x3F,0x0C,0x00,
0xFC,0x7F,0x0C,0x60,0x0C,0x60,0xF8,0x3F,0x80,0x01,0xFE,0xFF,0x80,0x01,0x00,0x00,
/*  775 */ 
0x00,0x00,0x00,0x00,0x60,0x0C,0x30,0x18,0x18,0x30,0x3C,0x70,0x36,0xF0,0x30,0xD8,
0x60,0x18,0xC0,0x0C,0xC0,0x06,0x80,0x07,0x80,0x03,0xC0,0x0E,0x70,0x38,0x1E,0xE0,
/*  776 */ 
0x00,0x00,0x80,0x01,0xBC,0xFF,0xF6,0x00,0xF6,0x7F,0xF6,0x60,0xBE,0x7F,0xF6,0x60,
0xB6,0x7F,0x36,0x03,0x3E,0x7F,0xB6,0x63,0xF6,0x36,0x36,0x1C,0x36,0x3F,0xFF,0xE1,
/*  777 */ 
0x00,0x00,0x60,0x00,0xF0,0x0F,0x38,0x0C,0x1C,0x06,0xFE,0x3F,0x18,0x60,0x18,0x63,
0x18,0x63,0x18,0x63,0x98,0x61,0x98,0x61,0x98,0x61,0xD8,0x6C,0x70,0x38,0x1E,0xE0,
/*  778 */ 
0x00,0x00,0x80,0x01,0x80,0x01,0xFE,0xFF,0x06,0xC0,0xFE,0xFF,0xF8,0x1F,0x18,0x30,
0x18,0x30,0xF0,0x1F,0xFC,0x7F,0x8C,0x61,0x8C,0x61,0xFC,0x7F,0x8C,0x61,0xFC,0x7F,
/*  779 */ 
0x00,0x00,0x00,0x0C,0x18,0x0C,0x30,0x0C,0x00,0x0C,0x0E,0x0C,0x18,0x1C,0x18,0x3C,
0x18,0x6C,0x18,0xCC,0x18,0x0C,0x18,0x0C,0x98,0x0D,0xD8,0x0C,0x78,0x0C,0x30,0x0C,
/*  780 */ 
0x00,0x00,0x80,0x01,0xBE,0x01,0xF6,0x30,0xDE,0xFF,0xDE,0x30,0xDE,0x30,0xDE,0x36,
0xF6,0x36,0xF6,0x3C,0xF6,0x3C,0xFE,0x3C,0xC6,0x3C,0xC6,0x30,0xC6,0x30,0xC6,0x3E,
/*  781 */ 
0x00,0x00,0x00,0x00,0x0C,0x00,0x0C,0xFF,0x7E,0xC0,0x6C,0xC0,0x6C,0xC0,0x6C,0xC0,
0xE6,0xFF,0x66,0xC0,0x66,0xC0,0x3C,0xC0,0x30,0xC0,0x78,0xC0,0xCC,0xFF,0x06,0x00,
/*  782 */ 
0x00,0x00,0x00,0x00,0x18,0x66,0xF8,0xFF,0x0C,0xC6,0xFC,0x7F,0xF6,0x66,0xDE,0x7F,
0xD8,0x66,0xCC,0x7F,0xFC,0x76,0xFE,0xFF,0x80,0x31,0xF0,0x31,0x1E,0x33,0x00,0x3E,
/*  783 */ 
0x00,0x00,0x00,0x00,0x8C,0x61,0xBE,0x61,0xB6,0xFF,0xF6,0x60,0xF6,0x63,0xF6,0x66,
0xF6,0x66,0xF6,0x6C,0xF6,0x6C,0xF6,0x78,0xF6,0x78,0xFE,0x60,0xC0,0x60,0xC0,0x3E,
/*  784 */ 
0x00,0x00,0x00,0x1B,0xFE,0xFF,0x1E,0x1B,0x9E,0x7F,0xDE,0x60,0xDE,0x7F,0xDE,0x60,
0xDE,0x7F,0x9E,0x01,0xDE,0xFF,0x7E,0xCE,0x7E,0xDB,0xFE,0xF1,0xCC,0xFF,0x00,0xFC,
/*  785 */ 
0x00,0x00,0x00,0x00,0xDE,0x7F,0xF6,0x7F,0xF6,0x60,0xF6,0x7F,0xF6,0x60,0xF6,0x7F,
0xF6,0x7F,0x36,0x1B,0x36,0x76,0xF6,0x1F,0x36,0x36,0x1E,0x1C,0x80,0xDF,0xE0,0xF0,
/*  786 */ 
0x00,0x00,0x00,0x00,0x06,0x0C,0xCC,0xFF,0x18,0x06,0x00,0x03,0x0E,0x33,0x98,0x19,
0xD8,0xDF,0x18,0x6C,0x18,0x36,0x98,0x3B,0xD8,0x3C,0x78,0x36,0xB8,0x63,0xF8,0xC0,
/*  787 */ 
0x00,0x00,0x00,0x00,0xFE,0x03,0xC0,0xFF,0xC0,0x33,0xC0,0x33,0xC0,0x33,0xFE,0x33,
0x86,0x37,0x06,0x36,0x06,0x1C,0x06,0x1C,0xC6,0x1C,0x66,0x3E,0x3E,0x67,0x8E,0xC1,
/*  788 */ 
0x00,0x00,0x0C,0x00,0xCC,0xFF,0x6C,0x33,0x6C,0x3F,0xFE,0x3F,0x6C,0x3F,0x7C,0x3F,
0xFC,0x7B,0x6E,0x18,0xEF,0x19,0x6C,0x3B,0x6C,0xBB,0xEC,0xFF,0xEC,0xFC,0x0C,0xF6,
/*  789 */ 
0x00,0x00,0x00,0x00,0x8C,0xFF,0xFC,0x0C,0x86,0x0D,0x86,0xFD,0x83,0x0D,0xFE,0x0D,
0x98,0x0D,0x18,0xFF,0x7E,0xC0,0x18,0xC0,0x18,0xC0,0x18,0xC0,0xF8,0xC0,0x30,0x7E,
/*  790 */ 
0x00,0x00,0x00,0x18,0x60,0x0C,0x60,0x0C,0xF8,0x3F,0x80,0x01,0xF8,0x3F,0x80,0x01,
0x80,0x01,0xFE,0xFF,0x00,0x00,0xF8,0x7F,0xCC,0x66,0xCC,0x66,0xCC,0x66,0xFE,0xFF,
/*  791 */ 
0x00,0x00,0x00,0x00,0xE6,0x7F,0x6C,0x33,0x78,0x3F,0xE0,0x3F,0x66,0x37,0xEC,0xFF,
0xF8,0x19,0xF8,0x19,0x78,0x1B,0x6C,0x3B,0xEC,0xFF,0xEC,0xF6,0x06,0xF6,0x06,0x63,
/*  792 */ 
0x00,0x00,0x00,0x00,0xFC,0x7F,0x80,0x01,0x80,0x01,0x80,0x01,0x80,0x01,0xFE,0xFF,
0x80,0x01,0x80,0x01,0x80,0x01,0x80,0x01,0x80,0x01,0x80,0x01,0x80,0x01,0x80,0x01,
/*  793 */ 
0x00,0x00,0x18,0x30,0x18,0x30,0x18,0x30,0xFF,0xFF,0x18,0x30,0x18,0x30,0x18,0x30,
0x18,0x30,0xF8,0x3F,0x18,0x30,0x18,0x30,0x18,0x30,0x18,0x30,0x18,0x30,0xF0,0x3F,
/*  794 */ 
0x00,0x00,0x18,0x00,0xD8,0x7F,0x18,0x0C,0x7E,0x0C,0x18,0x0C,0x38,0x0C,0x3C,0x0C,
0xFC,0xFF,0x1E,0x0C,0x1E,0x0C,0x18,0x0C,0x18,0x0C,0x18,0x0C,0x18,0x0C,0x18,0x0C,
/*  795 */ 
0x00,0x00,0x98,0x61,0x98,0x61,0x98,0x61,0xD8,0xFF,0xFC,0x61,0x98,0x61,0xBC,0x61,
0xFC,0x61,0x9C,0x7F,0x9E,0x61,0x98,0x61,0x98,0x61,0x98,0x61,0x98,0x61,0x18,0x3F,
/*  796 */ 
0x00,0x00,0x18,0x06,0x0C,0x06,0xFC,0xFF,0xB6,0x19,0xB6,0x19,0x00,0x00,0xFC,0x7F,
0x80,0x01,0x80,0x01,0x80,0x01,0xFE,0xFF,0x80,0x01,0x80,0x01,0x80,0x01,0x80,0x01,
/*  797 */ 
0x00,0x00,0x00,0x00,0xFC,0xFF,0x66,0x0C,0x66,0x0C,0x66,0x0C,0x7E,0x0C,0x66,0x0C,
0xE6,0xFF,0x66,0x0C,0x7E,0x0C,0x66,0x0C,0x66,0x0C,0x66,0x0C,0x66,0x0C,0x7B,0x0C,
/*  798 */ 
0x00,0x00,0x30,0x00,0x30,0xFF,0xFE,0x19,0x30,0x18,0x30,0x18,0xFE,0x19,0x30,0xFF,
0x3C,0x18,0x3C,0x18,0xFC,0x19,0x3C,0x18,0x3E,0x18,0x3E,0x18,0x76,0x18,0xC6,0xFF,
/*  799 */ 
0x00,0x00,0x00,0x06,0x00,0x66,0xFC,0x7F,0x0C,0xC6,0xFC,0x7D,0xFC,0x3D,0x3C,0x3F,
0x3C,0xDB,0x36,0xFB,0xF6,0xEF,0x80,0x07,0x3C,0x63,0x3C,0x7B,0x3C,0xDB,0xE6,0xDF,
/*  800 */ 
0x00,0x00,0x00,0x00,0xB8,0xFF,0x1E,0x0C,0x18,0x0C,0x7E,0x0C,0x18,0x0C,0x38,0x0C,
0xF8,0xFF,0x7C,0x0C,0x1E,0x0C,0x1E,0x0C,0x18,0x0C,0x18,0x0C,0x18,0x0C,0x18,0x0C,
/*  801 */ 
0x00,0x00,0x00,0x00,0x7C,0x06,0x60,0xFE,0x60,0x66,0xFF,0x67,0xCC,0x36,0xCC,0x37,
0xFC,0x37,0xCC,0x3F,0xCC,0x3C,0xFC,0x18,0xCC,0x18,0xEC,0x3D,0xFF,0x66,0xC0,0xC3,
/*  802 */ 
0x00,0x00,0x18,0x06,0xFE,0x7F,0xCC,0x67,0xEC,0x3D,0xFE,0xF7,0x00,0x3E,0xFC,0xFF,
0xC6,0x01,0xFE,0x7F,0xC6,0x7B,0xFE,0x7B,0x30,0x6F,0xFE,0x6F,0x30,0x76,0xB0,0xC3,
/*  803 */ 
0x00,0x00,0x00,0x00,0xFE,0xFF,0x06,0xD8,0x36,0xCC,0x66,0xCC,0xC6,0xC6,0xC6,0xC6,
0x86,0xC3,0x06,0xC3,0x86,0xC7,0xC6,0xCC,0x66,0xCC,0x36,0xD8,0x06,0xC0,0x06,0xFC,
/*  804 */ 
0x00,0x00,0x00,0x00,0xFC,0xDB,0x06,0xDB,0x9E,0xDB,0xDE,0xDB,0xF6,0xDB,0xF6,0xDB,
0x66,0xDB,0x66,0xDB,0xF6,0xDB,0xDE,0xDB,0x9E,0xDB,0x8E,0xC3,0x06,0xC3,0xC6,0xFB,
/*  805 */ 
0x00,0x00,0x00,0x00,0x8C,0xFF,0xFC,0xF1,0x86,0xF3,0x86,0xF7,0x80,0xDF,0xBC,0xDD,
0x98,0xDD,0x98,0xDD,0xFE,0xFD,0x98,0xF7,0x98,0xE3,0x98,0xE3,0xF8,0xC1,0xB8,0xF9,
/*  806 */ 
0x00,0x00,0x00,0x00,0x0C,0x00,0xFC,0xFF,0xB6,0x19,0x36,0x18,0x30,0x18,0xFE,0x19,
0x30,0x18,0xF6,0x18,0xF6,0x18,0xF6,0x18,0xF6,0x18,0xF6,0x18,0xF6,0x18,0xFC,0xFF,
/*  807 */ 
0x00,0x00,0x00,0x00,0xFC,0xFF,0x66,0x0C,0x66,0x0C,0x66,0x0C,0x7C,0x0C,0x66,0x0C,
0x66,0x0C,0x66,0x0C,0x7C,0x0C,0x66,0x0C,0x66,0x0C,0x66,0x0C,0xE6,0xFF,0x7E,0x00,
/*  808 */ 
0x00,0x00,0x00,0x00,0x98,0x7F,0xD8,0xC0,0xEC,0xF1,0xFC,0xF3,0xF6,0xDE,0xDC,0xDE,
0xD8,0xCC,0xCC,0xCC,0xFE,0xDE,0xCE,0xDB,0xC0,0xF3,0xF8,0xC1,0xCE,0xC0,0xC0,0xF8,
/*  809 */ 
0x00,0x00,0x80,0x01,0x8C,0x01,0x8C,0x61,0xFC,0x7F,0x00,0x00,0xFC,0x7F,0x3C,0x78,
0x6C,0x6C,0xCC,0x6C,0x8C,0x67,0x8C,0x67,0xCC,0x6C,0x7C,0x78,0x1C,0x70,0x0C,0x78,
/*  810 */ 
0x00,0x00,0x80,0x19,0x8E,0x19,0xF8,0x7F,0x80,0x19,0x80,0x19,0xF7,0xFF,0xCC,0x18,
0xD8,0x30,0xEC,0x7F,0xF8,0xF0,0xCC,0x30,0xCC,0x7F,0xCC,0x60,0xC6,0x60,0xC6,0x7F,
/*  811 */ 
0x00,0x00,0x18,0x00,0x18,0x00,0x98,0xFF,0x7E,0x0C,0x18,0x0C,0x38,0x0C,0x7C,0x0C,
0x7C,0x0C,0x1E,0x0C,0x1E,0x0C,0x18,0x0C,0x18,0x0C,0x18,0x0C,0x18,0x0C,0xD8,0xFF,
/*  812 */ 
0x00,0x00,0x18,0x06,0xFC,0xFF,0x3C,0x1B,0xB6,0x19,0xFE,0xFF,0x00,0x00,0xF0,0x1F,
0x18,0x18,0xF0,0x0F,0xFC,0x7F,0x06,0xC0,0xF6,0xDF,0x36,0xD8,0xF6,0xDF,0x06,0x6C,
/*  813 */ 
0x00,0x00,0x80,0x01,0xF8,0x3F,0x0C,0x60,0x0C,0x60,0xFC,0x7F,0x0C,0x60,0xFC,0x3F,
0x80,0x01,0xFF,0xFF,0xE0,0x0D,0xB0,0x19,0x9C,0x71,0xF7,0xDF,0x80,0x01,0x80,0x01,
/*  814 */ 
0x00,0x00,0x80,0x01,0x80,0x01,0xFE,0xFF,0x00,0x00,0xF8,0x3F,0x18,0x30,0xF8,0x3F,
0x00,0x00,0xFC,0x7F,0x06,0x60,0xE6,0x6F,0x36,0x78,0x36,0x78,0xE6,0x7F,0x06,0x78,
/*  815 */ 
0x00,0x00,0x80,0x01,0xFE,0x7F,0x00,0x00,0xF8,0x3F,0xF8,0x3F,0x00,0x18,0xFE,0xFF,
0xFE,0xDF,0xFE,0xFF,0x30,0x18,0xFC,0x7F,0xFC,0x7F,0x0C,0x60,0xFC,0x7F,0x0C,0x66,
/*  816 */ 
0x00,0x00,0x00,0x18,0x60,0x0C,0xFC,0xFF,0x80,0x01,0x80,0x01,0x80,0x01,0xFC,0x7F,
0x80,0x01,0x80,0x01,0xFE,0xFF,0x00,0x00,0x6C,0x66,0xCC,0x66,0xCC,0xCC,0xC6,0xCC,
/*  817 */ 
0x00,0x00,0x18,0x30,0x78,0x33,0x7E,0x33,0xFE,0xFF,0x3E,0x0C,0x3C,0x0C,0x98,0x7F,
0x7E,0x0C,0x18,0x0C,0xFC,0xFF,0x3C,0x00,0xFE,0x7F,0xDE,0xDE,0xD8,0xDE,0xD8,0xDE,
/*  818 */ 
0x00,0x00,0x00,0x0C,0x18,0x0C,0xD8,0xFF,0x18,0x7F,0xFE,0x61,0x98,0x61,0x98,0x7F,
0x18,0x00,0xF8,0xFF,0xFC,0xFE,0xDE,0xF3,0xD8,0xF3,0xD8,0xF3,0xD8,0xFE,0xDE,0xD8,
/*  819 */ 
0x00,0x00,0x0C,0x0C,0x0C,0x0C,0xFC,0xFF,0x06,0x3F,0x03,0x63,0x7E,0x63,0x18,0x3F,
0x18,0x7F,0x98,0xC1,0xBE,0xFF,0x98,0xF3,0x98,0xF3,0x98,0xFF,0xF8,0xC1,0x98,0xF1,
/*  820 */ 
0x00,0x00,0x00,0x06,0x78,0x06,0xDE,0xFF,0x18,0x1F,0x98,0x71,0xFE,0x61,0x18,0x3F,
0x38,0x3F,0xFC,0xE1,0xFE,0xFF,0xDE,0xF3,0xD8,0xF3,0xD8,0xFF,0xD8,0xC0,0xD8,0xF8,
/*  821 */ 
0x00,0x00,0x00,0x00,0x98,0x01,0x98,0x01,0xF8,0x7F,0x8C,0x01,0x86,0x01,0x80,0x01,
0xFE,0xFF,0x00,0x00,0xF8,0x3F,0x0C,0x60,0x0C,0x60,0x0C,0x60,0x0C,0x60,0xF8,0x3F,
/*  822 */ 
0x00,0x00,0x00,0x00,0xFC,0xFF,0xF0,0x33,0x18,0x36,0x18,0x3C,0x18,0x3C,0xF0,0x37,
0xFE,0xFF,0x00,0x30,0xF8,0x37,0x18,0x3C,0x18,0x3C,0x18,0x3C,0xF0,0x37,0x00,0x3E,
/*  823 */ 
0x00,0x00,0x00,0x0C,0xFE,0x0F,0x80,0xFD,0xFE,0xC7,0xE6,0xF7,0xE6,0xF7,0xBC,0xF3,
0xFE,0xF3,0x80,0x79,0xFC,0x39,0xE6,0x39,0xE6,0x6D,0xE6,0x6D,0xBC,0xC7,0xF0,0x87,
/*  824 */ 
0x00,0x00,0x00,0x00,0xCC,0xFF,0xEC,0xC3,0x7E,0xFF,0xEC,0xF3,0xEC,0xDE,0x6C,0xCC,
0x78,0xDF,0xEE,0xF1,0x6C,0xFF,0xEC,0xF1,0xEC,0xF1,0xEC,0xF1,0x6C,0xDF,0x6E,0xF0,
/*  825 */ 
0x00,0x00,0x80,0x01,0x80,0x0D,0x80,0x39,0x80,0x01,0xFE,0x7F,0x80,0x31,0x80,0x19,
0x80,0x0D,0x80,0x07,0x80,0x03,0x80,0x03,0xC0,0xC3,0x70,0xC6,0x18,0xCC,0x0E,0x78,
/*  826 */ 
0x00,0x00,0x00,0x18,0x30,0x0C,0x78,0x7E,0xD8,0x6F,0xCC,0x7B,0x86,0x7B,0xFC,0x7B,
0x00,0x33,0xFC,0x7E,0xCC,0xC0,0xCC,0xC0,0xCC,0xFF,0xCC,0xC0,0xCC,0xC0,0xFC,0xFC,
/*  827 */ 
0x00,0x00,0x00,0x03,0x7C,0x7F,0x66,0x63,0xE6,0x33,0xE6,0x37,0xFE,0x1C,0x66,0x1C,
0x66,0x37,0xE6,0xE1,0xFE,0x7F,0xE6,0x61,0xE6,0x61,0xE6,0x61,0xE6,0x61,0x7E,0x7F,
/*  828 */ 
0x00,0x00,0x00,0x00,0x00,0x06,0xF6,0xFF,0x1E,0x00,0xDC,0x00,0xDC,0xFF,0x78,0x00,
0xF8,0x1F,0xD8,0x30,0x1E,0x18,0x18,0x0E,0x18,0xC3,0xD8,0xC1,0xCC,0xC0,0xC6,0x7F,
/*  829 */ 
0x00,0x00,0x00,0xC0,0x60,0xC0,0xFE,0xDF,0x36,0xDE,0xFE,0xDF,0x66,0xDF,0xFC,0xD9,
0x60,0xD8,0xFE,0xDB,0x60,0xD8,0xF8,0xD9,0x0E,0xDB,0x06,0xC3,0x06,0xC3,0xFC,0x7B,
/*  830 */ 
0x00,0x00,0x30,0x18,0x30,0x18,0xFE,0xFF,0x30,0x18,0xF0,0x0F,0x80,0x01,0xF8,0x3F,
0x8C,0x61,0x8C,0x61,0x8C,0x61,0xF8,0x3F,0x80,0x01,0xFE,0xFF,0x80,0x01,0x80,0x01,
/*  831 */ 
0x00,0x00,0x00,0x0C,0x30,0x0C,0xFC,0x7F,0x00,0x00,0xFC,0x7F,0xFC,0x7F,0x0C,0x60,
0xF8,0x3F,0x18,0x00,0xF8,0xFF,0x8E,0xC3,0xEC,0xDE,0x3C,0xF0,0xF8,0xFF,0x00,0x7E,
/*  832 */ 
0x00,0x00,0x00,0x00,0x18,0x3F,0x98,0x61,0xFE,0x63,0xD8,0x36,0x3C,0x1C,0x3C,0x1E,
0x7C,0x33,0xDE,0x61,0x7E,0xFF,0x98,0x61,0x98,0x61,0x98,0x61,0x98,0x61,0x98,0x7F,
/*  833 */ 
0x00,0x00,0x18,0x00,0x18,0x1C,0x18,0x36,0x7E,0x63,0xFE,0xC1,0xFE,0x7F,0x7E,0x00,
0x7E,0x00,0xFE,0x7F,0xFE,0x61,0xBC,0x61,0xF8,0x61,0xF8,0x61,0xF8,0x61,0xCE,0x7F,
/*  834 */ 
0x00,0x00,0x06,0x00,0xEC,0x7F,0xF8,0xC0,0xE6,0xDF,0x76,0xD8,0xDE,0xCC,0x86,0xC7,
0x86,0xC7,0xF6,0xDC,0xDE,0xF7,0x76,0xDC,0x36,0xD8,0x36,0xD8,0xE6,0xCF,0x06,0xFC,
/*  835 */ 
0x00,0x00,0x00,0x00,0xFE,0xFF,0x36,0x00,0xF6,0x7F,0xDE,0x60,0xDE,0x7F,0x1E,0x00,
0xF6,0xFF,0xF6,0xF3,0xF6,0xDB,0xFE,0xFF,0xC6,0xEC,0xC6,0xCC,0xC6,0xCC,0xC6,0xF0,
/*  836 */ 
0x00,0x00,0x00,0x00,0x0C,0x1F,0x7C,0x73,0x86,0x37,0xC6,0x3E,0x00,0x1C,0x7E,0x3E,
0x98,0x63,0xD8,0xC0,0xFE,0x7F,0x98,0x61,0x98,0x61,0x98,0x61,0xF8,0x61,0xB8,0x7F,
/*  837 */ 
0x00,0x00,0x00,0x00,0x80,0x03,0xC0,0x06,0x60,0x0C,0x30,0x18,0x1C,0x73,0x06,0xC3,
0x00,0x03,0x00,0x03,0x00,0x03,0x00,0x03,0x00,0x03,0x00,0x03,0x00,0x03,0x00,0x03,
/*  838 */ 
0x00,0x00,0x60,0x00,0xF0,0x3F,0x38,0x30,0x6C,0x30,0xC0,0x1C,0x80,0x07,0x80,0x03,
0xE0,0x1E,0x3E,0xF0,0xF8,0x3F,0x0C,0x60,0x0C,0x60,0x0C,0x60,0x0C,0x60,0xF8,0x7F,
/*  839 */ 
0x00,0x00,0x00,0x00,0x18,0x0E,0x18,0x1E,0x6C,0x33,0xFC,0x61,0x76,0xC0,0x9E,0x7F,
0x1C,0x00,0x8C,0x3F,0xFC,0x61,0x9E,0x61,0x80,0x61,0xE0,0x61,0xBC,0x61,0x80,0x7F,
/*  840 */ 
0x00,0x00,0x18,0x00,0xD8,0x7F,0xD8,0x60,0xD8,0x60,0xFE,0x7F,0xD8,0x60,0xFC,0x60,
0xFC,0x7F,0xFE,0x06,0xFE,0xCC,0xDB,0x6C,0xD8,0x38,0xD8,0x18,0xD8,0x7E,0xD8,0xC3,
/*  841 */ 
0x00,0x00,0x00,0x00,0xFE,0xFF,0xE6,0xC1,0xE6,0xC1,0xE6,0xFF,0xE6,0xC1,0xBC,0xC1,
0x9E,0x7F,0x9E,0x0D,0xFE,0xCD,0x9E,0x79,0x9E,0x39,0x9E,0x31,0xFE,0x6D,0x0E,0xC7,
/*  842 */ 
0x00,0x00,0x30,0x36,0x30,0x36,0xFE,0x36,0xB0,0xFF,0x30,0x36,0x7C,0x36,0x30,0x36,
0xFE,0x36,0xB0,0xFF,0x78,0x36,0xFC,0x33,0xFC,0x33,0x36,0x33,0xB0,0x31,0xF0,0x30,
/*  843 */ 
0x00,0x00,0x00,0x00,0xFE,0xFF,0x80,0x01,0xFC,0x7F,0x8C,0x61,0x8C,0x61,0xFC,0x7F,
0x8C,0x61,0x8C,0x61,0xFC,0x7F,0x98,0x01,0xB0,0x01,0xE0,0x01,0xE0,0x01,0x3E,0xFF,
/*  844 */ 
0x00,0x00,0x00,0x00,0x00,0x03,0xFC,0xFF,0x06,0x03,0x06,0x03,0xF6,0x7F,0x06,0x63,
0xFE,0xFF,0x06,0x63,0x06,0x63,0xF6,0x3F,0x86,0x07,0xC6,0x0C,0xE6,0x18,0x3B,0xF0,
/*  845 */ 
0x00,0x00,0x30,0x18,0x60,0x0C,0xFC,0x7F,0xFC,0x7F,0x80,0x01,0xFE,0xFF,0xFC,0x7E,
0xFE,0x7F,0x80,0x01,0xFC,0x7F,0xFE,0xFF,0x80,0x01,0xFC,0x7F,0xC0,0x0C,0x7C,0x78,
/*  846 */ 
0x00,0x00,0x0C,0x00,0xCC,0x7F,0x0C,0x06,0xCC,0x7F,0xFE,0x66,0xCC,0x66,0xCC,0x7F,
0xCC,0x66,0xCC,0x66,0xCC,0x7F,0x6C,0x06,0xFC,0x06,0x8E,0x07,0x03,0x07,0xF0,0xFD,
/*  847 */ 
0x00,0x00,0x00,0x0C,0xFE,0x0C,0x6C,0xCF,0x6C,0x6F,0x6C,0x6F,0xFC,0x6D,0xEC,0x6D,
0xEC,0x3D,0x7C,0x0C,0x6C,0x1C,0x6C,0x1E,0xEC,0x36,0x7C,0x63,0xEE,0x61,0xE0,0xC0,
/*  848 */ 
0x00,0x00,0x00,0x00,0xEC,0xFF,0x0C,0x06,0xCC,0x7F,0xDC,0x66,0xDC,0x66,0xDC,0x7F,
0xFE,0x66,0xFE,0x66,0xCE,0x7F,0x6F,0x06,0xCC,0x06,0x8C,0x07,0x0C,0x07,0xF0,0xFD,
/*  849 */ 
0x00,0x00,0x00,0x00,0xFE,0x7F,0x80,0x01,0x80,0x01,0x80,0x01,0x80,0x01,0x80,0x01,
0x80,0x01,0x80,0x01,0x80,0x01,0x80,0x01,0x80,0x01,0x80,0x01,0x80,0x01,0xFE,0xFF,
/*  850 */ 
0x00,0x00,0x00,0x00,0x80,0x01,0xFE,0xFF,0x98,0x31,0x98,0x31,0xD8,0x31,0xD8,0x31,
0xF8,0x31,0x18,0x1B,0x18,0x1B,0xD8,0x0E,0x78,0x0C,0x18,0x1E,0x8E,0x33,0xE0,0xE0,
/*  851 */ 
0x00,0x00,0x00,0x0C,0x00,0x0C,0x7E,0x0C,0xD8,0xFF,0x18,0xCC,0x18,0xC6,0x18,0xC6,
0x18,0xC6,0x18,0xC6,0x18,0xC3,0x18,0xC3,0xF8,0xC1,0xB8,0xC1,0xCE,0x60,0x70,0x7E,
/*  852 */ 
0x00,0x00,0x60,0x0C,0x60,0x0C,0xFE,0xFF,0x60,0x0C,0x60,0x0C,0x60,0x0C,0xFE,0xFF,
0xF0,0x19,0x98,0x31,0xEC,0x7B,0xB7,0xF7,0x98,0x37,0x8C,0x6D,0x8E,0xCD,0xF0,0x01,
/*  853 */ 
0x00,0x00,0x80,0x0D,0xC0,0x38,0xFE,0xFF,0xC0,0x1B,0x60,0x1F,0x30,0xC7,0x98,0xC3,
0xEE,0xFF,0x30,0x0C,0xFC,0x7F,0x30,0x0C,0x30,0x0C,0xFC,0x7F,0x30,0x18,0x1C,0x70,
/*  854 */ 
0x00,0x00,0x18,0x00,0xD8,0x18,0xD8,0x18,0xCC,0x18,0xFC,0xFF,0xCC,0x18,0xCE,0x18,
0xCF,0x18,0xCC,0x18,0xFC,0xFF,0x0C,0x00,0x8C,0x19,0xCC,0x30,0x6C,0x60,0x3C,0xC0,
/*  855 */ 
0x00,0x00,0x30,0x00,0x18,0x7F,0xFC,0x60,0xCC,0x60,0xFC,0x60,0xCC,0x7F,0xCC,0x03,
0xFC,0x03,0xCC,0x03,0xFC,0xFE,0xE0,0xC0,0xF0,0xC0,0xD8,0xC0,0xCC,0xC0,0xFE,0x7E,
/*  856 */ 
0x00,0x00,0x00,0x00,0x60,0x06,0x60,0x0C,0x30,0x18,0x18,0x18,0x18,0x30,0x8C,0x61,
0xC6,0xC0,0xC0,0x0C,0x60,0x18,0x30,0x18,0x30,0x30,0x18,0x30,0xF8,0x7F,0x00,0x60,
/*  857 */ 
0x00,0x00,0x80,0x01,0x80,0x01,0xFE,0xFF,0x06,0xC0,0xFE,0xFF,0x0C,0x30,0x0C,0x30,
0x0C,0x30,0xF8,0x3F,0x00,0x00,0xFC,0x7F,0x0C,0x60,0x0C,0x60,0x0C,0x60,0xFC,0x7F,
/*  858 */ 
0x00,0x00,0x00,0x00,0xFC,0x3F,0x00,0x60,0x00,0x60,0x00,0x30,0xFC,0x1F,0x0C,0x00,
0x0C,0x00,0xFC,0x7F,0x00,0x60,0x00,0x60,0x00,0x60,0x00,0x60,0x60,0x30,0xC0,0x1F,
/*  859 */ 
0x00,0x00,0x00,0x00,0xFE,0x3F,0x98,0x31,0x98,0x31,0x98,0x37,0x98,0x37,0x98,0x37,
0x98,0x3D,0x98,0x3D,0x98,0x3D,0x98,0x3D,0xF8,0x3D,0xFC,0xF8,0xC6,0xF0,0x60,0xF0,
/*  860 */ 
0x00,0x00,0x00,0x00,0xFC,0x7F,0x80,0x01,0x80,0x01,0xFE,0xFF,0x80,0x01,0x80,0xC1,
0xFE,0x61,0x60,0x33,0xE0,0x1F,0xB0,0x07,0xB0,0x0D,0x98,0x39,0x8E,0x61,0xF0,0xC1,
/*  861 */ 
0x00,0x00,0x00,0x30,0x8C,0x31,0x8C,0x31,0xFE,0xFF,0x8C,0x31,0x8C,0x31,0x8C,0x31,
0x8C,0x31,0xB8,0x31,0xEE,0xFF,0x0C,0x33,0x8C,0x31,0xCC,0x60,0xCC,0xC0,0x6E,0xC0,
/*  862 */ 
0x00,0x00,0x00,0x00,0xF8,0x3F,0x80,0x01,0x80,0x01,0xFE,0xFF,0x00,0x00,0xF8,0x7F,
0x18,0x60,0x98,0x61,0x98,0x61,0x98,0x61,0xD8,0x60,0xC0,0x3C,0x70,0x38,0x1E,0xE0,
/*  863 */ 
0x00,0x00,0x00,0x00,0x30,0x18,0x30,0x18,0xFC,0x7F,0x30,0x18,0x30,0x18,0x30,0x18,
0x30,0x18,0xFE,0xFF,0x00,0x00,0x60,0x0C,0x30,0x18,0x18,0x30,0x0C,0x60,0x06,0xC0,
/*  864 */ 
0x00,0x00,0x00,0x00,0x0C,0x03,0x7C,0x7F,0x8C,0xC1,0x86,0xCD,0x83,0xC7,0x7E,0xC6,
0x18,0xDB,0x18,0xDB,0x7E,0xF3,0x98,0xFD,0x98,0xF7,0x18,0xE0,0xD8,0xC0,0x78,0x7E,
/*  865 */ 
0x00,0x00,0x00,0x00,0x18,0x00,0xF8,0xFF,0x0C,0xC0,0x6C,0xC0,0x66,0xC0,0x60,0xC3,
0x30,0xC3,0x30,0xC6,0x18,0xC6,0x18,0xCC,0xFC,0xCF,0x00,0xC0,0x00,0x60,0x00,0x7F,
/*  866 */ 
0x00,0x00,0x00,0x00,0xC6,0x00,0xDC,0xFF,0x60,0xC0,0x60,0xC3,0x36,0xC3,0x8C,0xC1,
0x98,0xC1,0x98,0xD9,0xD8,0xD8,0xD8,0xF8,0xEC,0xFF,0x0C,0xF0,0x06,0xC0,0x00,0x7E,
/*  867 */ 
0x00,0x00,0x00,0x00,0x30,0x0C,0xFE,0xFF,0x38,0x0C,0xF8,0x7F,0x0C,0x60,0xE6,0x63,
0x3F,0x6E,0x18,0x6C,0x18,0x6C,0x18,0x6C,0x18,0x6C,0xF0,0x67,0x00,0x60,0xC0,0x3F,
/*  868 */ 
0x00,0x00,0x00,0x00,0xF6,0x00,0xFC,0x7F,0xD8,0x60,0x7C,0x60,0x9E,0x7F,0xF0,0x78,
0xF0,0x78,0xF8,0x78,0xFC,0x78,0xF6,0x78,0xB0,0x7F,0x30,0x60,0x30,0x60,0x1E,0x7C,
/*  869 */ 
0x00,0x00,0x00,0x00,0x0C,0x7C,0xCC,0x07,0xCC,0x00,0xFE,0xFF,0xCC,0x00,0xCC,0x00,
0xCC,0x7F,0xCC,0x63,0xCC,0x63,0xFC,0x63,0xDC,0x63,0x66,0x63,0x60,0x63,0x30,0x7F,
/*  870 */ 
0x00,0x00,0x98,0x01,0x98,0x01,0x98,0xFF,0xFE,0xC0,0xD8,0xC6,0x7C,0xC3,0x3C,0xC3,
0x3C,0xDB,0x9E,0xD9,0x9E,0xF1,0xD8,0xFE,0xD8,0xF3,0x18,0xC0,0x18,0xC0,0x18,0x7C,
/*  871 */ 
0x00,0x00,0x80,0x01,0xBE,0x01,0xE6,0xFF,0xFE,0xC0,0xFE,0xC6,0xFE,0xC6,0x7E,0xC3,
0x7E,0xDB,0xFE,0xD9,0xFE,0xF1,0xEE,0xFF,0x0C,0xF0,0x3C,0xC0,0x6C,0x60,0x66,0x7E,
/*  872 */ 
0x00,0x00,0x0C,0x0C,0x0C,0xFC,0xFC,0xC7,0x86,0xCF,0xBE,0x7B,0xEC,0x71,0xEC,0x39,
0xEC,0x1F,0xEC,0xF9,0xEC,0xCD,0xEC,0xCF,0xEC,0xDB,0xB8,0x71,0x80,0x31,0xFC,0x1F,
/*  873 */ 
0x00,0x00,0x00,0x00,0x80,0x01,0xFC,0x7F,0xF8,0x3F,0x0C,0x60,0x0C,0x60,0xF8,0x3F,
0xFC,0x7F,0x60,0x18,0x60,0x0C,0xFE,0xFF,0x00,0x03,0xFC,0xFF,0x00,0x03,0x00,0x03,
/*  874 */ 
0x00,0x00,0x00,0x0C,0x30,0x0C,0xFE,0xFF,0x00,0x0C,0x18,0x0C,0x0C,0x0C,0x7C,0x7F,
0x6C,0x0C,0x66,0x0C,0xE6,0xFF,0xBC,0xC1,0xB8,0xC1,0xB8,0xC1,0xEC,0xC1,0xC6,0xFF,
/*  875 */ 
0x00,0x00,0x00,0x0C,0x00,0x0C,0x3E,0x0C,0xF6,0xFF,0x36,0x0C,0x36,0x0C,0x36,0x0C,
0xB6,0x7F,0xF6,0x60,0xF6,0x60,0xF6,0x60,0xF6,0x60,0xF6,0x60,0xFE,0x60,0x80,0x7F,
/*  876 */ 
0x00,0x00,0x18,0x06,0x18,0x06,0xFC,0x7F,0xFE,0x19,0x98,0xFF,0xD8,0x18,0xFC,0x7E,
0xD8,0xDB,0xD8,0xDB,0xF8,0xDB,0xDC,0xDB,0xDE,0xDB,0xD8,0x7B,0xD8,0x18,0xDE,0xFF,
/*  877 */ 
0x00,0x00,0x18,0x00,0x18,0x06,0x18,0x06,0xFC,0xFF,0x0C,0x06,0x0C,0x06,0x0E,0x06,
0xEE,0x7F,0x6F,0x60,0x6C,0x60,0x6C,0x60,0x6C,0x60,0x6C,0x60,0x6C,0x60,0xEC,0x7F,
/*  878 */ 
0x00,0x00,0x00,0x00,0x0C,0x06,0x18,0x06,0xF0,0xFF,0x00,0x06,0x06,0x06,0x0C,0x06,
0x98,0x3F,0xE0,0xE0,0x78,0xC0,0x78,0xC0,0x78,0xC0,0x6C,0xC0,0x6C,0xC0,0xE6,0x7F,
/*  879 */ 
0x00,0x00,0x00,0x00,0x7E,0x7F,0xE0,0x37,0xB0,0x37,0x98,0x37,0x8C,0x37,0x98,0x67,
0xF8,0x67,0xBE,0x67,0xB0,0x67,0xB0,0x7F,0xF0,0x7E,0xF0,0xDE,0xF0,0xFE,0x7E,0xB0,
/*  880 */ 
0x00,0x00,0x00,0x0C,0x0C,0x0C,0x0C,0x0C,0xFE,0xFF,0x6C,0x0C,0x6C,0x0C,0x66,0x0C,
0xE6,0x7F,0xB6,0xC1,0xB6,0xC1,0xBC,0xC1,0xB8,0xC1,0xF8,0xC1,0x8C,0xC1,0x86,0x7F,
/*  881 */ 
0x00,0x00,0x00,0x18,0x30,0x18,0xFC,0xFF,0x30,0x18,0xFC,0x18,0x00,0x18,0xFC,0xFE,
0xCC,0x66,0xCC,0x66,0xCC,0x6C,0xFC,0x3C,0xCC,0x18,0xD8,0x38,0xF8,0x7F,0x3E,0xC3,
/*  882 */ 
0x00,0x00,0x00,0x00,0x80,0x01,0x80,0x01,0xFE,0xFF,0x80,0x01,0x80,0x01,0x80,0x01,
0xF8,0x7F,0x0C,0x60,0x0C,0x60,0x0C,0x60,0x0C,0x60,0x0C,0x60,0x0C,0x60,0xF8,0x7F,
/*  883 */ 
0x00,0x00,0x00,0x00,0x80,0x01,0xF8,0x7F,0x8C,0x61,0x8C,0x61,0xFC,0x7F,0x80,0x01,
0x80,0x61,0xFE,0xFF,0x00,0xC0,0xFC,0x7F,0xCC,0x66,0xCC,0x66,0xCC,0x66,0xFE,0xFF,
/*  884 */ 
0x00,0x00,0x00,0x00,0xF8,0x3F,0x18,0x30,0xF8,0x33,0x18,0x33,0xFE,0xFF,0x06,0xC0,
0xFE,0xFF,0x1E,0xF0,0xF8,0x3F,0x18,0x30,0xF8,0x3F,0x18,0x30,0x18,0x30,0x18,0x3E,
/*  885 */ 
0x00,0x00,0xC0,0x00,0x60,0x1C,0x38,0x30,0x0E,0x63,0x80,0x07,0xE0,0x0C,0x30,0x18,
0x1C,0x70,0xFE,0xDF,0x18,0x30,0x18,0x30,0x18,0x30,0x18,0x30,0x18,0x30,0xF8,0x3F,
/*  886 */ 
0x00,0x00,0x00,0x00,0xBC,0x3F,0xB6,0x31,0xB6,0x31,0xB6,0x31,0xFE,0x30,0x76,0xE0,
0xF6,0x7F,0xB6,0x61,0xBE,0x31,0x36,0x33,0x36,0x1E,0x36,0x0E,0xB6,0x3B,0xFE,0xE0,
/*  887 */ 
0x00,0x00,0x30,0x06,0x30,0x06,0x30,0x06,0xFE,0xFF,0x30,0x66,0x30,0x66,0x30,0x67,
0xFC,0x37,0xC6,0x36,0xC6,0x3C,0xC6,0x1C,0xC6,0x18,0xC6,0x3C,0xC6,0x66,0xFC,0xC3,
/*  888 */ 
0x00,0x00,0x00,0x00,0xFC,0xFF,0x06,0x18,0x76,0x3C,0xDE,0x67,0xDE,0x7B,0xDE,0x7B,
0xDE,0x7B,0xDE,0x7B,0xFE,0x7B,0x1E,0x6C,0x1E,0x3C,0xDE,0x67,0x7E,0xC7,0x00,0xC0,
/*  889 */ 
0x00,0x00,0x00,0x00,0xFC,0x7F,0x86,0xC1,0x86,0xC1,0xFE,0xFF,0x86,0xC1,0x86,0xC1,
0xF6,0xDF,0x36,0xD8,0x36,0xD8,0x36,0xD8,0x36,0xD8,0xE6,0xDF,0x06,0xC0,0xFC,0x7F,
/*  890 */ 
0x00,0x00,0x80,0x01,0x00,0x03,0xFC,0xFF,0x0C,0xC0,0x0C,0xC0,0xFC,0x7F,0x6C,0x06,
0xEC,0xFF,0x3C,0x06,0x3C,0x06,0xF6,0x7F,0x36,0x06,0xF6,0xFF,0x36,0x06,0xF0,0xFF,
/*  891 */ 
0x00,0x00,0x00,0x00,0xFE,0xCD,0x30,0xCC,0x30,0xCC,0x30,0xCC,0xFC,0xCD,0x30,0xCC,
0x30,0xCC,0xFC,0xCD,0x86,0xCD,0x86,0xCD,0x86,0xCD,0x86,0xC1,0x86,0xC1,0xFC,0xFD,
/*  892 */ 
0x00,0x00,0x00,0x00,0xF8,0x3F,0xCC,0x18,0xCC,0x18,0xCC,0x30,0xCC,0x30,0xCC,0x30,
0xCC,0x30,0xCC,0x36,0xCC,0x36,0xCC,0x6C,0xCC,0x6C,0xC6,0x7C,0xC6,0xDF,0x83,0x01,
/*  893 */ 
0x00,0x00,0x00,0x00,0xFC,0xC1,0x06,0xDB,0x06,0xDB,0x06,0xDB,0xFC,0xDB,0x60,0xD8,
0xFC,0xDB,0x66,0xDB,0xF6,0xDB,0x9E,0xDB,0x8E,0xC3,0x06,0xC3,0x06,0xC3,0x86,0x7B,
/*  894 */ 
0x00,0x00,0x80,0x01,0xFC,0x7F,0x06,0xC0,0xFE,0xFF,0x86,0xC1,0xF0,0x1F,0xF8,0x1F,
0x18,0x18,0xF8,0x1F,0xFF,0xFF,0x30,0x18,0xFC,0x7F,0xC6,0xD8,0x60,0x18,0x3E,0x1B,
/*  895 */ 
0x00,0x00,0x00,0x00,0x0C,0x06,0xCC,0x7F,0x3E,0x06,0x0C,0x06,0x0C,0x06,0xEC,0xFF,
0x3C,0x00,0x38,0x00,0x0E,0x06,0xCC,0x7F,0x0C,0x06,0x0C,0x06,0x0C,0x06,0xEE,0xFF,
/*  896 */ 
0x00,0x00,0x0C,0x00,0x8C,0x31,0xCC,0x37,0x80,0x31,0xBC,0x31,0xB0,0x31,0xF8,0x3F,
0xBC,0x71,0x9E,0xF1,0xFF,0xFF,0xEC,0x31,0x8C,0x31,0x8C,0x31,0xCC,0x3F,0x6C,0x30,
/*  897 */ 
0x00,0x00,0x00,0x00,0xFC,0x3F,0x80,0x01,0xFE,0xFF,0x80,0x01,0xE0,0x0D,0xFE,0xCD,
0xE0,0x7D,0xE0,0x0D,0xF0,0xCD,0xFE,0xCD,0xE0,0x7D,0x80,0x01,0x80,0x01,0x80,0x01,
/*  898 */ 
0x00,0x00,0x18,0x00,0xD8,0x7F,0xD8,0x60,0xFE,0x60,0xD8,0x60,0xD8,0x60,0x98,0x7F,
0x78,0x06,0xF8,0xFF,0x1E,0xC3,0x18,0xC3,0x18,0xC3,0x98,0xC1,0xD8,0x61,0x7E,0x7E,
/*  899 */ 
0x00,0x00,0x00,0x00,0xCC,0x7F,0x8C,0x61,0x0C,0x33,0x3E,0x1B,0x3E,0x0E,0x3E,0x1E,
0xBF,0x33,0xEF,0xE6,0x0F,0x06,0xCC,0x7F,0x0C,0x06,0x0C,0x06,0x0C,0x06,0xE0,0xFF,
/*  900 */ 
0x00,0x00,0x00,0x06,0x18,0x06,0xD8,0xFF,0x78,0xC0,0xFE,0xFF,0xDC,0x60,0xDC,0x60,
0xFC,0x60,0xFE,0x7F,0xDE,0x00,0xDB,0x7F,0xD8,0xC0,0xD8,0xC0,0xD8,0xC0,0x98,0x7F,
/*  901 */ 
0x00,0x00,0x00,0x00,0x30,0x18,0x60,0x0C,0xFC,0x7F,0x80,0x01,0x80,0x01,0x80,0x01,
0xFE,0xFF,0x80,0x03,0x80,0x03,0xC0,0x06,0xC0,0x0C,0x70,0x18,0x18,0x30,0x0E,0xE0,
/*  902 */ 
0x00,0x00,0xC0,0x00,0x80,0x01,0xFE,0xFF,0x06,0xC0,0xF6,0xDF,0x1E,0xF0,0x18,0x30,
0x18,0x30,0xF8,0x3F,0x18,0x00,0xF8,0x7F,0x18,0x60,0x18,0x60,0x18,0x60,0xF8,0x7F,
/*  903 */ 
0x00,0x00,0x00,0x00,0xFE,0xFF,0x06,0xC0,0xFE,0xF1,0x0E,0xF0,0x00,0xFF,0xFC,0x31,
0xD8,0x37,0xD8,0x36,0xD8,0x3C,0xD8,0x3C,0xD8,0x30,0xCC,0xFE,0xCC,0xC0,0xC6,0x7F,
/*  904 */ 
0x00,0x00,0x00,0x00,0x00,0x7F,0xFC,0x61,0xC0,0x6D,0xE6,0x6D,0xEC,0x6D,0xEC,0x6D,
0xF8,0x6D,0xB8,0x6D,0x30,0x6C,0x78,0x1C,0x78,0x1E,0xCC,0x1B,0xE6,0xDB,0xC0,0xF9,
/*  905 */ 
0x00,0x00,0x18,0x06,0xFC,0xFF,0x3C,0x1B,0xF6,0x18,0xFE,0xFF,0x06,0xC0,0xFE,0xFF,
0x1E,0xF0,0x18,0x30,0xF8,0x1F,0x18,0x00,0xF8,0x3F,0x18,0x30,0x18,0x30,0xF8,0x3F,
/*  906 */ 
0x00,0x00,0x00,0x00,0x0C,0x0C,0xFC,0xFF,0xE6,0xC1,0xE6,0xFF,0x7B,0x63,0x18,0x63,
0x18,0x63,0x18,0x7F,0x18,0x03,0x18,0x7F,0x18,0xC3,0x78,0xC3,0x38,0xC3,0x18,0x7F,
/*  907 */ 
0x00,0x00,0x0C,0x00,0xCC,0xFF,0x7E,0x33,0x9E,0xFF,0xDB,0xDE,0xFE,0xFF,0x98,0x0D,
0xFE,0x0D,0xFE,0x7F,0xFE,0x0D,0xFE,0xFF,0xFE,0x0D,0xFE,0xFF,0xFE,0x0D,0xBC,0xFF,
/*  908 */ 
0x00,0x00,0x00,0x00,0xCC,0x7F,0xCC,0x66,0xEE,0xFF,0xFE,0x66,0xFE,0x7F,0x3F,0x00,
0xCF,0x7F,0xCF,0x66,0xCF,0x66,0xCC,0x66,0xCC,0x66,0x0C,0x3B,0x8C,0x71,0xEC,0xC0,
/*  909 */ 
0x00,0x00,0x00,0x18,0xFC,0xFF,0xCC,0x18,0xE0,0x7D,0x30,0x67,0x37,0x67,0xEC,0x7D,
0x78,0x06,0xE0,0xFF,0x7C,0x06,0xEC,0x7F,0x6C,0x06,0xE6,0xFF,0x66,0x06,0xE6,0xFF,
/*  910 */ 
0x00,0x00,0x00,0x00,0xF8,0x3F,0x18,0x63,0xFF,0xFF,0x18,0x63,0xF8,0x3F,0x00,0x00,
0xF8,0x3F,0x18,0x60,0x98,0x61,0x98,0x61,0x98,0x67,0xD8,0x3C,0x70,0x38,0x1E,0xE0,
/*  911 */ 
0x00,0x00,0x80,0x01,0x80,0x61,0x98,0x31,0xB0,0x31,0xB0,0x19,0xB0,0x0D,0xFE,0xFF,
0x60,0x06,0x60,0x06,0x60,0x06,0x60,0x06,0x30,0xC6,0x30,0xC6,0x18,0xC6,0x0E,0x7E,
/*  912 */ 
0x00,0x00,0x80,0x01,0x00,0x03,0xFC,0xFF,0x0C,0x00,0x0C,0x00,0x0C,0x00,0x0C,0x00,
0x0C,0x00,0x0C,0x00,0x06,0x00,0x06,0x00,0x06,0x00,0x06,0x00,0x06,0x00,0x06,0x00,
/*  913 */ 
0x00,0x00,0x00,0x00,0xE6,0xFF,0xEC,0x18,0xD8,0x18,0xE0,0x18,0xB0,0x19,0x8E,0x19,
0xCC,0xFF,0xEC,0x19,0xBC,0x19,0x8C,0x19,0x8C,0x19,0xFC,0xFF,0x3C,0x00,0xE7,0xFF,
/*  914 */ 
0x00,0x00,0x00,0x0C,0x3E,0x06,0xEC,0xFF,0xCC,0xCC,0xCC,0xCC,0xCC,0xFF,0xFE,0xC6,
0xCC,0xC6,0xCC,0x7F,0x0C,0x3E,0x0C,0x7E,0x6C,0xDF,0xBC,0xFD,0xC6,0x8C,0x70,0xFC,
/*  915 */ 
0x00,0x00,0x00,0x00,0x18,0x7F,0x98,0x61,0xFE,0x6D,0x98,0x6D,0x98,0x6D,0x98,0x6D,
0xFE,0x6D,0x98,0x6D,0xB8,0x6D,0x38,0x1E,0x6C,0x1E,0x0C,0xDB,0x86,0xD9,0xC6,0xF8,
/*  916 */ 
0x00,0x00,0x00,0x00,0x80,0x01,0xFC,0x7F,0x80,0x01,0x80,0x01,0x80,0x01,0xFE,0xFF,
0x00,0x00,0x00,0x00,0x80,0x01,0xFC,0x7F,0x80,0x01,0x80,0x01,0x80,0x01,0xFE,0xFF,
/*  917 */ 
0x00,0x00,0x00,0x0C,0x7E,0x0C,0x98,0xFF,0x0C,0x0C,0x0C,0x0C,0x7C,0x0C,0xEE,0xFF,
0x6E,0x00,0x6C,0x0C,0x6C,0x0C,0xEC,0x7F,0x6C,0x0C,0x6C,0x0C,0x6C,0x0C,0xFC,0xFF,
/*  918 */ 
0x00,0x00,0x30,0x00,0x30,0x00,0xF6,0xFF,0x36,0xC0,0x36,0xC0,0x36,0xC0,0x36,0xC0,
0x36,0xC0,0xB6,0xFF,0x36,0xC0,0x36,0xC0,0x30,0xC0,0x18,0xC0,0xCC,0xFF,0x06,0x00,
/*  919 */ 
0x00,0x00,0x60,0x00,0xF0,0x07,0x18,0x06,0x0E,0x03,0xFC,0x7F,0x86,0x61,0x86,0x61,
0xFC,0x7F,0x86,0x61,0x86,0x61,0x86,0x61,0xFC,0x7F,0x80,0xC1,0x80,0xC1,0x80,0xFF,
/*  920 */ 
0x00,0x00,0x0C,0x00,0xEC,0x7F,0x1E,0xC0,0x86,0xC1,0xF6,0xDF,0x86,0xC1,0x86,0xC1,
0xFE,0xFF,0x86,0xC1,0x86,0xC1,0xF6,0xDF,0x86,0xC1,0xFE,0xDF,0x06,0xC0,0x06,0x78,
/*  921 */ 
0x00,0x00,0x00,0x00,0x18,0x03,0x7E,0x03,0x98,0x1F,0x1C,0x33,0x3C,0x33,0x36,0x33,
0xFE,0x33,0x30,0x33,0x30,0x33,0xF0,0xF3,0xBE,0xF1,0xB0,0xF1,0xF0,0xF0,0xF0,0xF0,
/*  922 */ 
0x00,0x00,0x00,0x00,0xC0,0x00,0xFC,0x3F,0x86,0x31,0x86,0x31,0xFC,0x3F,0x86,0x31,
0xC6,0x30,0xFC,0x3F,0xC0,0x01,0xE0,0x37,0xE0,0x37,0xB0,0x3F,0x98,0xF1,0x0E,0xFF,
/*  923 */ 
0x00,0x00,0x00,0x03,0x0C,0x3F,0x8C,0x31,0xD8,0x18,0xE0,0xFF,0xCE,0x00,0xD8,0x3E,
0xD8,0x63,0xD8,0x63,0xD8,0x63,0xD8,0x63,0xF8,0x3F,0xF8,0xC3,0xF8,0xC3,0x60,0xFE,
/*  924 */ 
0x00,0x00,0x00,0x00,0xF0,0x1F,0x8C,0xCF,0xF8,0x6C,0x70,0x38,0x18,0x70,0xFE,0xFF,
0x80,0x01,0x80,0x01,0x80,0x01,0xFE,0xFF,0xC0,0x06,0xE0,0x1C,0x30,0x30,0x1E,0x60,
/*  925 */ 
0x00,0x00,0x00,0x0C,0x18,0x0C,0x18,0x0C,0xFE,0x7F,0x18,0x0C,0x18,0x0C,0xFC,0xFF,
0x3C,0x00,0x7E,0x0C,0x1E,0x0C,0xDB,0x7F,0x18,0x0C,0x18,0x0C,0x18,0x0C,0xF8,0xFF,
/*  926 */ 
0x00,0x00,0x00,0x00,0x18,0xFF,0x98,0x01,0xFE,0x01,0x98,0x01,0xB8,0x7F,0xB8,0xC1,
0xFC,0xC1,0xDC,0xC1,0x9E,0xC1,0x9B,0xFF,0x98,0x01,0x98,0x01,0x98,0x01,0x98,0xFF,
/*  927 */ 
0x00,0x00,0x00,0x03,0x3C,0x3F,0xE6,0x31,0xE6,0x18,0xE6,0xFF,0xE6,0x00,0xFC,0x7E,
0xD8,0x63,0xDE,0x63,0xFE,0x63,0xDE,0x63,0xDE,0x7B,0xDE,0xC3,0xFE,0xC3,0x6E,0xFF,
/*  928 */ 
0x00,0x00,0x00,0x00,0x80,0x01,0xFC,0x7F,0x8C,0x61,0xFC,0x3F,0x80,0x01,0xFE,0xFF,
0x00,0x00,0xF8,0x7F,0x0C,0x60,0x8C,0x61,0x8C,0x61,0x80,0x6F,0xE0,0x38,0x3C,0x60,
/*  929 */ 
0x00,0x00,0x00,0x00,0xE0,0xD8,0xB0,0xD9,0x18,0xDB,0x0C,0xDE,0xFF,0xDF,0x0C,0xD8,
0x00,0xD8,0xFE,0xDF,0x30,0xD8,0xB0,0xD9,0x18,0xDB,0x18,0xDB,0xEC,0xC3,0x38,0xFE,
/*  930 */ 
0x00,0x00,0x00,0x00,0x98,0x7F,0xFE,0x60,0xCC,0x60,0xCC,0x7F,0xDE,0x60,0x9E,0x7F,
0x1E,0x00,0xFC,0xD8,0xD8,0x78,0xD8,0x3F,0xFE,0x18,0xD8,0x98,0xD8,0xDE,0x98,0xFB,
/*  931 */ 
0x00,0x00,0x00,0x00,0x06,0x06,0xFC,0xFF,0xD8,0x33,0x60,0x73,0xB0,0xD9,0xCE,0x30,
0xD8,0x3E,0x80,0x67,0x98,0xC7,0xD8,0x7C,0xEC,0x18,0xFC,0x30,0xC6,0x6E,0xC6,0xC3,
/*  932 */ 
0x00,0x00,0x00,0x00,0xD8,0xFF,0xD8,0xC0,0xD8,0xC0,0xFE,0xFF,0xD8,0xC0,0xFC,0xFF,
0xFC,0x0C,0xDE,0x6C,0xDE,0x3F,0xDB,0x1C,0xD8,0x8C,0xD8,0x8C,0xD8,0xCE,0xD8,0xFB,
/*  933 */ 
0x00,0x00,0x00,0x00,0x0C,0x7F,0xFC,0x61,0x86,0x61,0x86,0x61,0x7C,0x7F,0x18,0x0C,
0x98,0xFF,0xFE,0xCC,0xD8,0xDE,0xD8,0xF6,0xD8,0xE3,0xF8,0xC0,0xF8,0xC0,0x18,0xE0,
/*  934 */ 
0x00,0x00,0x30,0x00,0x30,0xFC,0xFE,0xC7,0x00,0x66,0xFC,0x67,0x0C,0x67,0xFC,0x37,
0x00,0x36,0xFC,0x67,0x80,0x67,0xE0,0xC6,0xE0,0xC7,0x7E,0xC6,0x60,0xFE,0x7C,0x30,
/*  935 */ 
0x00,0x00,0x00,0x00,0xFC,0x7F,0x06,0x60,0xFE,0x7F,0x86,0x61,0x86,0x61,0x86,0x61,
0xFE,0x7F,0x86,0x67,0x86,0x6D,0x86,0x6D,0x86,0x79,0xFE,0x7F,0x06,0x60,0xFC,0x7F,
/*  936 */ 
0x00,0x00,0x00,0x00,0xF8,0x3F,0x8C,0x31,0xFC,0x3F,0x8C,0x31,0x8C,0x31,0xF8,0x3F,
0x80,0x01,0xFE,0xFF,0x80,0x03,0xC0,0x07,0xF0,0x1D,0x98,0x71,0x8E,0xC1,0x80,0x01,
/*  937 */ 
0x00,0x00,0x80,0x01,0xFE,0xFF,0x00,0x00,0xF8,0x3F,0x8C,0x31,0xFC,0x3F,0xFC,0x3F,
0x80,0x01,0xFE,0xFF,0xE0,0x1D,0xB8,0x71,0xEE,0xF3,0x38,0x1E,0x3E,0x1C,0xF0,0x71,
/*  938 */ 
0x00,0x00,0x00,0x00,0x0C,0x30,0x18,0x30,0xF8,0xFF,0x00,0x30,0x00,0x30,0x9E,0x31,
0x18,0x33,0x18,0x36,0x18,0x36,0x18,0x30,0x18,0x30,0x38,0x36,0x6C,0x1C,0xC6,0xFF,
/*  939 */ 
0x00,0x00,0x00,0x00,0x1C,0x0E,0x36,0x1B,0xB6,0x31,0xF6,0xE0,0xF6,0x7F,0x36,0x00,
0x36,0x00,0xF6,0x7F,0xF6,0x60,0xF6,0x60,0xF6,0x60,0xF6,0x60,0xFE,0x60,0xC0,0x7F,
/*  940 */ 
0x00,0x00,0x00,0x0C,0x7C,0x0C,0xC6,0xFF,0xFE,0x0C,0xF6,0x06,0xFE,0x33,0xC6,0xF3,
0x7E,0xDF,0x66,0x6C,0x7E,0x6C,0x66,0x37,0xE6,0x39,0x7E,0x3C,0x66,0x66,0xFE,0xC3,
/*  941 */ 
0x00,0x00,0x00,0x06,0x3E,0x06,0xF0,0xFF,0x30,0x33,0x18,0x33,0x8C,0xD9,0x8C,0x79,
0x98,0x6F,0x78,0x36,0x3E,0x1B,0xF0,0x0D,0x30,0x1E,0x30,0x33,0xB0,0x61,0xFE,0xC0,
/*  942 */ 
0x00,0x00,0xC0,0x00,0xCE,0xFF,0x6C,0x00,0x60,0x00,0xF0,0x7F,0xC6,0x66,0xCC,0x66,
0x6C,0x66,0xF8,0xFF,0x78,0x63,0x78,0x66,0x6C,0x66,0xEC,0xFF,0x0C,0x60,0x06,0x3E,
/*  943 */ 
0x00,0x00,0x00,0x00,0xF8,0x7F,0x0C,0x00,0xF6,0x3F,0x06,0x00,0xFC,0x3F,0xC0,0x30,
0xFE,0x3F,0xB0,0x31,0x98,0x37,0xF0,0x36,0x70,0x33,0xDE,0xF3,0x60,0xF6,0x3C,0xEC,
/*  944 */ 
0x00,0x00,0x80,0x01,0x80,0x01,0xFE,0xFF,0xC0,0x00,0x60,0x0C,0x30,0x6C,0x18,0x36,
0xF8,0x33,0x80,0x19,0xC0,0x18,0x78,0x0C,0x0E,0x0F,0x80,0x19,0xE0,0x30,0x3C,0x60,
/*  945 */ 
0x00,0x00,0x80,0x01,0x80,0x01,0xFE,0xFF,0x86,0xC1,0x86,0xC1,0xFE,0x1F,0x80,0x01,
0xF0,0x1F,0x80,0x01,0xFC,0x7F,0xF0,0x1F,0x1C,0x70,0x0C,0x60,0x0C,0x60,0xF8,0x3F,
/*  946 */ 
0x00,0x00,0x00,0x0C,0x7E,0x0C,0xE0,0xFF,0x6C,0x06,0x6C,0x36,0x66,0x33,0x66,0xFF,
0xFC,0x78,0xC0,0x6C,0xC0,0x36,0xF0,0x33,0xDE,0x38,0xC0,0x3C,0xC0,0x66,0xF8,0xC3,
/*  947 */ 
0x00,0x00,0x00,0x00,0xFE,0x63,0x38,0x63,0xB8,0xFF,0xFE,0x63,0xFE,0x63,0xFE,0x63,
0xFE,0x63,0xEE,0x63,0xC6,0x7F,0xC6,0x63,0xFE,0x63,0xC6,0x63,0xC6,0x63,0xFE,0x7E,
/*  948 */ 
0x00,0x00,0x00,0x0C,0xF8,0x0C,0xFE,0xFF,0xCC,0x66,0xFC,0x6F,0xCC,0x3F,0xFC,0x38,
0x8C,0x39,0xFE,0x6F,0xC0,0xC3,0x80,0x61,0x3C,0x63,0x3C,0x63,0x36,0xDB,0xE6,0xDF,
/*  949 */ 
0x00,0x00,0x00,0x38,0x8C,0xED,0x8C,0x6D,0xFF,0x6F,0x8C,0x6D,0x8C,0x6D,0x8C,0x3D,
0x8C,0x6D,0xFC,0x6D,0x8C,0xCD,0x8C,0xCD,0x8C,0xCD,0x8C,0xCD,0x8C,0x7D,0xF8,0x0C,
/*  950 */ 
0x00,0x00,0x00,0x0C,0x18,0x0C,0xFE,0xFF,0x18,0x0C,0x7C,0x0C,0xC6,0x7F,0xC6,0x0C,
0xFE,0x0C,0xC6,0xFF,0xC6,0xCC,0x7C,0xCC,0x18,0xCC,0xFE,0xFC,0x18,0x6C,0x00,0x0C,
/*  951 */ 
0x00,0x00,0x80,0x01,0xC0,0x07,0x60,0x0C,0xF8,0x38,0x8E,0xE3,0x00,0x03,0xFC,0x3F,
0x00,0x30,0x00,0x18,0x00,0x0E,0xF8,0x3F,0x0C,0x60,0x0C,0x60,0x0C,0x60,0xF8,0x7F,
/*  952 */ 
0x00,0x00,0x00,0x00,0xE0,0x3F,0x0C,0x30,0x18,0x1C,0xF0,0xF6,0xB0,0xF7,0xBE,0xDF,
0x38,0xC6,0x30,0xC7,0xB8,0xDF,0xFC,0xF6,0x3C,0xF6,0xBC,0xE7,0x36,0xC3,0xE0,0xFF,
/*  953 */ 
0x00,0x00,0x80,0x01,0x80,0x01,0xFE,0xFF,0x66,0xCC,0xFE,0xFF,0x60,0x0C,0xFC,0x7F,
0x60,0x0C,0xFE,0xFF,0x30,0x18,0xD8,0x31,0x0C,0x67,0x67,0xC0,0xC0,0x01,0x00,0x07,
/*  954 */ 
0x00,0x00,0x00,0x00,0xF8,0x3F,0x00,0x30,0x00,0x1C,0x1E,0x37,0xB6,0x79,0xE6,0x6D,
0xE6,0x61,0xC6,0x61,0xE6,0x6D,0xE6,0x79,0xB6,0x79,0xE6,0x61,0x06,0x60,0xFC,0x3F,
/*  955 */ 
0x00,0x00,0x00,0x60,0x00,0xF0,0xDE,0xFF,0x76,0x30,0xF6,0x3F,0x76,0x30,0xF6,0xFF,
0xF6,0xFD,0xF6,0x7D,0xF6,0x7D,0xF6,0x7D,0xF6,0xBD,0x7E,0xFF,0x60,0xEC,0x30,0xC6,
/*  956 */ 
0x00,0x00,0x00,0x00,0xFE,0xFF,0x66,0xCC,0x66,0xDC,0x36,0xD8,0x1C,0x30,0x00,0x00,
0xFC,0x7F,0x80,0x01,0x80,0x01,0x80,0x01,0xFC,0x7F,0x80,0x01,0x80,0x01,0x00,0x00,
/*  957 */ 
0x00,0x00,0x18,0x0C,0x18,0x1E,0x7E,0x33,0x98,0x61,0xFC,0xC0,0xE6,0x7F,0xE6,0xCE,
0xFE,0xDE,0xE6,0xDF,0xE6,0xDF,0x3C,0xF7,0x98,0xF7,0xFE,0xDE,0x18,0xCE,0x98,0x7F,
/*  958 */ 
0x00,0x00,0x0C,0x18,0x0C,0x78,0xEC,0xFF,0x7E,0xD8,0xFC,0x7F,0xEC,0x7F,0xEC,0x7C,
0xEC,0x7C,0xFC,0xFC,0xBE,0xFF,0x3C,0xDB,0x6C,0x66,0xEC,0x76,0xFC,0xF6,0xBE,0xDF,
/*  959 */ 
0x00,0x00,0x00,0x00,0xD8,0x7F,0xD8,0xC0,0xFE,0xFF,0xD8,0xC0,0xD8,0xC0,0x98,0x7F,
0x78,0x00,0xF8,0xFF,0x1E,0x0C,0xF8,0xFF,0x18,0x0C,0x18,0x0C,0x18,0x0C,0x1E,0x0C,
/*  960 */ 
0x00,0x00,0x00,0x00,0xFC,0x7F,0x0C,0x60,0xFC,0x7F,0x0C,0x60,0x0C,0x60,0xFC,0x7F,
0x00,0x00,0xFC,0x7F,0x80,0x01,0x80,0x01,0xFE,0xFF,0x80,0x01,0x80,0x01,0x80,0x01,
/*  961 */ 
0x00,0x00,0x00,0x78,0x18,0x78,0xD8,0xFF,0xFE,0xD8,0xFE,0x77,0x7E,0x7F,0xFE,0x7D,
0xFE,0x7D,0xFB,0xFD,0xF8,0xFF,0xD8,0xDF,0xD8,0x67,0xF8,0x7D,0xF8,0xFD,0x18,0xDF,
/*  962 */ 
0x00,0x00,0x00,0x00,0xCC,0x7F,0xCC,0x60,0xFE,0x7F,0xFE,0x60,0xFE,0x60,0xBE,0x7F,
0x3E,0x00,0xCF,0xFF,0x0F,0x0C,0x0C,0x0C,0xEC,0xFF,0x0C,0x0C,0x0C,0x0C,0x00,0x0C,
/*  963 */ 
0x00,0x00,0x18,0x00,0x98,0x7F,0xFE,0x60,0xFE,0x7F,0xFE,0x60,0xBE,0x7F,0x1E,0x00,
0xDE,0xFF,0x18,0x0C,0x18,0x0C,0xFC,0xFF,0x3C,0x0C,0x6C,0x0C,0x66,0x0C,0x06,0x0C,
/*  964 */ 
0x00,0x00,0x00,0x00,0xEC,0xFF,0x18,0x06,0x30,0x06,0x00,0x06,0x0E,0x06,0x18,0x06,
0xF0,0xFF,0x00,0x06,0x30,0x06,0x30,0x06,0x18,0x06,0x0C,0x06,0x06,0x06,0x06,0x00,
/*  965 */ 
0x00,0x00,0x00,0x00,0xEE,0x7F,0xD8,0x60,0xB0,0x61,0x80,0x61,0x8E,0x31,0x18,0x33,
0x30,0x1B,0x00,0x1B,0x30,0x0E,0x18,0x0E,0x18,0x1F,0x8C,0x31,0xCC,0x60,0x66,0xC0,
/*  966 */ 
0x00,0x00,0x00,0x00,0x80,0x01,0xFE,0xFF,0x80,0x03,0xC0,0x06,0x60,0x0C,0xF8,0x38,
0xCE,0xE0,0xFC,0x3F,0xC0,0x60,0xC0,0x60,0x60,0x60,0x70,0x60,0x18,0x30,0x0E,0x3F,
/*  967 */ 
0x00,0x00,0x18,0x00,0x18,0x06,0xD8,0xFF,0x18,0x00,0x3C,0x00,0xB8,0x3F,0xB8,0x31,
0xFC,0x31,0x9C,0x31,0x9E,0x31,0x98,0x31,0x98,0xB1,0xD8,0xF0,0xD8,0xF0,0x78,0xF0,
/*  968 */ 
0x00,0x00,0x30,0x0C,0x30,0x0C,0xFC,0xFF,0xDC,0x00,0xDC,0x00,0xFC,0x3F,0xFC,0x33,
0xCC,0x33,0xFF,0x33,0xDC,0x33,0xDE,0x33,0xF6,0xF3,0xF6,0xF3,0xF6,0xF1,0xDE,0xF1,
/*  969 */ 
0x00,0x00,0x00,0x06,0x0C,0x06,0xCC,0x7F,0xCC,0x3F,0xCC,0x60,0xDE,0x3F,0xEC,0xFF,
0x3C,0xC0,0xFC,0xFF,0xBC,0x67,0xEC,0x3E,0xBC,0x1F,0xFC,0x3E,0x86,0x6F,0xF0,0x6F,
/*  970 */ 
0x00,0x00,0x00,0x06,0x00,0x06,0xDE,0x7F,0xDE,0x7F,0xDE,0x60,0x9E,0x3F,0xDE,0xFF,
0x7E,0xC0,0xFE,0xFF,0xFE,0x37,0xDE,0x3E,0x9E,0x1F,0xFE,0x3F,0xDE,0x6D,0x70,0xCF,
/*  971 */ 
0x00,0x00,0x80,0x01,0xFE,0x7F,0x00,0x00,0xF8,0x3F,0x18,0x30,0xF0,0x1F,0xFE,0xFF,
0x06,0xC0,0xFE,0xFF,0xF0,0xF3,0x9C,0x1F,0xF0,0x07,0xDC,0x0F,0x70,0x7B,0x7E,0xC3,
/*  972 */ 
0x00,0x00,0x80,0x01,0x80,0x01,0xFE,0xFF,0xF8,0x3F,0x0C,0x60,0xFC,0x7F,0x00,0x00,
0xFE,0xFF,0x06,0xFC,0xFE,0x07,0x80,0x3F,0xFE,0x01,0xFE,0x7F,0x80,0xC1,0x80,0xFF,
/*  973 */ 
0x00,0x00,0x60,0x00,0x60,0xF8,0xFE,0xCF,0x60,0xCC,0x60,0x6C,0xFE,0x6F,0xF0,0x6C,
0xFC,0x6F,0xFC,0x6F,0xDC,0xCF,0xDE,0xCE,0xDE,0xCE,0xDE,0xCE,0xCC,0xFC,0xFC,0x00,
/*  974 */ 
0x00,0x00,0x00,0x00,0x98,0x3F,0x18,0x60,0xFE,0x30,0xCC,0x18,0x6C,0x0C,0x6C,0x0C,
0x66,0x18,0xE6,0xFF,0x36,0x30,0x3C,0x30,0x38,0x30,0x78,0x30,0xCC,0x18,0x86,0x1F,
/*  975 */ 
0x00,0x00,0x30,0x00,0x30,0x38,0xFE,0x0F,0x30,0x0C,0x30,0x0C,0xFC,0x7F,0x30,0x0C,
0xFE,0x0C,0x38,0x0C,0xF8,0xFF,0x7C,0x0C,0xFC,0xCC,0x36,0xCC,0x30,0xCC,0x30,0xFC,
/*  976 */ 
0x00,0x00,0x00,0x00,0xF8,0x3F,0x18,0x60,0x18,0x60,0xF8,0x3F,0x00,0x00,0xFE,0xFF,
0x30,0x00,0x30,0x00,0xF0,0x3F,0x00,0x60,0x00,0x60,0x00,0x30,0x00,0x30,0xC0,0x1F,
/*  977 */ 
0x00,0x00,0x00,0x00,0xCC,0x06,0xD8,0x7F,0xF0,0x06,0x60,0x06,0x66,0x06,0xEC,0xFF,
0x0C,0x00,0x18,0x00,0xD8,0x7F,0x78,0x60,0x6C,0x60,0x6C,0x60,0x6C,0x60,0xC6,0x7F,
/*  978 */ 
0x00,0x00,0x00,0x00,0xFE,0xFF,0x36,0x60,0xB6,0x6F,0xF6,0x78,0xF6,0x78,0xF6,0x78,
0xF6,0x78,0xF6,0x78,0xF6,0x78,0xB6,0x7F,0x36,0x60,0x36,0x60,0x3E,0x60,0x00,0x7E,
/*  979 */ 
0x00,0x00,0x00,0x00,0xDC,0x7F,0xF6,0x60,0xF6,0x7F,0xF6,0x60,0xF6,0x60,0xB6,0x3F,
0xB6,0x01,0xF6,0xFF,0xF6,0xC6,0xF6,0xDF,0xF6,0xF3,0xF6,0xC0,0x9C,0xFF,0x00,0x7C,
/*  980 */ 
0x00,0x00,0x00,0x00,0x60,0x0C,0xFE,0xFF,0x60,0x0C,0x18,0x00,0xF8,0xFF,0x0C,0x60,
0xEC,0x6F,0x6E,0x6C,0x6E,0x6C,0x6C,0x6C,0x6C,0x6C,0xCC,0x67,0x0C,0x60,0x0C,0x3E,
/*  981 */ 
0x00,0x00,0x00,0x0C,0x60,0x0C,0xFE,0xFF,0x60,0x0C,0x3C,0x0C,0xF8,0xFF,0x30,0x30,
0xCE,0x37,0x78,0x3C,0x60,0x3C,0x60,0x3C,0xF8,0x3F,0xCC,0x36,0x0C,0x30,0x06,0x3F,
/*  982 */ 
0x00,0x00,0x00,0x06,0x18,0x06,0xF8,0xFF,0x18,0x03,0x3E,0x33,0x98,0x19,0xFC,0xD8,
0xBC,0x6F,0x7E,0x6C,0x1E,0x67,0x9B,0x31,0xF8,0x18,0x18,0x3C,0x18,0x67,0xF8,0xC1,
/*  983 */ 
0x00,0x00,0x00,0x60,0x80,0x3F,0xFC,0x01,0x80,0x01,0x80,0x01,0xFE,0xFF,0x80,0x03,
0xC0,0x07,0xE0,0x0D,0xB0,0x19,0x98,0x31,0x8C,0x61,0x87,0xC1,0x80,0x01,0x00,0x00,
/*  984 */ 
0x00,0x00,0x00,0x00,0xFC,0x00,0x30,0xFE,0x30,0xC3,0x30,0xC3,0xFE,0xC3,0x30,0xC3,
0x78,0xC3,0xFC,0xC3,0xBC,0xC3,0x36,0xC3,0x30,0xC3,0x30,0xC3,0x30,0xFE,0x30,0x00,
/*  985 */ 
0x00,0x00,0x00,0x00,0xF8,0xFF,0x18,0x60,0x18,0x60,0xF8,0x6F,0x7C,0x6C,0x7E,0x6C,
0x7E,0x6C,0x78,0x6C,0x78,0x6C,0xD8,0x6F,0x18,0x60,0x18,0x60,0x18,0x60,0x18,0x3E,
/*  986 */ 
0x00,0x00,0x00,0x00,0x80,0x03,0xC0,0x06,0x60,0x1C,0x38,0x30,0x0E,0xE0,0xF8,0x3F,
0x00,0x00,0xF8,0x3F,0x0C,0x60,0x0C,0x60,0x0C,0x60,0x0C,0x60,0x0C,0x60,0xF8,0x3F,
/*  987 */ 
0x00,0x00,0x00,0x00,0xC0,0x07,0x60,0x0C,0x38,0x38,0xEE,0xEF,0xF0,0x1F,0x18,0x30,
0x18,0x30,0xF8,0x3F,0x00,0x00,0xFC,0x7F,0xCC,0x66,0xCC,0x66,0xCC,0x66,0xFE,0xFF,
/*  988 */ 
0x00,0x00,0xC0,0x06,0x7E,0x7E,0x1B,0x63,0xDE,0x67,0xFC,0x37,0xF8,0x1C,0x6E,0x1C,
0x70,0x77,0xF8,0xC1,0x6E,0x7F,0xF0,0x61,0xD8,0x61,0xEC,0x61,0xE0,0x61,0x78,0x7F,
/*  989 */ 
0x00,0x00,0x00,0x00,0xEC,0x7F,0x98,0xC1,0x86,0xC1,0xFE,0xFF,0xC6,0xC0,0x66,0xC6,
0xF6,0xC3,0x86,0xD9,0xC6,0xCC,0x76,0xC6,0x86,0xCF,0xE6,0xD8,0x36,0xF0,0x06,0xF8,
/*  990 */ 
0x00,0x00,0x06,0x00,0xFE,0xFF,0x18,0x60,0x00,0x60,0xC0,0x6F,0x66,0x6C,0x6C,0x6C,
0x78,0x6C,0x60,0x6C,0x70,0x6C,0x78,0x6C,0xD8,0x6F,0x0C,0x60,0x06,0x60,0x06,0x3E,
/*  991 */ 
0x00,0x00,0x00,0x00,0xE6,0xFF,0x7C,0xC6,0x60,0xC6,0xE0,0xFF,0x67,0xC6,0x6C,0xC6,
0xF8,0xDF,0xE0,0xF1,0xF8,0xF1,0xF8,0xF1,0xEC,0xF1,0x6C,0xDF,0x66,0xC0,0xE3,0xFF,
/*  992 */ 
0x00,0x00,0x30,0x18,0x30,0x18,0xFE,0xFF,0x30,0x18,0x30,0x18,0xFE,0xFF,0x78,0x3C,
0xFC,0x7E,0xFC,0x7F,0xFE,0xFF,0xFE,0xFF,0x7E,0xF7,0xEC,0xF7,0x6C,0x36,0x7C,0x3F,
/*  993 */ 
0x00,0x00,0x00,0x00,0xCC,0x7F,0xCC,0x60,0xC0,0x7F,0xDE,0x60,0xD8,0x60,0xB8,0x3F,
0xBC,0x01,0xDE,0xFF,0xFF,0xC6,0xCC,0xDE,0xCC,0xF3,0xCC,0xC1,0xCC,0xFF,0x0C,0xF8,
/*  994 */ 
0x00,0x00,0x30,0x18,0x30,0x18,0xFC,0x7E,0x9E,0x6F,0x9E,0x7F,0x6C,0x7E,0xFC,0x7F,
0x6E,0x06,0x6C,0xFE,0xFC,0xC0,0x6C,0xC0,0xFC,0xFF,0x6C,0xC0,0x6C,0xC0,0xFC,0xFD,
/*  995 */ 
0x00,0x00,0x30,0x00,0xFC,0x7C,0xB0,0x67,0xB0,0x67,0x98,0x67,0xBC,0x67,0xE6,0x3C,
0xF0,0x3F,0x18,0x60,0x18,0x63,0x18,0x63,0x98,0x61,0xD8,0x7D,0x60,0x30,0x3C,0xE0,
/*  996 */ 
0x00,0x00,0x00,0x00,0xFE,0x7F,0xF6,0x7D,0xF6,0x7F,0xF6,0x7F,0xF6,0x6C,0xB6,0x3F,
0x36,0x0C,0xF6,0x7F,0x36,0x0C,0xF6,0xFF,0xF6,0x7B,0xFE,0x7B,0x60,0xDE,0x60,0xDE,
/*  997 */ 
0x00,0x00,0x00,0x00,0xFC,0x7F,0xBC,0x79,0xEC,0x6D,0xEC,0x6D,0xFC,0x7F,0x80,0x01,
0x80,0x01,0xF8,0x3F,0x80,0x01,0xFE,0xFF,0x78,0x36,0xCC,0x66,0xCC,0x66,0xC6,0xCC,
/*  998 */ 
0x00,0x00,0x00,0x03,0xF6,0xFF,0x1E,0x00,0x1E,0x00,0xFE,0x7F,0x7C,0x60,0xF8,0x7F,
0x78,0x60,0x78,0x60,0xFC,0xFF,0x7E,0x63,0x6C,0x36,0x6C,0x1C,0x6C,0x18,0xE6,0xF3,
/*  999 */ 
0x00,0x00,0x00,0x00,0xD8,0x7F,0xD8,0x60,0xCC,0x60,0xF6,0x7F,0xF0,0x60,0xD8,0x60,
0xDC,0x7F,0xDE,0xC6,0xDB,0x66,0xD8,0x3C,0xD8,0x1C,0xD8,0x18,0xD8,0x36,0x98,0xE3,
/* 1000 */ 
0x00,0x00,0x00,0x00,0xBC,0x7F,0xFC,0x60,0xD8,0x60,0x9C,0x7F,0xF6,0x60,0xF0,0x60,
0xB0,0x7F,0xF8,0x06,0xFC,0x6C,0xF6,0x3C,0xF0,0x18,0xF0,0x30,0xF6,0x6E,0x9C,0xC3,
/* 1001 */ 
0x00,0x00,0x18,0x00,0x98,0x7F,0xD8,0x60,0xFE,0x60,0xFE,0x7F,0xFE,0x60,0xFE,0x60,
0xFE,0x7F,0xFB,0x06,0xDB,0x66,0xD8,0x3C,0xD8,0x1C,0xD8,0x18,0xD8,0x7C,0x98,0xC7,
/* 1002 */ 
0x00,0x00,0x00,0x06,0x00,0x0C,0xFE,0xFF,0x36,0x3F,0xF6,0x61,0xF6,0x60,0xB6,0x7F,
0x36,0x00,0xF6,0x7F,0x36,0x70,0x36,0x1C,0x36,0x0C,0x3E,0x18,0x00,0x18,0x80,0x1F,
/* 1003 */ 
0x00,0x00,0x80,0x01,0xFE,0xFF,0x00,0x00,0xF8,0x3F,0x0C,0x30,0x0C,0x30,0xF8,0x3F,
0x00,0x00,0xFC,0x7F,0x00,0x1C,0x00,0x07,0x00,0x06,0x00,0x06,0x00,0x06,0x78,0x07,
/* 1004 */ 
0x00,0x00,0x18,0x30,0x98,0x31,0xD8,0xFF,0xBE,0x31,0xF8,0xFF,0x18,0x0C,0xFC,0x7F,
0xFC,0xCC,0xFE,0xCC,0xDE,0xFF,0xD8,0xCC,0xD8,0x7F,0x18,0x1B,0xD8,0x71,0x78,0xC0,
/* 1005 */ 
0x00,0x00,0x00,0x00,0xF8,0xF7,0x3C,0x06,0x36,0x03,0xF6,0x0F,0xB8,0xFD,0xBC,0x6D,
0xFC,0x6F,0xBE,0x6D,0xFC,0x6F,0x8C,0x61,0xFC,0x7F,0xCC,0x63,0xEC,0x66,0x3C,0x78,
/* 1006 */ 
0x00,0x00,0x18,0x00,0xD8,0xFF,0x18,0x00,0x3E,0x00,0xBE,0x7F,0xFE,0x60,0xFE,0x60,
0xFE,0x7F,0xFB,0x60,0xDB,0x60,0xD8,0x60,0x98,0x7F,0x18,0x00,0xF8,0xFF,0x18,0x00,
/* 1007 */ 
0x00,0x00,0xC0,0x00,0x60,0x00,0xFC,0x7F,0x30,0x03,0x18,0x03,0xF0,0x1F,0x00,0x03,
0xFE,0xFF,0x00,0x03,0xFC,0x7F,0xD8,0x6C,0xF0,0x3C,0x60,0x38,0xF8,0x3C,0xCE,0xE7,
/* 1008 */ 
0x00,0x00,0x00,0x00,0x9C,0x31,0xB6,0x31,0xF6,0xFF,0xB6,0x31,0xB6,0x31,0xB6,0x31,
0xB6,0x31,0xF6,0xFF,0x36,0x00,0x36,0x33,0xB6,0x31,0xB6,0x61,0xF6,0x60,0x7C,0xC0,
/* 1009 */ 
0x00,0x00,0x18,0x33,0x18,0x33,0x78,0x33,0x7E,0x33,0xFE,0xFF,0x3E,0x33,0x1E,0x33,
0x1E,0x33,0x18,0x33,0xD8,0xFF,0x38,0x1B,0x3C,0x33,0xEC,0x61,0xEC,0x61,0xC6,0xC0,
/* 1010 */ 
0x00,0x00,0x00,0x00,0x30,0x00,0xFC,0x7E,0xF6,0x18,0xF6,0x18,0xF6,0x18,0xF6,0x18,
0xF6,0x18,0xF6,0x18,0xF6,0x18,0x7C,0x18,0xF0,0x18,0xF0,0x18,0xF0,0x19,0x9E,0x7F,
/* 1011 */ 
0x00,0x00,0x00,0x00,0x06,0x0C,0xFC,0x7F,0x78,0x6F,0x60,0x7B,0x66,0x7B,0x6C,0x7B,
0x6C,0x33,0x60,0x7F,0x78,0xC0,0xF8,0xC1,0xEC,0xFF,0x6C,0xC0,0x36,0xC0,0x06,0x7C,
/* 1012 */ 
0x00,0x00,0x00,0x00,0x86,0x31,0x9C,0x31,0xF8,0xFF,0xB0,0x31,0x86,0x31,0x8C,0x31,
0x98,0x31,0x80,0x31,0xF8,0xFF,0x98,0x19,0xCC,0x30,0xCC,0x60,0x66,0xC0,0x30,0xC0,
/* 1013 */ 
0x00,0x00,0x80,0x01,0x80,0x01,0xFE,0xFF,0xC6,0xC0,0xC6,0xC0,0xC0,0x00,0xFC,0x7F,
0x60,0x00,0x60,0x03,0x30,0x03,0xB0,0x19,0xD8,0x18,0xCC,0x30,0x66,0x7C,0xE0,0x67,
/* 1014 */ 
0x00,0x00,0x00,0x00,0x7C,0x0C,0x60,0x0C,0x60,0x0C,0x78,0x06,0x0E,0x06,0x06,0x36,
0x06,0x66,0x06,0x63,0x7C,0x63,0x60,0x63,0xE0,0xC1,0xE0,0xC1,0xE0,0xFF,0x3E,0xC3,
/* 1015 */ 
0x00,0x00,0x00,0x00,0x30,0x00,0x98,0x7F,0x18,0x0C,0x0C,0x0C,0x6C,0x0C,0x3E,0x0C,
0x30,0x0C,0x18,0x0C,0x0C,0x0C,0x3C,0x0C,0x00,0x0C,0x00,0x0C,0xFC,0xFF,0x06,0x00,
/* 1016 */ 
0x00,0x00,0xC0,0x00,0xDE,0x3F,0xDE,0x60,0xDE,0x60,0xDE,0xFF,0xFE,0x06,0xFE,0xFF,
0xFE,0x1B,0xDE,0x19,0xDE,0x18,0xDE,0xFF,0xDE,0x3C,0xCC,0x3C,0xC0,0x66,0xC0,0xC3,
/* 1017 */ 
0x00,0x00,0x18,0x00,0x98,0x3F,0x18,0x30,0x0C,0x30,0xFC,0xFF,0x6C,0x00,0x6E,0x00,
0xEF,0x3F,0x3C,0x06,0x0C,0x06,0xEC,0x7F,0x0C,0x0F,0x0C,0x1B,0xCC,0x31,0x7C,0xE0,
/* 1018 */ 
0x00,0x00,0x00,0x00,0xDE,0x7E,0xDC,0x60,0xCC,0x60,0xCE,0xFF,0xFF,0x00,0xF8,0xFE,
0xD8,0x1B,0xFC,0x19,0xF6,0x18,0xF3,0xFF,0xF0,0x3C,0xF0,0x7C,0xD8,0xE6,0xDE,0x83,
/* 1019 */ 
0x00,0x00,0x00,0x00,0xEC,0x1F,0x1E,0x1E,0x1E,0x1B,0x9E,0x19,0xDE,0x18,0x9E,0x19,
0x9E,0x19,0x1E,0x1F,0xFE,0xDB,0x1E,0xDB,0x1E,0xDB,0x1E,0xDB,0x1E,0xDB,0xEC,0xF3,
/* 1020 */ 
0x00,0x00,0x00,0x00,0xFC,0xFF,0xE6,0x1F,0x36,0x70,0xF6,0x7F,0x1E,0x60,0xF6,0x7F,
0x06,0x30,0xF6,0x7F,0x06,0x38,0x06,0x0E,0xFE,0xFF,0x06,0x0C,0x06,0x0C,0xE0,0x07,
/* 1021 */ 
0x00,0x00,0x18,0x00,0x98,0x3F,0x18,0x30,0x3C,0x30,0xFC,0xFF,0xBC,0x01,0xBE,0x01,
0xFF,0x7F,0x7C,0x0C,0x3C,0x0C,0xBC,0x7F,0x3C,0x1E,0x3C,0x3E,0x8C,0x73,0xEC,0xC0,
/* 1022 */ 
0x00,0x00,0x00,0x60,0xF8,0x3F,0x0C,0x00,0x0C,0x00,0x0C,0x00,0xFC,0x7F,0x0C,0x00,
0xEC,0x7F,0x6C,0x60,0x6C,0x60,0x6C,0x60,0x6C,0x60,0x66,0x60,0x66,0x60,0xE0,0x7F,
/* 1023 */ 
0x00,0x00,0x00,0x00,0xFE,0x7F,0x36,0x0C,0xB6,0xCD,0xB6,0x6D,0xB6,0x6D,0xB6,0x6D,
0x36,0x3F,0x36,0x0C,0xF6,0xFF,0x36,0x0C,0x36,0x0C,0x1C,0x0C,0x00,0x0C,0x80,0x0F,
/* 1024 */ 
0x00,0x00,0x00,0x00,0xFC,0x3F,0x00,0x63,0x18,0x33,0x18,0x33,0x30,0x1B,0x30,0x1B,
0x00,0x03,0xFE,0xFF,0x00,0x03,0x00,0x03,0x00,0x03,0x00,0x03,0x00,0x03,0xF0,0x01,
/* 1025 */ 
0x00,0x00,0x00,0x00,0x30,0x00,0xF8,0x7F,0x8C,0x6D,0xC6,0x6C,0x70,0x6C,0x1E,0x66,
0x80,0x63,0xF0,0x60,0x9C,0x3D,0xEC,0x31,0x6C,0x63,0x6C,0xDB,0x66,0xDB,0xE6,0x0F,
/* 1026 */ 
0x00,0x00,0x80,0x01,0x80,0xF9,0xBE,0xD9,0xEC,0xDF,0x8C,0xD9,0x8C,0xF9,0x8C,0xD9,
0xFE,0xDB,0x6C,0xDE,0x6C,0xFE,0x6C,0xDE,0x6C,0xDE,0x6C,0xCE,0xFC,0xCF,0x06,0xFC,
/* 1027 */ 
0x00,0x00,0x00,0x00,0x80,0x01,0xFE,0xFF,0x80,0x01,0xFC,0x7F,0x00,0x00,0xFE,0xFF,
0xC6,0xC6,0xC6,0xC6,0xDE,0x36,0xD8,0x36,0xD8,0x1E,0xF0,0x1E,0xF0,0x0E,0xFE,0xFF,
/* 1028 */ 
0x00,0x00,0x00,0x0C,0x60,0x0C,0xFE,0xFF,0x60,0x0C,0x30,0x00,0x30,0x7E,0xFE,0xC3,
0x30,0xC3,0x30,0xFF,0xFC,0xC3,0xC6,0xFE,0xC6,0xC3,0xC6,0xC3,0xC6,0xC3,0xFC,0x79,
/* 1029 */ 
0x00,0x00,0x00,0x00,0x30,0x7E,0x30,0x66,0xFF,0x67,0x30,0x66,0x30,0x7E,0x30,0x66,
0xFE,0x66,0xC6,0x66,0xC6,0x7E,0xC6,0x63,0xC6,0x63,0xC6,0x63,0xFE,0x63,0x8C,0x79,
/* 1030 */ 
0x00,0x00,0x80,0x01,0x8C,0xFD,0x8C,0xCD,0xFE,0xCF,0xBE,0xFD,0xBE,0xCD,0xBE,0xCD,
0xFE,0xCF,0xFE,0xFF,0xFE,0xCF,0xFE,0xCF,0xFC,0xCF,0xFC,0xCF,0xF8,0xCF,0x6F,0xFE,
/* 1031 */ 
0x00,0x00,0x00,0x00,0x36,0x7F,0xDC,0x37,0xD8,0x36,0xDC,0x36,0xDE,0x36,0xF0,0x36,
0xF0,0x66,0xF8,0x66,0xFC,0x7E,0xF6,0x7E,0xF0,0x7E,0xF0,0x76,0x70,0xFE,0x7E,0xF0,
/* 1032 */ 
0x00,0x00,0x18,0x00,0x98,0xF9,0xFE,0xD9,0xFE,0xDF,0xBE,0xD9,0xBC,0xF9,0xBE,0xDB,
0xF8,0xDE,0xFC,0xDE,0xFC,0xFE,0xFE,0xCE,0xDE,0xCE,0xD8,0xCE,0xD8,0xCF,0x18,0xF6,
/* 1033 */ 
0x00,0x00,0x00,0x00,0xC6,0x78,0xCC,0xCC,0xF8,0xCF,0xC0,0xCC,0xC3,0xFC,0xCE,0xCC,
0xFC,0xCF,0x60,0xCF,0x78,0xFF,0x78,0xCF,0x6C,0xCF,0x6C,0xCF,0xE6,0xC7,0x06,0x76,
/* 1034 */ 
0x00,0x00,0x00,0x00,0x3E,0x7E,0xB0,0x37,0xF0,0x36,0xF0,0x36,0xDE,0x36,0xC6,0x36,
0xC6,0x66,0xDE,0x66,0xF0,0x7E,0xF0,0x7E,0xF0,0xF6,0xF0,0xF6,0x70,0xFE,0x7E,0xB0,
/* 1035 */ 
0x00,0x00,0x00,0x03,0x00,0x7F,0x00,0x03,0x00,0x03,0xFC,0xFF,0x0C,0xC3,0xFC,0xDF,
0x0C,0x73,0x0C,0x3F,0x0C,0x00,0xCC,0x0F,0xCC,0x0C,0x66,0xCC,0x66,0xCC,0x3E,0xFC,
/* 1036 */ 
0x00,0x00,0x00,0x06,0x00,0x06,0x3E,0x3E,0x36,0x06,0xF6,0xFF,0xF6,0xFE,0xF6,0x6F,
0xF6,0x66,0xF6,0x7E,0xF6,0x00,0xF6,0x3F,0xF6,0x33,0x7E,0x33,0x78,0xF3,0xF0,0xF1,
/* 1037 */ 
0x00,0x00,0x00,0x00,0x18,0x0C,0x18,0x0C,0x98,0xFF,0xFE,0xC0,0xD8,0xC0,0xD8,0xC0,
0xD8,0xFF,0xF8,0x00,0xDC,0x00,0xDE,0x00,0xD8,0x00,0xD8,0x00,0x78,0x00,0x7E,0x00,
/* 1038 */ 
0x00,0x00,0x00,0x00,0xFE,0xFF,0x30,0x00,0x30,0x00,0x30,0x00,0xF0,0x3F,0x18,0x30,
0x18,0x30,0x18,0x18,0x18,0x18,0xF8,0x1F,0x00,0x18,0x00,0x18,0x00,0x18,0xFF,0xFF,
/* 1039 */ 
0x00,0x00,0x00,0x00,0x06,0x06,0x0C,0x06,0xF8,0xFF,0x60,0xC0,0x66,0xC0,0x6C,0xC0,
0xF8,0xFF,0x60,0x00,0x78,0x00,0x6C,0x00,0x6C,0x00,0x3C,0x00,0x36,0x00,0x1E,0x00,
/* 1040 */ 
0x00,0x00,0x80,0x01,0x00,0x03,0xF8,0x7F,0x18,0x60,0x18,0x60,0x18,0x60,0x18,0x60,
0xF8,0x7F,0x0C,0x00,0x0C,0x00,0x0C,0x00,0x0C,0x00,0x0C,0x00,0x06,0x00,0x06,0x00,
/* 1041 */ 
0x00,0x00,0x00,0x0C,0x60,0x0C,0xFE,0xFF,0x60,0x0C,0x00,0x00,0x30,0x06,0x30,0x36,
0x18,0x1E,0x18,0x0E,0x1C,0x07,0xDE,0x07,0x18,0xC6,0x18,0xC6,0x18,0xC6,0x18,0xFE,
/* 1042 */ 
0x00,0x00,0x00,0x03,0x1C,0x0F,0xB6,0x6D,0xB6,0x3D,0xF6,0x0F,0xF6,0x0F,0xB6,0xCD,
0xB6,0xCD,0xB6,0x7F,0x36,0x06,0xF6,0xFF,0x36,0x06,0x36,0x06,0x1C,0x06,0x00,0x00,
/* 1043 */ 
0x00,0x00,0x00,0x00,0x30,0x06,0x30,0x36,0x38,0x1E,0x3C,0x07,0xFC,0xC7,0x36,0xC6,
0x30,0xFE,0x80,0x01,0x80,0x01,0xFE,0xFF,0x80,0x01,0x80,0x01,0x80,0x01,0x80,0x01,
/* 1044 */ 
0x00,0x00,0x00,0x00,0xBC,0x7F,0xFC,0x60,0x98,0x6F,0xDC,0x6C,0xF6,0xFF,0x70,0xC0,
0xB0,0xFF,0xB8,0x61,0xBC,0x7F,0xB6,0x61,0xB0,0x7F,0xB0,0x61,0xB0,0x61,0x9E,0x79,
/* 1045 */ 
0x00,0x00,0x00,0x00,0xC6,0x3F,0x6C,0x60,0xF8,0x6F,0x60,0x6C,0xE0,0xFF,0x3E,0xC0,
0xF8,0xFF,0x70,0xE0,0xD8,0x7F,0x6C,0x60,0x6C,0x60,0xE6,0x7F,0x66,0x60,0x00,0x3C,
/* 1046 */ 
0x00,0x00,0x00,0x00,0xFE,0xFF,0x00,0x00,0xF0,0x1F,0x98,0x19,0x98,0x19,0x98,0x19,
0x9E,0xD9,0xFE,0xDF,0x9E,0xD9,0x9E,0xD9,0x9E,0xD9,0xF6,0xDF,0x06,0xC0,0xFE,0x7F,
/* 1047 */ 
0x00,0x00,0x30,0xC0,0xF0,0xD9,0x30,0xDB,0x30,0xD8,0xFE,0xDF,0x30,0xD8,0xB0,0xD9,
0xB0,0xD9,0xF0,0xD8,0xE0,0xD8,0x60,0xD8,0x70,0xD8,0xD8,0xC6,0x8E,0xC7,0x80,0xFF,
/* 1048 */ 
0x00,0x00,0x30,0x00,0x30,0x03,0x18,0x03,0x18,0x63,0x18,0x33,0x1C,0x1B,0x1C,0x0F,
0x9E,0x03,0xF8,0x03,0x18,0x03,0x18,0xC3,0x18,0xC3,0x18,0xC3,0x18,0xC3,0x18,0xFE,
/* 1049 */ 
0x00,0x00,0x0C,0x00,0x9C,0x7F,0x18,0x0C,0x30,0x0C,0x00,0x0C,0x9F,0xFF,0x18,0x0C,
0x18,0x0C,0x98,0xFF,0x98,0xC1,0x98,0xC1,0x98,0xC1,0xF8,0xC1,0xB8,0xC1,0x98,0x7F,
/* 1050 */ 
0x00,0x00,0x00,0x00,0x18,0x06,0xD8,0x7F,0x78,0xC6,0x7E,0xC6,0xD8,0xFF,0x7C,0xC6,
0x7C,0xC6,0xFE,0xC6,0x9E,0x7F,0x1B,0x1F,0x18,0x7F,0x98,0xFD,0xD8,0xEC,0x78,0xFC,
/* 1051 */ 
0x00,0x00,0x00,0x00,0xD8,0x7F,0x6C,0xC0,0x6C,0xCE,0x76,0xFB,0xF8,0xF1,0xF8,0xF1,
0xEC,0xF1,0xEE,0xF1,0xEC,0xF1,0xEC,0xF1,0xEC,0xF1,0x6C,0xDF,0x6C,0xC0,0xCC,0xFF,
/* 1052 */ 
0x00,0x00,0x18,0x00,0x18,0x00,0xD8,0x7F,0x3E,0x0C,0x3E,0x0C,0x3E,0x1E,0x7E,0x1E,
0x7B,0x37,0x9B,0x67,0xD8,0x67,0xD8,0xC6,0x78,0xC6,0x18,0x06,0x18,0x06,0x18,0x06,
/* 1053 */ 
0x00,0x00,0x00,0x00,0x8C,0x07,0xD8,0x0C,0xF0,0xFF,0x60,0x0C,0x76,0x0C,0x6C,0x0C,
0xD8,0x7F,0x60,0x0C,0x70,0x0C,0xD8,0xFF,0x78,0x0C,0x6C,0x0C,0xCC,0xFF,0x06,0x00,
/* 1054 */ 
0x00,0x00,0x18,0x00,0x18,0x00,0xD8,0x7F,0x18,0x0C,0x7E,0x0C,0x18,0x06,0x18,0x1E,
0x18,0x37,0x98,0x67,0x98,0x67,0xF8,0xC6,0x78,0xC6,0x0E,0x06,0x00,0x06,0x00,0x06,
/* 1055 */ 
0x00,0x00,0x00,0x00,0x00,0x03,0xFE,0x7F,0xC0,0xCF,0xC0,0xCF,0xCC,0x6F,0xF8,0x6D,
0x78,0x6C,0x70,0x1C,0x70,0x1C,0x70,0x36,0xD8,0x36,0xCC,0x63,0xC6,0x63,0x80,0xC1,
/* 1056 */ 
0x00,0x00,0x00,0x00,0xFE,0x7F,0x0C,0x0C,0x0C,0x0C,0x0C,0x06,0x0C,0x1E,0x0C,0x1F,
0x9E,0x37,0x8C,0x67,0xCC,0x66,0x6C,0xC6,0x3C,0xC6,0x1C,0x06,0x0E,0x06,0x00,0x06,
/* 1057 */ 
0x00,0x00,0x00,0x00,0xD8,0xFF,0x18,0x00,0x98,0x7F,0xFE,0x60,0xD8,0x60,0xFC,0x60,
0xFC,0x7F,0xFE,0x60,0xDE,0x60,0xDB,0x60,0xD8,0x60,0x98,0x3F,0x18,0x00,0xF8,0xFF,
/* 1058 */ 
0x00,0x00,0x00,0x00,0xEC,0xFF,0x0C,0x0C,0x18,0x0C,0x00,0x06,0x0E,0x1E,0x18,0x37,
0x18,0x37,0x98,0x67,0xD8,0x66,0x78,0xC6,0x18,0x06,0x3C,0x06,0x6C,0x06,0xC6,0xFF,
/* 1059 */ 
0x00,0x00,0x00,0x00,0xD8,0x3F,0xD8,0x66,0x8C,0x67,0xBC,0x3D,0xF6,0x7F,0x1E,0x03,
0xF8,0xFF,0x0C,0x03,0x3E,0x7F,0x8E,0x67,0x80,0x37,0xF0,0x1C,0x7E,0x3C,0x80,0xE7,
/* 1060 */ 
0x00,0x00,0x00,0x00,0x98,0x1F,0x98,0x31,0xD8,0x18,0xBE,0x3F,0xD8,0x66,0xD8,0x66,
0xD8,0x66,0xF8,0x66,0xFE,0xFF,0x38,0x0E,0x18,0x0F,0x18,0x1B,0x98,0x31,0xEE,0xE0,
/* 1061 */ 
0x00,0x00,0x80,0x01,0x80,0x01,0xFC,0x7F,0x86,0x61,0xFC,0x7F,0x80,0x01,0xFC,0x7F,
0x86,0x61,0xFE,0x7F,0x80,0x01,0x80,0x01,0xBC,0x61,0x3C,0x7B,0x36,0xDB,0xE6,0xDF,
/* 1062 */ 
0x00,0x00,0x00,0x00,0x80,0x1F,0xBE,0x31,0xF6,0x18,0x76,0x0C,0xF6,0x7F,0xF6,0x66,
0xF6,0x66,0xF6,0x66,0xF6,0x66,0xF6,0xFF,0x36,0x0F,0x3E,0x1B,0xC0,0x71,0x70,0xC0,
/* 1063 */ 
0x00,0x00,0x00,0x03,0x00,0x03,0xFE,0x7F,0x9E,0x01,0xDE,0x1F,0x78,0x0C,0xF8,0x7F,
0x78,0x66,0x7C,0x66,0x6F,0x66,0xFC,0xFF,0x0C,0x0E,0x0C,0x1B,0x86,0x31,0xF6,0xE0,
/* 1064 */ 
0x00,0x00,0x00,0x00,0xB0,0x0D,0xE0,0x0D,0xFC,0x7F,0xC0,0x00,0xFE,0xFF,0x60,0x0C,
0x30,0x18,0xFC,0x7F,0xE6,0xCD,0xBC,0x07,0xE0,0x03,0xBC,0x0F,0xE0,0x1F,0x7C,0x33,
/* 1065 */ 
0x00,0x00,0x00,0x00,0x98,0x0F,0xDE,0x39,0xFE,0x18,0xFE,0x3F,0xDE,0x66,0xDE,0x66,
0xCC,0x66,0xCC,0x66,0xFC,0xFF,0x1C,0x0E,0x1C,0x1B,0xBC,0x19,0xF6,0x70,0x76,0xC0,
/* 1066 */ 
0x00,0x00,0x00,0x03,0x86,0x1F,0xCC,0x18,0xD8,0x18,0x60,0x0C,0xE6,0x7F,0x6C,0x66,
0x78,0x66,0x60,0x66,0x78,0x66,0xF8,0xFF,0x0C,0x0F,0x8C,0x19,0xC6,0x30,0x7E,0xE0,
/* 1067 */ 
0x00,0x00,0x80,0x01,0x80,0x01,0xFE,0xFF,0x06,0xC0,0xFE,0xFF,0x8C,0x01,0x8C,0x01,
0xFC,0x3F,0x0C,0x30,0x0C,0x30,0x0C,0x30,0xFC,0x1F,0x8C,0x01,0x8C,0x01,0xF8,0xFF,
/* 1068 */ 
0x00,0x00,0x00,0x00,0xD8,0x7F,0x18,0xC0,0x0C,0xC0,0xCC,0xC0,0xC6,0xC0,0x66,0xC0,
0x7E,0xC0,0x30,0xC0,0x30,0xC0,0xD8,0xC0,0xD8,0x60,0xCC,0x60,0xFE,0x61,0x80,0x3F,
/* 1069 */ 
0x00,0x00,0x30,0x00,0x30,0x18,0xFE,0xFF,0xB0,0x19,0x80,0x01,0xFF,0xFF,0x18,0x00,
0x18,0x00,0xF8,0x7F,0x98,0x19,0x98,0x31,0x98,0xF1,0x98,0xF1,0x98,0xF1,0x0E,0xF0,
/* 1070 */ 
0x00,0x00,0x00,0x30,0x8C,0x31,0xEC,0xFF,0xBE,0x37,0xBE,0x3D,0xFE,0xFF,0xFE,0x00,
0xFF,0x00,0x8F,0x7F,0x8C,0x37,0x8C,0x37,0xCC,0x36,0xCC,0xB6,0xEC,0xF6,0x70,0xF6,
/* 1071 */ 
0x00,0x00,0x00,0x00,0x30,0x0C,0xFC,0x7F,0x30,0x0C,0xFE,0xFF,0x80,0x01,0xFC,0x3F,
0x8C,0x61,0x8C,0x61,0xFC,0x7F,0x8C,0x61,0xFC,0x7F,0x78,0x3C,0x38,0x38,0x0E,0xE0,
/* 1072 */ 
0x00,0x00,0x00,0x33,0x7E,0x33,0xCC,0xFF,0x0C,0x33,0xEC,0xFF,0x0C,0x0C,0xBE,0x7F,
0xFE,0xCC,0xFF,0xCC,0xFC,0xFF,0xFC,0xCC,0xBC,0x7F,0x3C,0x00,0x3C,0x33,0x80,0xE1,
/* 1073 */ 
0x00,0x00,0x18,0x0C,0x18,0x0C,0x98,0xFF,0xFE,0xC1,0xFE,0xFF,0xFE,0xC1,0xFE,0xC1,
0xFE,0x7F,0x7E,0x00,0xFE,0xFF,0x7E,0x0C,0x18,0x0C,0x78,0x7F,0x78,0x0C,0xFF,0xFF,
/* 1074 */ 
0x00,0x00,0x18,0x06,0x0C,0x06,0xFC,0x7F,0xB6,0x19,0x60,0x0C,0xF8,0x7F,0x60,0x0C,
0xFC,0x7F,0xF8,0x3F,0x8C,0x61,0xFC,0x7F,0x8C,0x61,0xF8,0x3F,0x60,0x0C,0x3E,0xF8,
/* 1075 */ 
0x00,0x00,0x00,0x03,0x80,0x01,0xF8,0x7F,0x0C,0x60,0xFC,0x7F,0x0C,0x60,0x0C,0x60,
0xF8,0x7F,0x00,0x00,0xFE,0xFF,0x00,0x03,0x00,0x03,0xFC,0x7F,0x00,0x03,0xFE,0xFF,
/* 1076 */ 
0x00,0x00,0x00,0x00,0xFC,0x3F,0x8C,0x31,0xFC,0x3F,0x1C,0x38,0xFC,0x3F,0x1C,0x38,
0xFC,0x3F,0x0C,0x30,0xFE,0x3F,0x86,0x61,0xF6,0xFF,0x86,0xE1,0x86,0xE1,0xFF,0xFF,
/* 1077 */ 
0x00,0x00,0x18,0x00,0x18,0x06,0xD8,0x7F,0xFE,0x60,0xFE,0x60,0xFE,0x7F,0xFE,0x60,
0xDE,0x7F,0x1E,0x00,0xF8,0xFF,0x18,0x0C,0x18,0x0C,0xD8,0xFF,0x18,0x0C,0xF8,0xFF,
/* 1078 */ 
0x00,0x00,0x18,0x06,0x18,0x06,0xF8,0x7F,0xFE,0x60,0xFE,0x7F,0xFE,0x60,0xDE,0x60,
0x9E,0x3F,0x1E,0x00,0xD8,0x7F,0x18,0x06,0xDC,0x7F,0x3C,0x06,0x3C,0x06,0xE6,0xFF,
/* 1079 */ 
0x00,0x00,0x00,0x00,0xFC,0x7F,0x0C,0x60,0xFC,0x7F,0x0C,0x60,0xF8,0x3F,0x98,0x31,
0xB0,0x19,0xE0,0x19,0xFE,0xFF,0x60,0x06,0x60,0x06,0x60,0xC6,0x30,0xC6,0x1E,0xFC,
/* 1080 */ 
0x00,0x00,0x18,0x00,0x98,0xFF,0x98,0xC1,0xFE,0xFF,0xFE,0xC1,0xFE,0x7F,0xFE,0x6D,
0xFE,0x6D,0x7E,0x3F,0xFE,0xFF,0x7E,0x1E,0x7E,0x1E,0x18,0x9B,0x98,0x9B,0xF8,0xF0,
/* 1081 */ 
0x00,0x00,0x00,0x00,0xCC,0x0C,0xCC,0x6C,0x8C,0x6D,0xBE,0x3D,0xBE,0x3D,0x3E,0x0C,
0xFF,0xFF,0x6F,0x1B,0x0F,0x1B,0x0C,0x1B,0x8C,0x99,0x8C,0xD9,0xCC,0xD8,0x60,0xF8,
/* 1082 */ 
0x00,0x00,0x00,0x00,0x8C,0x19,0xF8,0xFF,0x30,0x06,0x00,0x0C,0xEE,0xFF,0xCC,0x00,
0xCC,0x00,0x8C,0xFF,0x8C,0x37,0x8C,0x37,0xEC,0xF7,0xBC,0xF7,0xF8,0xF6,0xC0,0xF0,
/* 1083 */ 
0x00,0x00,0x30,0x00,0x30,0x00,0xFE,0xFF,0x30,0x06,0x30,0x06,0xF0,0x36,0xF0,0x36,
0xD8,0x36,0xD8,0x1E,0x18,0x1E,0x0C,0x0F,0x0C,0x0F,0xC6,0x19,0x66,0x70,0x38,0xC0,
/* 1084 */ 
0x00,0x00,0x00,0x00,0xD8,0xFF,0x78,0xC6,0x78,0xC6,0xBE,0xFF,0x18,0x03,0x98,0x0D,
0x98,0x0D,0x38,0x7F,0x1E,0x0C,0x18,0x0C,0xD8,0xFF,0x18,0x0C,0x18,0x0C,0x0F,0x0C,
/* 1085 */ 
0x00,0x00,0x00,0x00,0x98,0xFF,0x9E,0xCD,0xFE,0xCD,0xFC,0x7F,0x7C,0x06,0x7C,0x1B,
0xFE,0x1B,0x3C,0x7F,0x3C,0x18,0x3C,0x18,0x3C,0x18,0xFC,0x7F,0x66,0x18,0x06,0x18,
/* 1086 */ 
0x00,0x00,0x00,0x00,0xFC,0x1E,0xFC,0xFE,0xFC,0xDF,0x06,0xD8,0xF8,0x7F,0x6C,0x7F,
0xEC,0x7D,0xFE,0x7B,0x6F,0x73,0xFC,0x37,0xEC,0x73,0xEC,0x73,0xBC,0xDF,0xFC,0x8C,
/* 1087 */ 
0x00,0x00,0x98,0x01,0x98,0x01,0xF8,0xFF,0xBE,0x01,0xBE,0x19,0xBE,0xDB,0xFE,0x7B,
0xFE,0x7B,0xFB,0x7B,0xDB,0x78,0xD8,0x3C,0xD8,0x3C,0x78,0x66,0x78,0x63,0xB8,0xC1,
/* 1088 */ 
0x00,0x00,0x18,0x00,0x18,0x7F,0x98,0xC1,0xFE,0xC1,0xFE,0xFF,0xFE,0xF7,0xFE,0xF7,
0xFE,0xF7,0xFE,0xF7,0xFE,0xF7,0xBC,0xF7,0xF8,0xF7,0xF8,0xDD,0xF8,0xC1,0xCE,0xFF,
/* 1089 */ 
0x00,0x00,0x00,0x00,0xFC,0x7F,0x06,0xC0,0x06,0xC0,0xE6,0xCF,0x36,0xD8,0x36,0xD8,
0x36,0xD8,0x36,0xD8,0x36,0xD8,0x36,0xD8,0xE6,0xCF,0x06,0xC0,0x06,0xC0,0xFC,0x7F,
/* 1090 */ 
0x00,0x00,0x18,0x00,0xFE,0x3E,0xC6,0x36,0xC6,0x33,0xEE,0x33,0xC6,0xE3,0xC6,0x00,
0xFE,0x7F,0x00,0x66,0xFE,0x66,0x30,0x3C,0x30,0x1C,0xB0,0x1D,0xF8,0x76,0x8E,0xC3,
/* 1091 */ 
0x00,0x00,0x80,0x01,0x98,0x01,0xD8,0x7F,0xFE,0x00,0xFE,0x7F,0xFE,0x66,0xFE,0x6C,
0xFE,0x60,0xFE,0xFF,0xD8,0x66,0xD8,0x6C,0xD8,0x6C,0xD8,0xFF,0x18,0x30,0x18,0x3E,
/* 1092 */ 
0x00,0x00,0x30,0x18,0xFE,0xFF,0x30,0x18,0xFE,0x7E,0x30,0x18,0xFE,0xFF,0xFC,0x3F,
0x00,0x60,0xFC,0x7F,0x00,0x60,0xFC,0x7F,0xB8,0x31,0x6C,0x7B,0x6C,0xDB,0xE6,0xDF,
/* 1093 */ 
0x00,0x00,0x00,0x03,0x00,0x03,0xFC,0x7F,0x00,0x03,0x00,0x1B,0x30,0x1B,0x30,0x18,
0x30,0x18,0xFE,0xFF,0x30,0x18,0x30,0x18,0x30,0x18,0x30,0x18,0x18,0x18,0x0C,0x18,
/* 1094 */ 
0x00,0x00,0x00,0x00,0x80,0x01,0xFE,0xFF,0x80,0x01,0xF8,0x3F,0xFC,0x7F,0x8C,0x61,
0xF8,0x3F,0x80,0x31,0x80,0x7F,0xF8,0xC0,0x78,0x33,0x6C,0x7B,0x6C,0xFE,0xE6,0x1F,
/* 1095 */ 
0x00,0x00,0x00,0x00,0x9E,0x01,0xB6,0x7F,0xF6,0x00,0xF6,0x7F,0xF6,0x66,0xF6,0x6C,
0xFE,0x6C,0xF6,0xFF,0xF6,0x66,0xF6,0x6C,0xF6,0x6C,0xF6,0xFF,0xBE,0x61,0x18,0x3C,
/* 1096 */ 
0x00,0x00,0x00,0x06,0x3E,0x06,0xB6,0x7F,0x36,0x03,0xBE,0x7F,0xBE,0x61,0xFE,0x61,
0xBE,0x61,0xBE,0x7F,0xBE,0x61,0x9E,0x61,0x8C,0x7F,0xBC,0x61,0xBC,0x61,0xE6,0x7D,
/* 1097 */ 
0x00,0x00,0x00,0x0C,0xF8,0xCC,0xDE,0xCC,0xD8,0xCC,0xD8,0xCC,0xFE,0x7F,0x18,0x06,
0x38,0xFE,0x7C,0xC3,0x9E,0xC1,0xDE,0x66,0x18,0x6C,0x18,0x38,0x18,0x1C,0xF8,0x07,
/* 1098 */ 
0x00,0x00,0x00,0x00,0x80,0x07,0xC0,0x0E,0x70,0x18,0x18,0x30,0xFE,0xFF,0x00,0x00,
0x00,0x00,0xFC,0x7F,0xC0,0x00,0x60,0x00,0x30,0x30,0x30,0x30,0x18,0x30,0xF8,0x7F,
/* 1099 */ 
0x00,0x00,0x00,0x00,0x18,0x0E,0x7E,0x1B,0xFE,0x31,0xFE,0x61,0xFE,0xFF,0x1E,0x00,
0x1E,0x00,0xD8,0x7F,0x18,0x06,0x18,0x33,0x3C,0x33,0xBC,0x61,0xFC,0x70,0xE6,0xDF,
/* 1100 */ 
0x00,0x00,0x00,0x00,0xCE,0xFF,0x78,0x00,0x60,0x00,0x60,0x00,0x66,0x00,0x7C,0x00,
0x60,0x00,0x60,0x00,0x70,0x00,0x70,0x00,0x78,0x00,0x6C,0x00,0x66,0x00,0xC6,0xFF,
/* 1101 */ 
0x00,0x00,0x00,0x06,0x0C,0x06,0x18,0x06,0xF0,0x7F,0x00,0x06,0xDE,0x7F,0x18,0x06,
0x18,0x06,0xF8,0x7F,0x18,0xC6,0x18,0xC6,0x18,0xC6,0xD8,0xC6,0x78,0xDE,0x38,0x76,
/* 1102 */ 
0x00,0x00,0x80,0x01,0xCC,0x00,0xD8,0xFF,0x60,0x00,0xE0,0x7F,0xCF,0x66,0xCC,0x6C,
0xCC,0x6C,0xEC,0xFF,0xCC,0x66,0xCC,0x66,0xCC,0x6C,0xCC,0xFF,0x7C,0x60,0x18,0x3E,
/* 1103 */ 
0x00,0x00,0x00,0x00,0x18,0x0E,0x18,0x1B,0xEC,0x31,0xFC,0x60,0xF6,0xFF,0x1E,0x00,
0x18,0x00,0xCC,0x7F,0x7C,0x03,0x06,0x33,0x80,0x31,0xF0,0x61,0xDE,0x7C,0x80,0x67,
/* 1104 */ 
0x00,0x00,0x60,0x0C,0xFE,0xFF,0x60,0x0C,0x30,0x0C,0xFE,0xFF,0xC6,0xC0,0x66,0x60,
0xFC,0x3F,0x30,0x03,0xF8,0x3F,0x00,0x03,0x00,0x03,0xFE,0xFF,0x00,0x03,0x00,0x03,
/* 1105 */ 
0x00,0x00,0x00,0x00,0x80,0x3F,0xFC,0x01,0x0C,0x03,0xFC,0xFF,0x0C,0xC6,0x0C,0xCC,
0xFC,0xD8,0x00,0x70,0xFC,0x3F,0x0C,0x30,0xFC,0x3F,0x0C,0x30,0x0C,0x30,0xFC,0x3F,
/* 1106 */ 
0x00,0x00,0x00,0x00,0x0C,0x7E,0x8C,0x0F,0xBF,0x19,0xEC,0xFF,0xEC,0x19,0xEC,0xD9,
0xB6,0xFF,0xB6,0xE3,0x36,0x7F,0xBC,0x61,0x98,0x61,0xBC,0x7F,0xEC,0x61,0x86,0x7F,
/* 1107 */ 
0x00,0x00,0x00,0x0C,0x00,0x06,0xFE,0x7F,0xC0,0x6C,0xC0,0x6C,0xC0,0x7F,0xFE,0x66,
0xCC,0x66,0xFC,0x7F,0x66,0x0E,0x66,0x7F,0x66,0x7F,0xFE,0xFD,0xC0,0xCD,0xE0,0xCC,
/* 1108 */ 
0x00,0x00,0x00,0x00,0xF6,0xFF,0x3C,0xC3,0xB8,0xC1,0xE0,0x3F,0x86,0x07,0xCC,0x06,
0xD8,0x06,0xC0,0x7F,0x18,0x06,0x0C,0x06,0x0C,0x06,0xEC,0x7F,0x06,0x06,0x06,0x00,
/* 1109 */ 
0x00,0x00,0x00,0x00,0xEC,0x7F,0x78,0x60,0xE0,0x7F,0x60,0x60,0x66,0x60,0xEC,0x7F,
0x78,0x0C,0x60,0xEC,0xF8,0x3F,0x78,0x1C,0x6C,0xCC,0x6C,0xCC,0xE6,0xCF,0xE6,0x7C,
/* 1110 */ 
0x00,0x00,0x00,0x00,0x18,0x36,0xFE,0x66,0xDE,0xC3,0xFE,0x1D,0x18,0x3C,0x7E,0x76,
0x18,0xE3,0xFE,0x01,0x18,0x7F,0x7E,0x63,0xC6,0x63,0xC6,0x63,0xC6,0x63,0x7E,0x7F,
/* 1111 */ 
0x00,0x00,0x00,0xC0,0xEC,0x7F,0x18,0x06,0x00,0x06,0xE0,0xFF,0x07,0x06,0x0C,0x06,
0x18,0x06,0xC0,0x7F,0xD8,0x60,0xD8,0x60,0xD8,0x60,0xCC,0x60,0xCC,0x60,0xC6,0x7F,
/* 1112 */ 
0x00,0x00,0x18,0x06,0x18,0x06,0xD8,0x66,0xCC,0x66,0xCC,0x36,0xCC,0x36,0x6E,0x36,
0x6E,0x36,0x0C,0x0E,0x0C,0x0F,0x0C,0x1B,0x8C,0x19,0xCC,0x30,0x6C,0x60,0x3C,0xC0,
/* 1113 */ 
0x00,0x00,0x00,0x00,0x80,0x01,0xB0,0x61,0x98,0x31,0x98,0x31,0x98,0x31,0x98,0x31,
0x8C,0x19,0x80,0x03,0x80,0x03,0xC0,0x06,0xE0,0x0C,0x70,0x18,0x18,0x30,0x0E,0xE0,
/* 1114 */ 
0x00,0x00,0x60,0x0C,0x60,0x0C,0xFE,0xFF,0x60,0x0C,0x6C,0x3E,0x3C,0x66,0x18,0x06,
0xFC,0xFF,0x36,0x0E,0x30,0x0E,0x38,0x1E,0x3C,0x1B,0x36,0x33,0xB0,0x61,0xFC,0xC0,
/* 1115 */ 
0x00,0x00,0x00,0x06,0x00,0x3E,0x00,0x66,0xFE,0xFF,0x00,0x06,0xFC,0x67,0x86,0x67,
0x86,0x37,0x86,0x3D,0xFC,0x1D,0xC0,0x1C,0x00,0x1F,0xF0,0xDF,0x9E,0xF3,0xC0,0xF0,
/* 1116 */ 
0x00,0x00,0x00,0x00,0x00,0x63,0xFE,0xFF,0x00,0xF6,0xFC,0x37,0x8C,0x3D,0x8C,0xDD,
0xF8,0xDF,0xE0,0xF7,0xBE,0x63,0x98,0x31,0x3C,0x63,0x3C,0x7B,0x36,0xDB,0xE6,0xCF,
/* 1117 */ 
0x00,0x00,0x00,0x00,0xF8,0x3F,0xFC,0xFF,0x86,0xC1,0xFE,0xFF,0x86,0xC1,0xF8,0x3F,
0x18,0x03,0xFC,0xFF,0x0C,0x03,0xFE,0x7F,0x0C,0x03,0xFC,0x7F,0x0C,0x03,0xFC,0xFF,
/* 1118 */ 
0x00,0x00,0x00,0x03,0x30,0x73,0x18,0x1F,0xFC,0x03,0x1E,0xC3,0x18,0xC3,0x18,0xFF,
0x00,0x00,0xF8,0x3F,0x18,0x33,0x98,0x31,0x98,0x31,0xD8,0x3C,0x70,0x38,0x1E,0xE0,
/* 1119 */ 
0x00,0x00,0x0C,0x00,0x98,0x7F,0x98,0x61,0xBE,0x61,0xE0,0x61,0xB0,0x7F,0x18,0x0C,
0xD8,0xFF,0xFC,0xCC,0xFF,0xDE,0xD8,0xF6,0xD8,0xE3,0xD8,0xC1,0xD8,0xC0,0xD8,0xF8,
/* 1120 */ 
0x00,0x00,0x00,0x00,0x80,0x01,0x80,0x01,0xFC,0x7F,0x80,0x01,0x80,0x01,0x80,0x01,
0xFE,0xFF,0x80,0x01,0x8C,0x61,0x8C,0x61,0x8C,0x61,0x8C,0x61,0x8C,0x61,0xFC,0x7F,
/* 1121 */ 
0x00,0x00,0x00,0x00,0xE0,0x3F,0x8C,0x31,0x8C,0x19,0xBE,0x19,0x8C,0x79,0x8C,0x61,
0x8C,0x63,0xCC,0x33,0xCC,0x36,0xFC,0x1E,0x78,0x0C,0x6C,0x1E,0x36,0x73,0xF0,0xC1,
/* 1122 */ 
0x00,0x00,0x30,0x18,0x30,0x18,0xF8,0x3F,0x30,0x18,0xF0,0x1F,0x30,0x18,0xF0,0x1F,
0x30,0x18,0xFE,0xFF,0xB0,0x19,0x18,0x33,0xFE,0xFF,0x00,0x03,0x00,0x03,0xFC,0x7F,
/* 1123 */ 
0x00,0x00,0x18,0x00,0x18,0x1F,0x98,0x31,0x98,0x31,0xFE,0x31,0x98,0x31,0xBC,0x31,
0xBC,0x31,0xFE,0x31,0x9E,0x31,0x9B,0x31,0x98,0xB1,0xD8,0xF0,0xD8,0xF0,0x78,0xF0,
/* 1124 */ 
0x00,0x00,0x00,0x0C,0x00,0x0C,0xFE,0xFF,0x7E,0x1E,0x7E,0x73,0xFE,0xC1,0xFE,0xFF,
0x7E,0x60,0xFE,0x7F,0xFE,0x79,0xFE,0x79,0xFE,0x79,0xFE,0x79,0x7E,0x6F,0x3C,0x7C,
/* 1125 */ 
0x00,0x00,0x00,0x06,0x38,0x06,0xDE,0xFF,0x18,0x1B,0xFE,0xDB,0xD8,0x70,0xB8,0x7F,
0xBC,0xC3,0xFC,0x7F,0x1E,0x00,0x98,0x7F,0xD8,0xC0,0xD8,0xFF,0xD8,0xC0,0x98,0x7F,
/* 1126 */ 
0x00,0x00,0x00,0x00,0xBE,0x7F,0x98,0xC1,0x98,0xC1,0xFE,0xC1,0x98,0xC1,0xB8,0xC1,
0xBC,0x61,0x7C,0x3F,0x1E,0x33,0x1B,0x63,0x98,0x61,0x98,0x61,0xD8,0xC0,0x18,0xC0,
/* 1127 */ 
0x00,0x00,0x18,0x06,0x0C,0x06,0xFE,0x7F,0x9E,0x0D,0x18,0x18,0xFC,0x7F,0x18,0x18,
0xF8,0x1F,0x18,0x18,0xF8,0x1F,0x18,0x18,0x18,0x18,0xFC,0xFF,0x70,0x0E,0x1C,0x38,
/* 1128 */ 
0x00,0x00,0x00,0x00,0x7C,0x1F,0xE6,0x31,0xE6,0x31,0xE6,0x31,0xFE,0x31,0xE6,0x31,
0xE6,0x31,0xE6,0x31,0xFE,0x31,0xE6,0xF1,0xE6,0xF1,0xE6,0xF1,0xE6,0xF0,0xFB,0x70,
/* 1129 */ 
0x00,0x00,0x00,0x00,0x0C,0x3F,0x7C,0x33,0x66,0x33,0x66,0x33,0x6F,0x33,0x6C,0x33,
0x0C,0x33,0x0C,0x33,0x0C,0x33,0x8C,0xF1,0x8C,0xF1,0x8C,0xF1,0xFC,0xF0,0xD8,0xE0,
/* 1130 */ 
0x00,0x00,0x00,0x06,0x0C,0x06,0xEC,0xFF,0x38,0x1B,0x60,0x3B,0x60,0x3B,0x7E,0x7B,
0x78,0x7B,0xF8,0x79,0xF8,0x79,0xB8,0xD9,0x98,0x19,0xDC,0x1B,0x7C,0x0E,0xC7,0xFF,
/* 1131 */ 
0x00,0x00,0x80,0x01,0xC6,0x18,0xEC,0xFF,0x38,0xDE,0xF0,0xDF,0x36,0x7E,0xFC,0x7F,
0xC0,0x7E,0xF0,0x7F,0x78,0x70,0xEC,0x37,0x6C,0x36,0x6C,0x7E,0x36,0xCE,0xDE,0xCF,
/* 1132 */ 
0x00,0x00,0x00,0x00,0x8C,0x3F,0x98,0x31,0xB0,0x31,0x80,0x31,0x8F,0x31,0x98,0x31,
0x98,0x31,0x98,0x31,0x98,0x31,0x98,0xF1,0x98,0xF1,0xD8,0xF0,0xF8,0xF0,0xD8,0xF0,
/* 1133 */ 
0x00,0x00,0x00,0x00,0x00,0x0C,0x80,0x7F,0xFC,0x67,0xC0,0x6D,0xE6,0x79,0xE6,0x79,
0xEC,0x31,0xB8,0xFF,0x30,0xC0,0x30,0xC0,0xF8,0xFF,0x6C,0xC0,0xCC,0xC0,0x06,0xFC,
/* 1134 */ 
0x00,0x00,0x00,0x00,0x8C,0xFF,0x8C,0x19,0xFE,0x19,0xEC,0x3D,0xEC,0xE7,0xE6,0xC7,
0xB6,0xC7,0xB6,0xC7,0xBC,0xC7,0x98,0x7F,0xB8,0x19,0xEC,0x19,0x8C,0x19,0x86,0xFF,
/* 1135 */ 
0x00,0x00,0x18,0x00,0x18,0x06,0xCC,0x7F,0x0C,0x06,0xF6,0x7F,0x33,0x06,0xFE,0xFF,
0x18,0x00,0xCC,0x7F,0xC6,0x60,0xFE,0x66,0xC0,0x66,0xF0,0x7E,0x9E,0x73,0xE0,0xC0,
/* 1136 */ 
0x00,0x00,0x00,0x00,0xD8,0x7F,0xCC,0x60,0xCC,0x7F,0x76,0x00,0xFE,0xFF,0x98,0x61,
0x98,0x7F,0x8C,0x61,0xBE,0x61,0x8C,0x7F,0x80,0x61,0xB0,0xFF,0xFE,0x63,0x00,0x60,
/* 1137 */ 
0x00,0x00,0x00,0x00,0x80,0x01,0x80,0x01,0xFE,0xFF,0x80,0x01,0x80,0x01,0xFC,0x7F,
0x00,0x00,0x00,0x00,0xFC,0x3F,0x0C,0x60,0x0C,0x60,0x0C,0x60,0x0C,0x60,0xFC,0x3F,
/* 1138 */ 
0x00,0x00,0x18,0x00,0xF8,0x3F,0x98,0x31,0xFE,0x31,0x98,0x19,0xB8,0x7B,0xBC,0xC3,
0xFC,0x63,0x9E,0x67,0x9E,0x67,0xDE,0x3C,0xD8,0x1C,0xD8,0x1C,0x78,0x77,0xF8,0xC1,
/* 1139 */ 
0x00,0x00,0x00,0x18,0x18,0x18,0xFE,0xFF,0x18,0x18,0xFE,0xFF,0xDE,0xDB,0xDE,0xDB,
0xDE,0xDB,0xDE,0xDB,0xFE,0x7F,0x7C,0x3C,0x7C,0x7E,0xDE,0xDB,0x9E,0xDB,0x03,0x18,
/* 1140 */ 
0x00,0x00,0x18,0x00,0x98,0x7F,0xFE,0x61,0x8C,0x61,0x0C,0x3F,0xF6,0xFF,0xB6,0x61,
0xFE,0x61,0xB0,0x7F,0xB0,0x61,0xF0,0x7F,0xBF,0x61,0xB0,0x61,0xF0,0xFF,0x30,0x60,
/* 1141 */ 
0x00,0x00,0x18,0x06,0xFC,0xFF,0x3C,0x1B,0xE6,0x3F,0x18,0x36,0xFE,0xFF,0x18,0x36,
0xFE,0xFF,0x18,0x00,0x7C,0x7F,0x78,0x63,0x7C,0x63,0xDE,0x7F,0x1E,0x63,0x00,0x7F,
/* 1142 */ 
0x00,0x00,0x30,0x00,0x30,0x03,0xF8,0x7F,0x0C,0x03,0xFE,0x7F,0x0C,0x03,0xFC,0x7F,
0x0C,0x03,0xFC,0xFF,0x8C,0x01,0xFE,0xFF,0x80,0x07,0xE0,0x0F,0x38,0x3B,0x0E,0xE3,
/* 1143 */ 
0x00,0x00,0x00,0x00,0xFC,0x1F,0x30,0x18,0x30,0x18,0x60,0x18,0x60,0x78,0xF0,0x60,
0xF0,0x60,0xB0,0x31,0x18,0x33,0x18,0x1E,0x0C,0x0E,0x0C,0x1B,0xC6,0x71,0x70,0xC0,
/* 1144 */ 
0x00,0x00,0x00,0x00,0xF0,0x0F,0x18,0x0C,0x0C,0x06,0xFE,0x7F,0x00,0x60,0xF8,0x7F,
0x00,0x60,0x00,0x60,0xF8,0x3F,0xBC,0x31,0x3C,0x7B,0x3C,0xDB,0x36,0xDB,0xE6,0x1F,
/* 1145 */ 
0x00,0x00,0x00,0x03,0x00,0x03,0xFE,0xFF,0xDE,0x00,0xDE,0x00,0xDC,0x7F,0x78,0x06,
0x78,0x06,0x1C,0x06,0xFE,0xFF,0x18,0x0E,0x18,0x1B,0x8C,0x31,0xCC,0x60,0x66,0xC0,
/* 1146 */ 
0x00,0x00,0x00,0x00,0xEC,0x3F,0xD8,0x30,0xC0,0x30,0xC6,0x31,0xCE,0xF1,0xCC,0xC1,
0xD8,0x63,0xD8,0x63,0x78,0x36,0x78,0x36,0x6C,0x1C,0x3C,0x1E,0x9E,0x73,0xE0,0xC0,
/* 1147 */ 
0x00,0x00,0x00,0x00,0xFE,0x7E,0xC6,0x66,0xC6,0x66,0xFE,0x66,0xC6,0x66,0xC6,0x66,
0xC6,0x66,0xFE,0x66,0x06,0x66,0x66,0x66,0xC6,0x66,0xE6,0x66,0xBE,0x7F,0x0C,0x06,
/* 1148 */ 
0x00,0x00,0x0C,0x0C,0x0C,0x0C,0x6C,0xFF,0xFF,0x0D,0xFC,0x07,0xF6,0xFF,0xF6,0x1F,
0xB6,0x19,0xDE,0x19,0xFE,0xFF,0x9E,0x39,0x9C,0x39,0xFC,0x6C,0xF6,0x66,0x63,0xC3,
/* 1149 */ 
0x00,0x00,0x18,0x00,0xF8,0x7F,0x0C,0x63,0x6C,0x33,0x36,0x33,0x3E,0x73,0x18,0xC3,
0x98,0xC7,0x8C,0x67,0xBE,0x6D,0xC0,0x3C,0xC0,0x38,0xF8,0x3C,0x6E,0x66,0xF0,0xC3,
/* 1150 */ 
0x00,0x00,0x00,0x06,0x18,0x06,0xF8,0xFF,0xBE,0x31,0x18,0x1B,0x18,0x0E,0x18,0x0E,
0xF8,0x3B,0xFC,0xF9,0x9F,0x19,0x98,0x19,0x98,0x19,0x98,0x19,0x98,0x19,0xCE,0x00,
/* 1151 */ 
0x00,0x00,0xE0,0x07,0x38,0x1C,0x18,0x18,0x18,0x18,0x18,0x18,0x18,0x18,0x18,0x18,
0x18,0x18,0x18,0x18,0x18,0x18,0x18,0xD8,0x18,0xD8,0x0C,0xD8,0x0C,0xD8,0x06,0xF8,
/* 1152 */ 
0x00,0x00,0x00,0x03,0x1C,0x73,0x70,0x1B,0xB0,0x1B,0xDC,0x76,0x66,0xCC,0x38,0x38,
0xFE,0xFF,0x0C,0x60,0xFC,0x7F,0x0C,0x60,0xFC,0x7F,0x0C,0x60,0x0C,0x60,0x0C,0x37,
/* 1153 */ 
0x00,0x00,0x00,0x00,0xFC,0x3F,0x00,0x30,0x00,0x30,0x00,0x30,0x00,0x30,0x00,0x30,
0xFC,0x3F,0x06,0x00,0x06,0x00,0x06,0x00,0x06,0x00,0x06,0xC0,0x0C,0xC0,0xFC,0x7F,
/* 1154 */ 
0x00,0x00,0x00,0x00,0x30,0x18,0xFC,0x7F,0x18,0x18,0xF8,0x0D,0xCC,0x6C,0xFE,0x6F,
0x6C,0x6F,0x6C,0x6F,0xFC,0x6F,0x6C,0x6F,0x6C,0x6F,0xFC,0x63,0x00,0x66,0xFE,0x7B,
/* 1155 */ 
0x00,0x00,0x00,0x00,0x18,0x06,0xD8,0xFF,0x18,0x06,0x7E,0x06,0x18,0x06,0xD8,0x7F,
0x98,0x61,0xB8,0x31,0x1C,0x33,0x1E,0x1E,0x18,0x0E,0x18,0x1F,0xD8,0x31,0x7E,0xE0,
/* 1156 */ 
0x00,0x00,0xC0,0x06,0xFC,0x7E,0xC0,0xCE,0xFC,0xFE,0xC0,0x00,0xF8,0x7F,0x8C,0x61,
0xFC,0x7F,0xFC,0x7F,0x60,0x3C,0xFC,0xFF,0x60,0x0C,0xFE,0xFF,0x70,0x0C,0x1E,0x78,
/* 1157 */ 
0x00,0x00,0x00,0x00,0xFC,0x7F,0x00,0x03,0xFE,0xFF,0xC0,0x03,0x60,0x0F,0x3C,0x3B,
0xFE,0xFF,0x00,0x1C,0x80,0x07,0x80,0x01,0xFE,0xFF,0x00,0x03,0x00,0x03,0x70,0x03,
/* 1158 */ 
0x00,0x00,0x00,0x06,0x18,0x06,0xF8,0xFF,0x18,0x06,0x0C,0x06,0x0C,0x06,0xCC,0x7F,
0xCE,0x60,0x8C,0x31,0x8C,0x31,0x0C,0x1B,0x0C,0x0E,0x0C,0x0E,0x8C,0x3B,0xF0,0xE0,
/* 1159 */ 
0x00,0x00,0x30,0x03,0xF8,0x7F,0x98,0x67,0xBC,0x67,0xE6,0x3D,0xDC,0x1C,0x70,0x18,
0xF0,0x7F,0x7F,0xC0,0x00,0x00,0xF8,0x3F,0x30,0x1B,0x38,0x33,0x1C,0x63,0xE6,0xC1,
/* 1160 */ 
0x00,0x00,0x60,0x00,0x60,0xC0,0xFE,0xDF,0x8C,0xD9,0xB8,0xD9,0xE0,0xD8,0xF0,0xD9,
0x18,0xDB,0x9E,0xDF,0x98,0xD9,0x98,0xD9,0x98,0xD9,0x98,0xC1,0x8C,0xC1,0x86,0xF1,
/* 1161 */ 
0x00,0x00,0x00,0x60,0xCC,0x3F,0x0C,0x06,0xFE,0xFF,0x3E,0x1E,0xBE,0x37,0xFE,0xE6,
0xEE,0x7F,0x0F,0x38,0x0C,0x0C,0xEC,0xFF,0x0C,0x18,0x0C,0x18,0x0C,0x18,0x80,0x0F,
/* 1162 */ 
0x00,0x00,0x00,0x06,0x06,0x06,0xFC,0xFF,0x80,0x31,0x00,0x1B,0x03,0x0E,0x0E,0x0E,
0x98,0x3B,0xF0,0xF9,0x98,0x19,0x98,0x19,0x8C,0x19,0x8C,0x19,0xC6,0x18,0x63,0x18,
/* 1163 */ 
0x00,0x00,0x80,0x01,0x80,0x01,0xFE,0xFF,0x06,0xC0,0xF6,0xFF,0xC0,0x0E,0x70,0x38,
0x1E,0x60,0xFE,0xFF,0x00,0x30,0xFC,0x37,0x0C,0x36,0x0C,0x36,0xF8,0x33,0x80,0x1F,
/* 1164 */ 
0x00,0x00,0x80,0x01,0x00,0x03,0xFE,0xFF,0x36,0xC0,0x36,0x7F,0xF0,0x67,0x30,0x66,
0x30,0x36,0xFE,0x36,0xFC,0x3C,0xFC,0x1C,0xFC,0x1C,0xF6,0x3C,0xB6,0x67,0x3C,0xC3,
/* 1165 */ 
0x00,0x00,0x00,0x0C,0x18,0x0C,0x30,0x0C,0x00,0x0C,0x00,0x0C,0x1C,0x0C,0xF8,0xFF,
0x18,0x0C,0x18,0x0C,0x18,0x0C,0x18,0x0C,0x18,0x0C,0xD8,0x0C,0x78,0x0C,0x30,0x0C,
/* 1166 */ 
0x00,0x00,0x00,0x00,0xCC,0x7F,0x18,0x60,0x00,0x60,0x00,0x60,0x1E,0x60,0x98,0x7F,
0xD8,0x00,0xD8,0x00,0xD8,0x00,0xD8,0x00,0xD8,0xC0,0xF8,0xC0,0xF8,0xC0,0x98,0xFF,
/* 1167 */ 
0x00,0x00,0x00,0x00,0xFE,0xFF,0xC6,0x18,0xC6,0x18,0xFE,0x1B,0xC6,0x1B,0xC6,0x1B,
0xC6,0xFE,0x7E,0x0C,0x06,0x1C,0x06,0x1C,0x66,0xDE,0x66,0xDB,0xFE,0xDB,0x8C,0xF9,
/* 1168 */ 
0x00,0x00,0x00,0x00,0xFC,0x3F,0x00,0x30,0x00,0x30,0xFC,0x3F,0x0C,0xC0,0x0C,0xC0,
0xFC,0xFF,0x00,0x00,0x0C,0x33,0x6C,0x63,0x6C,0x7B,0x66,0xD8,0x66,0xD8,0xE0,0x0F,
/* 1169 */ 
0x00,0x00,0x00,0x00,0xFE,0xFF,0x36,0x00,0x1E,0x00,0x1E,0x00,0xFE,0xFF,0x1E,0x0C,
0xB6,0x0D,0xB6,0x6D,0xF6,0x6C,0xFE,0x6C,0x66,0xCC,0x66,0xCC,0x06,0x0C,0x86,0x0F,
/* 1170 */ 
0x00,0x00,0x18,0x00,0x18,0x0C,0x98,0xFF,0xFE,0x0C,0xCC,0x0C,0xCC,0x0C,0xCC,0x7F,
0x6C,0x63,0x66,0x66,0x6C,0x36,0x38,0x1C,0x70,0x1C,0xF8,0x1C,0xCC,0x77,0xC6,0xC1,
/* 1171 */ 
0x00,0x00,0x00,0x00,0xD8,0x0C,0xCC,0x0D,0xCC,0x6D,0xF6,0x3F,0xF6,0x3F,0xDE,0xFF,
0xD8,0x0C,0xCC,0x1E,0xF6,0x3E,0xDE,0x6F,0xC0,0x6D,0xC0,0x0C,0xFE,0x0C,0x80,0xFF,
/* 1172 */ 
0x00,0x00,0x18,0x00,0xD8,0x7F,0x0C,0x60,0x6C,0x60,0x66,0x60,0x36,0x60,0x3E,0x7F,
0x98,0x01,0xCC,0x00,0xCC,0x00,0xFE,0x00,0xC0,0xC0,0xE0,0xC0,0xFE,0xC0,0x80,0xFF,
/* 1173 */ 
0x00,0x00,0x00,0x03,0x00,0x03,0xFC,0xFF,0xFC,0x7F,0x00,0x00,0xF8,0x3F,0x0C,0x60,
0xFC,0x7F,0x60,0x0C,0xFE,0xFF,0x30,0x00,0xFE,0x7F,0xB0,0xC7,0x98,0xC7,0xFC,0xFF,
/* 1174 */ 
0x00,0x00,0x18,0x00,0x98,0x01,0x98,0xF9,0xFE,0xDB,0x98,0xDF,0x9C,0xDF,0xBC,0xDF,
0xBC,0xDF,0xDE,0xDE,0xDE,0xDE,0xD8,0xDE,0xD8,0xDE,0x78,0xDE,0x78,0xDE,0xF8,0xF7,
/* 1175 */ 
0x00,0x00,0x00,0x00,0x80,0x01,0xFE,0x7F,0x80,0x31,0x98,0x31,0x98,0x19,0xB0,0x19,
0xB0,0x0D,0xFE,0xFF,0x80,0x03,0xC0,0x06,0xC0,0x06,0x60,0x0C,0x38,0x38,0x0E,0xE0,
/* 1176 */ 
0x00,0x00,0x18,0x06,0x18,0x06,0xF8,0x7F,0x0C,0x06,0x0C,0x06,0x0C,0x06,0xFE,0xFF,
0x0E,0x00,0x0C,0x06,0x0C,0x06,0xEC,0xFF,0x0C,0x06,0x0C,0x06,0x0C,0x06,0xFC,0xFF,
/* 1177 */ 
0x00,0x00,0x80,0x01,0x80,0x01,0xFE,0xFF,0x06,0xC0,0xFE,0xFF,0x86,0x61,0xC0,0x18,
0xF0,0x0D,0x9C,0x0F,0xC0,0x0F,0x70,0x1B,0x9E,0x1B,0xE0,0x33,0x3C,0xE3,0xF6,0x03,
/* 1178 */ 
0x00,0x00,0x18,0x00,0x18,0x00,0x18,0xFE,0xFE,0xC7,0x98,0xC7,0x98,0xC7,0x98,0xC7,
0x98,0xC7,0x98,0xC7,0x98,0xC7,0x8C,0xC7,0x8C,0xC7,0x8C,0xC7,0x86,0xC7,0xF3,0x7E,
/* 1179 */ 
0x00,0x00,0x30,0x18,0x30,0x18,0xFE,0xFF,0xB0,0x19,0x80,0x01,0xFC,0x7F,0xB0,0x19,
0xB0,0x19,0xE0,0x0D,0xFE,0xFF,0x80,0x01,0xC0,0x03,0x60,0x0E,0x30,0x18,0x1E,0xF0,
/* 1180 */ 
0x00,0x00,0x30,0x00,0x30,0xFF,0xFE,0x19,0x30,0x7E,0xFC,0xC3,0xFC,0xDB,0xFC,0xDB,
0x7C,0xDB,0xFE,0xDB,0x30,0xDB,0x30,0xCF,0x78,0x0C,0xF8,0x3C,0xCC,0x66,0x86,0xC3,
/* 1181 */ 
0x00,0x00,0x00,0x00,0xFE,0xFF,0x60,0x06,0xFC,0x7F,0x6C,0x66,0x6C,0x66,0xF8,0x3F,
0x00,0x00,0xF8,0x3F,0x98,0x31,0x98,0x31,0x98,0x31,0x98,0x07,0xE0,0x1C,0x3C,0x70,
/* 1182 */ 
0x00,0x00,0x00,0x00,0xFC,0xFF,0x86,0xC1,0x86,0xC1,0x86,0xC1,0xFE,0xFF,0x86,0xC1,
0x86,0xC1,0x86,0xC1,0x86,0xC1,0xFC,0xFF,0x80,0x01,0x80,0x01,0x80,0x01,0x00,0x00,
/* 1183 */ 
0x00,0x00,0x00,0x00,0x8C,0xFF,0xFC,0xCC,0xC6,0xCC,0xC6,0xCC,0xFE,0xFF,0xD8,0xCC,
0xD8,0xCC,0xFE,0xCC,0x98,0x7F,0x18,0x0C,0x18,0x0C,0xD8,0x0C,0x78,0x0C,0x38,0x0C,
/* 1184 */ 
0x00,0x00,0x00,0x00,0xEC,0x7F,0x3C,0xC3,0x3C,0xC3,0x3C,0xC3,0xFC,0x7F,0x3E,0x00,
0x3F,0x7E,0xFC,0x6F,0x3C,0x6C,0x3C,0x6C,0xFC,0x3B,0x3C,0x38,0x3C,0x6E,0x3C,0xC3,
/* 1185 */ 
0x00,0x00,0x00,0x00,0x78,0x0C,0xDE,0xFF,0xD8,0xC0,0xFE,0xFF,0x18,0x06,0x3C,0x67,
0xFC,0x3D,0x7E,0x3E,0x9E,0x3F,0xFB,0x7C,0x18,0xFF,0x98,0xD9,0xF8,0x0C,0x98,0x0F,
/* 1186 */ 
0x00,0x00,0x00,0x06,0x18,0x0F,0x18,0x1B,0x98,0x39,0xCC,0x30,0x6C,0xF8,0xBE,0x99,
0x8E,0x19,0x8C,0x19,0x8C,0x19,0x8C,0x19,0x8C,0x19,0xCC,0x18,0xCC,0x18,0x60,0x00,
/* 1187 */ 
0x00,0x00,0x30,0x00,0x30,0x7E,0xFE,0xC3,0xB0,0xC3,0x98,0xC3,0x98,0xC3,0x8C,0xC3,
0xFE,0x7E,0x00,0x00,0xFE,0xFF,0x80,0x03,0xC0,0x07,0xE0,0x1D,0xB8,0x31,0x0E,0xE0,
/* 1188 */ 
0x00,0x00,0x30,0x00,0xFE,0xFF,0xB0,0xC7,0x98,0xC7,0x98,0xC7,0xEC,0xFF,0xC6,0x0C,
0xFC,0x3F,0x18,0x30,0x18,0x30,0xF8,0xFF,0x00,0xC0,0xFC,0xFF,0x00,0xC0,0x00,0x7E,
/* 1189 */ 
0x00,0x00,0x00,0x00,0x0C,0x0C,0xCC,0xFF,0xFE,0xC0,0xFC,0xFF,0x3C,0x66,0x36,0x67,
0xF6,0x7D,0x36,0x3F,0xB6,0x39,0xDC,0x3C,0x18,0x7E,0xBC,0x7B,0xE6,0xD8,0x80,0x8F,
/* 1190 */ 
0x00,0x00,0x00,0x00,0xFE,0x7F,0x0C,0x0C,0x0C,0x0C,0x7C,0x0C,0x6C,0x0C,0xEC,0xFF,
0x66,0x0C,0x7E,0x0C,0x70,0x0C,0x30,0x0C,0x30,0x0C,0x18,0x0C,0x0C,0x0C,0x06,0x0C,
/* 1191 */ 
0x00,0x00,0x00,0x00,0x60,0x03,0x6C,0xFF,0x6C,0x03,0xEC,0x01,0xEC,0x0D,0xEC,0x18,
0x60,0x30,0x00,0x00,0xFC,0x7F,0x6C,0x66,0x6C,0x66,0x6C,0x66,0x6C,0x66,0xFE,0xFF,
/* 1192 */ 
0x00,0x00,0x00,0x00,0xEC,0x7F,0x6C,0x63,0x6C,0x36,0x6C,0x1E,0x6C,0x0C,0x6C,0x1E,
0xEC,0x33,0xE0,0xE0,0x00,0x03,0xFC,0x7F,0x00,0x03,0x00,0x03,0x00,0x03,0xFE,0xFF,
/* 1193 */ 
0x00,0x00,0x00,0x00,0x80,0x01,0xB0,0x19,0x98,0x31,0x98,0x31,0x8C,0x61,0x06,0xC0,
0x00,0x00,0x00,0x00,0xFE,0xFF,0x80,0x03,0x80,0x07,0xC0,0x0E,0x60,0x18,0x3E,0x70,
/* 1194 */ 
0x00,0x00,0x18,0x00,0xFC,0xFE,0x3E,0x1B,0xF0,0x37,0xC0,0x1C,0xC0,0x18,0xFE,0x7F,
0xC0,0x00,0x80,0xFF,0xFE,0x01,0x80,0x71,0x00,0xDF,0x80,0xC7,0xF8,0xCC,0x0C,0x78,
/* 1195 */ 
0x00,0x00,0x0C,0x00,0xCC,0x7F,0x18,0xC0,0x00,0xC0,0xC6,0xC7,0x76,0xDC,0x36,0xD8,
0x36,0xD8,0xF6,0xDF,0x36,0xD8,0x36,0xD8,0x36,0xD8,0xE6,0xDF,0x06,0xC0,0x06,0x78,
/* 1196 */ 
0x00,0x00,0x30,0x18,0x60,0x0C,0xFE,0xFF,0x00,0x00,0xFC,0x6D,0x8C,0x6D,0xFC,0x6D,
0x8C,0x6D,0xFC,0x6D,0x8C,0x6D,0xEC,0x6D,0x0C,0x38,0x6C,0x66,0x6C,0x66,0xC6,0x66,
/* 1197 */ 
0x00,0x00,0x30,0x18,0x60,0x0C,0xFE,0xFF,0xC0,0x06,0xFC,0x3F,0xC0,0x36,0xC0,0x36,
0xFE,0xFF,0xC0,0x36,0xFC,0x3F,0xE0,0x0E,0xF0,0x1E,0xD8,0x36,0xCE,0xE6,0xC0,0x06,
/* 1198 */ 
0x00,0x00,0x80,0x01,0x00,0x03,0xFC,0x7F,0x0C,0xC0,0x0C,0xC0,0xFC,0x7F,0x0C,0x00,
0xFC,0x7F,0x3C,0x60,0xFC,0x7F,0x3C,0x60,0xF6,0x7F,0x36,0x60,0x36,0x60,0x36,0x7C,
/* 1199 */ 
0x00,0x00,0x00,0x00,0xFE,0xFF,0xE0,0xC1,0xE0,0xC1,0xE6,0xFF,0xE6,0xC1,0xEC,0xC1,
0xB8,0xFF,0xB8,0x6D,0xB0,0xD9,0xB8,0x79,0xEC,0x31,0xEC,0x31,0xC6,0x6F,0x80,0xC3,
/* 1200 */ 
0x00,0x00,0x18,0x00,0x98,0xFF,0x7E,0x0C,0xD8,0x0C,0xCC,0x0C,0xCC,0x0C,0x6C,0x0C,
0xEC,0xFF,0x66,0x0C,0x6C,0x0C,0x38,0x0C,0x30,0x0C,0xF8,0x0C,0xCC,0x0D,0x06,0x00,
/* 1201 */ 
0x00,0x00,0x00,0x00,0x18,0x78,0xCC,0x7F,0x6C,0xD8,0xF6,0x1F,0x76,0xD8,0xFC,0x7F,
0xF8,0x7D,0xEC,0x7D,0xF6,0x7D,0xFE,0x3D,0xE0,0x3F,0x70,0xF8,0x7E,0xEC,0x60,0xC6,
/* 1202 */ 
0x00,0x00,0x30,0x00,0x30,0x18,0xFE,0xFF,0x30,0x18,0xB0,0x01,0x80,0x01,0xFC,0x3F,
0x8C,0x61,0x8C,0x61,0x8C,0x61,0xFC,0x3F,0x80,0x31,0x80,0x61,0x80,0x79,0xFE,0xCF,
/* 1203 */ 
0x00,0x00,0x00,0x00,0x18,0x0E,0x18,0x1B,0x18,0x33,0xFE,0x61,0xFC,0xC0,0xBC,0x1F,
0x3C,0x00,0xFE,0xC6,0x9E,0x67,0x9B,0x6D,0x98,0x3D,0x18,0x3F,0x18,0x30,0xF8,0xFF,
/* 1204 */ 
0x00,0x00,0x00,0x00,0x80,0x01,0xFE,0xFF,0x80,0x01,0xFC,0x3F,0x8C,0x79,0xBC,0x79,
0xEC,0x6D,0xEC,0x67,0xFC,0x7F,0xC0,0x07,0xE0,0x0D,0xB8,0x19,0x8C,0x71,0x86,0xC1,
/* 1205 */ 
0x00,0x00,0x00,0x00,0x00,0x70,0xFC,0xFF,0xD8,0xF0,0xCC,0x3F,0xCC,0x30,0xFC,0x7F,
0xFE,0x7F,0xFF,0x7F,0xFC,0x7F,0xFC,0x7F,0xFC,0xFF,0xFC,0xFF,0x7C,0xF8,0x60,0xEC,
/* 1206 */ 
0x00,0x00,0x00,0x00,0x7E,0x0C,0x18,0x1E,0x18,0x33,0x8C,0x61,0xCC,0xC0,0x9C,0x7F,
0x7E,0x00,0xEF,0xC7,0xEC,0x6D,0xEC,0x6D,0x6C,0x3F,0x6C,0x3B,0x6C,0x30,0xFC,0xFF,
/* 1207 */ 
0x00,0x00,0x00,0x06,0x18,0x03,0xF8,0xFF,0x18,0x03,0xBC,0x01,0xD8,0x0F,0x98,0x0D,
0xF8,0x0C,0xF8,0xFF,0x1E,0x0C,0x98,0x6D,0x98,0x6D,0xD8,0xCC,0xD8,0xCC,0x7E,0x0F,
/* 1208 */ 
0x00,0x00,0x00,0x00,0x00,0x0E,0x0C,0x1B,0x0C,0x33,0xBE,0x61,0xCC,0xC0,0xEC,0x3F,
0x0C,0x00,0xFC,0x66,0xDE,0x66,0x8C,0x6D,0x8C,0x3D,0x8C,0x31,0x0C,0x18,0xEF,0xFF,
/* 1209 */ 
0x00,0x00,0x18,0x06,0xF8,0xFF,0x6C,0x1B,0x66,0x33,0x98,0x19,0xD8,0x7F,0x3C,0x60,
0xEC,0x6F,0x3C,0x6C,0x3C,0x6C,0xEC,0x6F,0x3C,0x6C,0x3C,0x6C,0xEC,0x6F,0x0C,0x78,
/* 1210 */ 
0x00,0x00,0x18,0x06,0x18,0x0F,0x98,0x19,0xCC,0x38,0x6C,0x70,0x3C,0xC0,0x8C,0x9F,
0x0E,0x00,0x6C,0x63,0xCC,0x36,0xCC,0x36,0xCC,0x36,0xCC,0x18,0x0C,0x18,0xFC,0xFF,
/* 1211 */ 
0x00,0x00,0x60,0x18,0x60,0x0C,0xFF,0xFF,0x00,0x60,0xFC,0x6D,0x0C,0x6F,0xFC,0x6F,
0xFC,0x6F,0x0C,0x6F,0xEC,0x79,0x00,0x00,0xFC,0x7F,0xC0,0xC0,0x60,0xC0,0x3C,0x7E,
/* 1212 */ 
0x00,0x00,0x00,0x00,0x00,0x6C,0xE6,0xFF,0x36,0xCC,0xFC,0x0F,0x38,0xCC,0x30,0x78,
0xF0,0x7F,0xF8,0x7E,0xFC,0x3E,0xFC,0x36,0xF6,0xFF,0x1E,0xFC,0x18,0xE6,0x80,0xE3,
/* 1213 */ 
0x00,0x00,0x00,0x18,0xFE,0xFF,0x30,0x18,0xF0,0x18,0xFE,0xFF,0x60,0x00,0x38,0x00,
0xB8,0x7F,0x18,0x1C,0x1E,0x0C,0xF8,0xFF,0x18,0x18,0x18,0x18,0x18,0x18,0x98,0x0F,
/* 1214 */ 
0x00,0x00,0x00,0x00,0x18,0x0F,0x78,0xFF,0x7E,0x0F,0x78,0x0F,0x7C,0x3F,0x7C,0x67,
0x7E,0x63,0x3E,0x00,0xDE,0x7F,0x7B,0x7B,0x78,0x7B,0x78,0x7B,0x78,0x7B,0xF8,0xFF,
/* 1215 */ 
0x00,0x00,0x00,0x06,0x3C,0xFF,0x3C,0x03,0xBC,0x0D,0xFC,0x18,0xBC,0x31,0xE0,0x07,
0x38,0x3C,0xFE,0xFF,0x80,0x01,0x80,0x01,0xFC,0x7F,0xB0,0x19,0xB0,0x19,0xFE,0xFF,
/* 1216 */ 
0x00,0x00,0x00,0x1B,0x7E,0x33,0x66,0x33,0x66,0x7F,0xE6,0x03,0x3E,0x03,0x18,0x66,
0xDE,0x3F,0x7E,0x66,0x1E,0x36,0x1E,0x3C,0x1E,0x1C,0x7E,0xDE,0xBE,0xDB,0x07,0xF0,
/* 1217 */ 
0x00,0x00,0x00,0x00,0x3E,0x1B,0x36,0x33,0x3E,0x7E,0xBE,0x03,0x3E,0x06,0x3E,0x66,
0xFE,0x3F,0x3E,0x66,0x3E,0x3C,0x0C,0x1C,0x3C,0xDC,0x36,0xDF,0xE6,0xF1,0x00,0xE0,
/* 1218 */ 
0x00,0x00,0x00,0x00,0xF8,0x3F,0x18,0x30,0x18,0x30,0x98,0x31,0x98,0x31,0x98,0x31,
0x98,0x31,0x98,0x33,0x98,0x33,0xD8,0x33,0xC0,0xC3,0x60,0xC3,0x38,0xC3,0x0E,0x7E,
/* 1219 */ 
0x00,0x00,0x0C,0x18,0xEC,0x19,0xBC,0x7F,0x86,0xD9,0xC6,0xFE,0xFE,0xD8,0xD8,0xD8,
0xD8,0x7F,0xD8,0x1B,0xFC,0xFF,0xD8,0x1B,0xD8,0xFF,0x98,0x19,0xF8,0x1B,0x78,0xFE,
/* 1220 */ 
0x00,0x00,0x18,0x06,0xFC,0xFF,0x3C,0x1B,0x36,0x18,0x60,0x0C,0xFE,0xFF,0x00,0x00,
0xFC,0x6D,0x0C,0x6F,0xFC,0x6F,0x0C,0x6F,0x0C,0x6F,0xFC,0x6F,0x0C,0x6F,0xEC,0x79,
/* 1221 */ 
0x00,0x00,0x18,0x0C,0x18,0x0C,0xD8,0x0C,0xCC,0x0C,0xCC,0xFF,0x6C,0x0C,0x6E,0x0C,
0x0E,0x0C,0x0C,0x0C,0xEC,0xFF,0x0C,0x0C,0x0C,0x0C,0x0C,0x0C,0x0C,0x0C,0x0C,0x0C,
/* 1222 */ 
0x00,0x00,0x00,0x00,0x0C,0x0C,0xFC,0x7E,0xCC,0x6C,0xEC,0xFF,0x3E,0x6C,0x3E,0x7F,
0xFF,0x0D,0xDF,0x0C,0xDC,0x3E,0xFC,0x0C,0xFC,0xFF,0x6C,0x0C,0xFC,0x0C,0xBC,0xFF,
/* 1223 */ 
0x00,0x00,0x00,0x00,0x18,0x3E,0x7C,0x63,0xDE,0x63,0xDE,0x63,0xF6,0x6F,0xF6,0x6F,
0xFE,0x6F,0xC6,0x6F,0xDE,0x7F,0xDE,0x1C,0xDE,0x1E,0xF6,0x9E,0xC6,0x9B,0xF0,0xF1,
/* 1224 */ 
0x00,0x00,0x00,0x00,0xE0,0xD8,0xB0,0xD9,0x18,0xDB,0x0C,0xDE,0x06,0xDE,0xFC,0xDB,
0x00,0xD8,0x3C,0xDB,0x6C,0xDB,0x6C,0xDB,0xF8,0xD9,0x98,0xC1,0xF0,0xC7,0x1E,0xF8,
/* 1225 */ 
0x00,0x00,0x00,0x00,0x0C,0x1E,0x3C,0x36,0x66,0x66,0xE6,0x3F,0x33,0x06,0x3C,0xC6,
0x8C,0x7F,0x0C,0xC6,0x0C,0x6C,0x0C,0x3C,0x0C,0x18,0x0C,0xDE,0xFC,0xF3,0xD8,0xE0,
/* 1226 */ 
0x00,0x00,0x00,0x00,0xC6,0x60,0xFC,0x3F,0x78,0x0C,0x60,0x0C,0xE6,0xFD,0xBC,0x6D,
0xF8,0x6F,0x80,0x6F,0x8C,0x6D,0x8C,0x6F,0xFC,0x6D,0x86,0x67,0x86,0x67,0x86,0x67,
/* 1227 */ 
0x00,0x00,0x00,0x00,0xE6,0x3D,0xBC,0x6D,0xF8,0x6D,0xF0,0x3F,0xF3,0x0D,0xF6,0x0D,
0xFC,0x7D,0xF0,0x19,0xF8,0x78,0xEC,0x78,0xEC,0x39,0x6C,0x3B,0x36,0xFE,0x06,0xE3,
/* 1228 */ 
0x00,0x00,0x00,0x00,0xC6,0xFF,0xCC,0xC0,0x18,0xC0,0x60,0xDF,0xE7,0xF1,0xEE,0xF1,
0xFC,0xF1,0xE0,0xFF,0xF8,0xF1,0xF8,0xF1,0xEC,0xFF,0x6C,0xC0,0x66,0xC0,0x66,0xF8,
/* 1229 */ 
0x00,0x00,0x00,0x06,0x3E,0x06,0xF0,0x7F,0x18,0x66,0xF8,0xFF,0x0C,0x66,0x1E,0x66,
0xF0,0x3F,0x36,0x06,0xFC,0x7F,0x1C,0x06,0xF8,0xFF,0x18,0x06,0x7C,0x06,0xC6,0xFF,
/* 1230 */ 
0x00,0x00,0x18,0x00,0xF8,0xFF,0xCC,0x3F,0x6C,0x66,0xEC,0x7F,0x6C,0x66,0xCE,0x7F,
0xFF,0xFF,0x0C,0x00,0xEC,0x7F,0x6C,0x66,0xEC,0x7F,0x6C,0x66,0xCC,0x3F,0xFC,0xFF,
/* 1231 */ 
0x00,0x00,0x00,0x18,0x60,0x0C,0xFC,0xFF,0x80,0x01,0xFC,0x7F,0x80,0x01,0x80,0x01,
0xFC,0x7F,0xC0,0x00,0xFE,0xFF,0x60,0x18,0x30,0x0C,0xE0,0x07,0x00,0x1F,0xFC,0xF1,
/* 1232 */ 
0x00,0x00,0x30,0x06,0x30,0x7F,0x36,0x63,0xF6,0x63,0x7C,0x36,0x38,0x1C,0x30,0x0C,
0xB0,0x07,0xF8,0xFF,0x3C,0x30,0x3C,0x33,0x36,0x33,0x36,0x36,0x30,0x30,0x30,0x3E,
/* 1233 */ 
0x00,0x00,0x60,0x06,0x6C,0xFE,0x78,0xC3,0xE0,0x63,0x60,0x36,0x78,0x3C,0x6C,0x0C,
0xE6,0x07,0xE0,0x61,0xFE,0x31,0xC0,0x1F,0xE0,0x07,0xF0,0x0D,0x9C,0x39,0xE7,0xE1,
/* 1234 */ 
0x00,0x00,0x00,0x00,0xEC,0xFF,0x18,0x06,0x30,0x06,0x00,0x06,0x06,0x06,0x0C,0x06,
0x38,0x06,0x00,0x06,0x30,0x06,0x30,0x06,0x18,0x06,0x0C,0x06,0x0C,0x06,0xE6,0xFF,
/* 1235 */ 
0x00,0x00,0x00,0x00,0xFE,0xFF,0xE0,0x7F,0xB0,0x6D,0x9E,0x7F,0x86,0x6D,0x86,0x7F,
0xFC,0xFF,0x6C,0x00,0xFE,0x7F,0xEC,0x6D,0xFC,0x7F,0xEE,0x7F,0x66,0x00,0xFC,0xFF,
/* 1236 */ 
0x00,0x00,0x30,0x0C,0xFE,0xFF,0x30,0x0C,0x30,0x3F,0xB0,0x61,0xF6,0x67,0x3C,0x3C,
0x30,0x6E,0xF0,0x63,0xF0,0xFF,0x7C,0x60,0x3C,0x63,0x36,0x66,0x30,0x60,0x30,0x3E,
/* 1237 */ 
0x00,0x00,0x60,0x06,0x66,0xFE,0x6C,0xC3,0xF8,0x63,0x60,0x66,0x78,0x3C,0x6C,0x18,
0xE6,0x0F,0xE0,0x01,0xFE,0xFF,0x80,0x03,0xC0,0x07,0xF0,0x1D,0x9C,0x71,0x86,0xC1,
/* 1238 */ 
0x00,0x00,0x60,0x0C,0x66,0xFE,0x6C,0xC3,0xF8,0xC3,0xE0,0x66,0x70,0x3C,0x78,0x18,
0xEE,0x0F,0xE6,0x01,0x80,0x01,0xFE,0xFF,0x80,0x07,0xC0,0x0C,0x70,0x18,0x1E,0xF0,
/* 1239 */ 
0x00,0x00,0x00,0x00,0x0C,0x33,0x18,0x33,0xC0,0xFF,0x00,0x33,0x0E,0x33,0x18,0x33,
0x18,0x33,0x18,0x33,0xF8,0xFF,0x98,0x31,0x98,0x31,0xF8,0x31,0xF8,0x30,0xD8,0x30,
/* 1240 */ 
0x00,0x00,0x00,0x00,0xFC,0xFF,0x06,0x30,0xE6,0x1F,0x36,0x00,0x36,0x00,0xE6,0x7F,
0x36,0x0C,0x36,0x0C,0x36,0x0C,0x36,0x0C,0x36,0x0C,0x1E,0x0C,0x06,0x00,0xFC,0xFF,
/* 1241 */ 
0x00,0x00,0x00,0x06,0x3C,0x7F,0xB8,0x63,0xF0,0x66,0x38,0x3C,0x3C,0x1C,0xB6,0x07,
0xFE,0xFF,0xC0,0x06,0xFC,0x7F,0xCC,0x66,0x7C,0x7C,0xFC,0x7F,0x0C,0x60,0xFC,0x7F,
/* 1242 */ 
0x00,0x00,0x00,0x00,0x3E,0x7F,0xB6,0x33,0xF6,0x33,0x7E,0x1E,0x1E,0x1E,0x9E,0x7F,
0xF6,0xCC,0xF6,0xFF,0x76,0x0C,0xFE,0x0C,0xC6,0x0C,0xC6,0xFF,0x06,0x0C,0x06,0x0C,
/* 1243 */ 
0x00,0x00,0x30,0x0C,0xFE,0xFF,0xB0,0x0D,0xB8,0x0D,0xF8,0x7F,0x0C,0x03,0xFE,0x3F,
0x0C,0x03,0xF8,0x3F,0x0C,0x03,0x0C,0x03,0xF8,0xFF,0x78,0x66,0xCC,0x66,0xCC,0xCC,
/* 1244 */ 
0x00,0x00,0x98,0x01,0x98,0xFD,0x98,0xDF,0xFE,0xD9,0x98,0xD9,0xFC,0xDF,0xBC,0x79,
0xFC,0x7F,0xFE,0x77,0xFE,0x37,0xF8,0x37,0xF8,0x7D,0xB8,0x79,0xB8,0xCD,0xF8,0xC7,
/* 1245 */ 
0x00,0x00,0x00,0x03,0x80,0x0D,0xBE,0xFF,0xCC,0x0C,0xEC,0x0C,0xEC,0x7F,0xFC,0x0C,
0xF6,0x7F,0xF7,0x0C,0xF7,0x0C,0xF6,0xFF,0xF6,0x7B,0xF6,0x7B,0xF6,0xDE,0xFC,0xDE,
/* 1246 */ 
0x00,0x00,0x30,0x03,0x18,0x03,0xF8,0xFF,0x0C,0x03,0xFE,0xFF,0x0C,0x03,0x0C,0x03,
0xFC,0xFF,0x0C,0x03,0x0C,0x03,0xFC,0xFF,0x6C,0x36,0x6C,0x66,0x66,0x66,0x66,0xCC,
/* 1247 */ 
0x00,0x00,0x00,0x0C,0x3C,0x0C,0xE6,0xFF,0x66,0x1B,0x66,0x33,0xFE,0x61,0xE6,0x61,
0xE6,0xF1,0x66,0x33,0x7E,0x1B,0x66,0x1E,0x66,0x0C,0x66,0x1E,0xE6,0x33,0xFB,0xE0,
/* 1248 */ 
0x00,0x00,0x80,0x01,0x80,0x01,0xFE,0xFF,0x60,0x06,0x60,0x0C,0x30,0x18,0x38,0x30,
0x3C,0x78,0x66,0xCC,0xC0,0x0C,0xC0,0x06,0x80,0x03,0xC0,0x07,0x70,0x0C,0x1E,0xF8,
/* 1249 */ 
0x00,0x00,0x30,0x00,0x30,0xFC,0xFE,0xC7,0xD8,0x66,0xD8,0x66,0x8C,0x67,0x8C,0x37,
0xDE,0x37,0xDE,0x67,0x70,0x66,0x60,0xC6,0xF0,0xC6,0xD8,0xC6,0x8C,0x67,0x06,0x36,
/* 1250 */ 
0x00,0x00,0x00,0x00,0x8E,0x01,0x18,0x7F,0xF8,0x03,0x00,0x1E,0x06,0xCE,0x8C,0xCF,
0xE0,0xF8,0x00,0x60,0xF8,0xFF,0x98,0x0D,0x8C,0x0D,0x8C,0xCD,0xC6,0xCC,0x76,0xF8,
/* 1251 */ 
0x00,0x00,0x00,0x00,0xBE,0x7F,0x30,0x0C,0x36,0x0C,0xF6,0xFF,0x36,0x36,0x36,0x33,
0xFE,0x61,0xE0,0xF3,0x60,0x33,0x7F,0x33,0x60,0x33,0x60,0x33,0xB6,0x31,0x9C,0x31,
/* 1252 */ 
0x00,0x00,0x00,0x00,0x0C,0x3E,0x0C,0x07,0x3E,0x06,0xFC,0xFF,0x3C,0x1E,0x36,0x33,
0xB6,0x61,0xF6,0xF3,0x3C,0x33,0x18,0x33,0x38,0x33,0x3C,0x33,0xEC,0x31,0xC6,0x30,
/* 1253 */ 
0x00,0x00,0x00,0x00,0xFE,0x7F,0xDE,0x66,0xDE,0x36,0xFE,0xFF,0x7E,0xDB,0xFE,0xFF,
0xDE,0x63,0x7E,0xFE,0xFE,0x6F,0x7E,0x7E,0xFE,0x7F,0x7E,0x73,0x7E,0x67,0xEC,0x7F,
/* 1254 */ 
0x00,0x00,0x00,0x06,0xCC,0x66,0x8C,0x37,0xFE,0xFF,0x6C,0xC0,0x6C,0xC0,0xEC,0xFF,
0xFC,0x36,0xDC,0x36,0xCE,0x36,0xCC,0x3E,0xCC,0x3F,0x0C,0xCF,0xCC,0xCD,0x7E,0xF8,
/* 1255 */ 
0x00,0x00,0x00,0x0C,0x0C,0x0C,0xFC,0xFF,0x06,0x33,0x06,0x33,0x7E,0x63,0x98,0x63,
0x98,0xF3,0xFE,0xF6,0x18,0x1E,0x18,0x1C,0x18,0x1C,0x18,0x36,0x78,0x63,0xF8,0xC1,
/* 1256 */ 
0x00,0x00,0x0C,0x00,0x8C,0x3F,0xFC,0x06,0x1E,0x06,0xDE,0xFF,0x18,0x33,0x18,0x33,
0xFE,0x61,0xD8,0xF3,0x18,0x33,0x38,0x33,0x3C,0x33,0xEC,0x31,0xE6,0x31,0xC6,0x30,
/* 1257 */ 
0x00,0x00,0x18,0x00,0x98,0x01,0x18,0x7F,0xF8,0x33,0x0C,0x1E,0x0C,0xCE,0xCC,0xCF,
0x6E,0x78,0x0E,0x00,0xEC,0x7F,0x8C,0x0D,0x8C,0x0D,0x8C,0xCD,0xCC,0xCC,0x6C,0xF8,
/* 1258 */ 
0x00,0x00,0x00,0x00,0xBE,0x71,0xB6,0xD9,0xF6,0xDF,0xB6,0xD9,0xBE,0xD9,0xB6,0xD9,
0xF6,0xDF,0xB6,0xDF,0xFE,0xDE,0xF6,0xDE,0xF6,0xDE,0xF6,0xDF,0x36,0xFC,0x3F,0x18,
/* 1259 */ 
0x00,0x00,0x00,0x00,0x30,0x06,0xFC,0xFF,0x18,0x1B,0x1C,0x33,0x9E,0x31,0xF0,0x71,
0xF8,0xF1,0x38,0xF3,0x3C,0x1B,0x36,0x1E,0x30,0x0C,0x30,0x1E,0xB0,0x33,0xFE,0xE0,
/* 1260 */ 
0x00,0x00,0x60,0x00,0xF0,0x1F,0x18,0x18,0x1C,0x0C,0xFE,0x7F,0x0C,0x63,0x0C,0x63,
0xFC,0x7F,0x0C,0x63,0x0C,0x63,0x0C,0x63,0xFC,0x7F,0x0C,0x63,0x0C,0x63,0x06,0x7F,
/* 1261 */ 
0x00,0x00,0x00,0x0C,0x0C,0x0C,0xFC,0xFF,0x66,0x33,0x66,0x33,0x63,0x63,0x8C,0x61,
0xCC,0xF3,0xCC,0x33,0x0C,0x36,0x0C,0x1E,0x0C,0x0C,0x6C,0x1E,0x3C,0x33,0xD8,0xE1,
/* 1262 */ 
0x00,0x00,0x80,0x01,0x8C,0x19,0xEC,0xFF,0x66,0x7E,0xF6,0x7F,0x7F,0x7E,0xF8,0x7F,
0x8C,0x7F,0xEC,0x77,0xFE,0x70,0xCE,0x77,0xC0,0x36,0xF8,0x76,0x6E,0xDE,0xB0,0xCF,
/* 1263 */ 
0x00,0x00,0x18,0x06,0x18,0x06,0xCC,0xFF,0x0C,0x1B,0x36,0x33,0xB6,0x31,0x9E,0x71,
0xD8,0xF1,0x6C,0xF3,0x76,0x1B,0x1E,0x1E,0x00,0x0C,0x70,0x1E,0x1E,0x33,0xE0,0xE1,
/* 1264 */ 
0x00,0x00,0x0C,0xC6,0x6C,0xC3,0x3C,0xDB,0x6C,0xDB,0xFC,0xDB,0x6C,0xDE,0xFC,0xDF,
0x6C,0xDE,0xFC,0xDB,0x60,0xD8,0xFE,0xDF,0xF0,0xD8,0xF8,0xC1,0x6C,0xC3,0x66,0xF8,
/* 1265 */ 
0x00,0x00,0x30,0x00,0x30,0x0C,0xFE,0xFC,0xB0,0x67,0xF0,0x66,0xFE,0x67,0x30,0x67,
0xFC,0x3F,0xCC,0x3C,0x66,0x3C,0xE3,0x19,0x78,0x38,0x6C,0x3C,0x60,0x67,0xFC,0xC1,
/* 1266 */ 
0x00,0x00,0x00,0x0C,0xFE,0xCC,0x38,0x7F,0x38,0x6C,0xFE,0x3C,0xFE,0xFF,0xFE,0x18,
0xFE,0x7F,0xEE,0x76,0xCE,0x1B,0xC6,0x18,0xFE,0xFF,0xC6,0x18,0xC6,0x18,0x7C,0x1F,
/* 1267 */ 
0x00,0x00,0x18,0x00,0xD8,0x7F,0x7E,0x06,0x0C,0x06,0xCC,0xFF,0x1E,0x1B,0x9E,0x31,
0xFE,0x61,0xD8,0xF3,0x18,0x33,0xF0,0x33,0x1F,0x33,0x98,0x31,0x98,0x31,0xC0,0x30,
/* 1268 */ 
0x00,0x00,0x18,0x00,0x18,0x0C,0xD8,0xFF,0x7E,0x1B,0x0C,0x33,0x1E,0x63,0x9E,0x61,
0xFE,0xF3,0xD8,0x33,0x18,0x1E,0x78,0x1E,0x1E,0x0C,0x18,0x1E,0x18,0x33,0xF8,0xE1,
/* 1269 */ 
0x00,0x00,0x00,0x60,0x7C,0x60,0xC6,0x63,0xC6,0x63,0xC6,0x63,0xC6,0x63,0xC6,0x63,
0xC6,0x63,0xC6,0x63,0xC6,0x63,0xC6,0x63,0xC6,0x7E,0xC6,0x60,0x7C,0x60,0x00,0x60,
/* 1270 */ 
0x00,0x00,0x00,0x00,0x80,0x01,0xFE,0xFF,0x66,0xC6,0x3E,0xDC,0xBE,0x79,0xF8,0x7F,
0x8C,0x01,0x86,0x01,0xFE,0xFF,0x00,0x00,0xF8,0x7F,0x0C,0x60,0x0C,0x60,0xF8,0x7F,
/* 1271 */ 
0x00,0x00,0x00,0x00,0xD8,0x7F,0xD8,0x60,0xD8,0x7F,0xFE,0x60,0xD8,0x7F,0x98,0x01,
0xB8,0x7F,0xDC,0xC6,0xFE,0xCE,0xF8,0xDB,0xD8,0xF1,0xD8,0xC0,0x98,0xDF,0x0E,0xFC,
/* 1272 */ 
0x00,0x00,0x00,0x06,0x18,0x06,0xD8,0x7F,0x98,0x31,0xBE,0x31,0x98,0x31,0xF8,0xFF,
0x18,0x06,0x38,0x03,0xFC,0xFF,0x9E,0x31,0xD8,0x30,0x98,0x1B,0x18,0x1E,0xEE,0x73,
/* 1273 */ 
0x00,0x00,0x00,0x03,0x0C,0xC3,0x0C,0x7B,0x7C,0x0F,0x0C,0xC3,0x0C,0xC3,0xFC,0x7F,
0x80,0x01,0xF0,0x1F,0x1C,0x70,0x0C,0x60,0xFC,0x7F,0x0C,0x60,0x0C,0x60,0xF8,0x7F,
/* 1274 */ 
0x00,0x00,0x00,0x00,0xF8,0x0C,0x1E,0x0C,0x98,0xFF,0x18,0x0C,0xFF,0x0C,0x38,0x0C,
0x38,0x7F,0x7C,0x00,0x7E,0xFF,0xDE,0xC1,0x9B,0xC1,0x98,0xC1,0x98,0xC1,0x00,0xFF,
/* 1275 */ 
0x00,0x00,0x98,0x01,0x98,0xF9,0x8C,0x01,0xEC,0x07,0x86,0x01,0x98,0xFD,0x8C,0x61,
0xEC,0x67,0x8E,0x61,0x8F,0x61,0xFC,0x6F,0x8C,0x61,0x8C,0x61,0x8C,0x6F,0xFC,0x78,
/* 1276 */ 
0x00,0x00,0x00,0x00,0x3E,0x0E,0x36,0x1B,0xB6,0x19,0x9E,0x31,0xDE,0x60,0xFE,0xF1,
0xB6,0x31,0xB6,0x31,0xB6,0x31,0xBE,0x31,0x86,0x31,0xC6,0x30,0xC6,0x30,0x66,0x30,
/* 1277 */ 
0x00,0x00,0x00,0x00,0x60,0x38,0xF8,0x7B,0x60,0x18,0xFE,0xFF,0x6C,0x18,0xFC,0x1F,
0xCE,0x78,0xCE,0x78,0xFC,0x3B,0xCC,0x30,0xFC,0xB7,0xCC,0xF8,0xCC,0xEC,0xFC,0xEF,
/* 1278 */ 
0x00,0x00,0x00,0x00,0x30,0x0C,0x30,0x0C,0xFE,0x7F,0x30,0xCC,0x30,0xCC,0x30,0xCC,
0xFE,0xCD,0x18,0xCC,0xD8,0xCC,0xCC,0xC6,0xCC,0xC6,0x8C,0xC7,0xFE,0x67,0x0C,0x7F,
/* 1279 */ 
0x00,0x00,0x00,0x00,0x30,0x0C,0xFE,0xFF,0x30,0x0C,0x30,0x00,0x00,0x00,0xFC,0x7F,
0x80,0x61,0x80,0x61,0x80,0x61,0x80,0x61,0x80,0x61,0x80,0x67,0x80,0x3D,0x80,0x01,
/* 1280 */ 
0x00,0x00,0x00,0x00,0x18,0x0C,0x18,0x0C,0x98,0x7F,0x7E,0x0C,0x18,0x0C,0xFC,0xFF,
0x3C,0x00,0x7E,0x00,0x9E,0x7F,0xDB,0x60,0xD8,0x60,0xD8,0x60,0xD8,0x60,0x98,0x7F,
/* 1281 */ 
0x00,0x00,0x00,0x00,0x80,0x01,0x80,0x01,0xFE,0xFF,0xC0,0x07,0xC0,0x07,0xE0,0x0D,
0xB0,0x39,0x9C,0x61,0x86,0xC1,0x00,0x00,0x6C,0x66,0xCC,0x66,0xC6,0xCC,0xC6,0xCC,
/* 1282 */ 
0x00,0x00,0x18,0x0C,0x18,0x0C,0xD8,0xFF,0x18,0x0C,0xFC,0x7F,0x18,0x6C,0xF8,0xFF,
0x18,0x6C,0xF8,0x7F,0xFC,0x0C,0xDE,0x0C,0xD8,0x7C,0xD8,0x0D,0x78,0x0F,0x7E,0xFC,
/* 1283 */ 
0x00,0x00,0x00,0x00,0x3E,0x06,0xF6,0xFF,0x36,0x06,0xF6,0x7F,0x3E,0x66,0xF6,0xFF,
0x36,0x66,0xF6,0x7F,0x3E,0x06,0xF6,0x06,0xF6,0x7E,0xF6,0x07,0x76,0x07,0x7E,0xFC,
/* 1284 */ 
0x00,0x00,0x00,0x00,0xCC,0x7F,0xFE,0x60,0xC0,0x7F,0xF6,0x60,0xF6,0x7F,0x36,0x03,
0xB6,0x7F,0xF6,0xCC,0xF6,0xC6,0xF6,0xCE,0xDE,0xFB,0xFC,0xF1,0xDE,0xFF,0x00,0x78,
/* 1285 */ 
0x00,0x00,0x00,0x00,0x0E,0x06,0x18,0x06,0xF0,0xFF,0x00,0x06,0x06,0x06,0xDC,0xFF,
0x30,0x00,0x80,0x3F,0xF0,0x60,0xD8,0x60,0xD8,0x60,0xCC,0x60,0xC6,0x60,0xC6,0x7F,
/* 1286 */ 
0x00,0x00,0x00,0x0C,0x18,0x0C,0x18,0x0C,0xEC,0xFF,0x6C,0x0C,0x36,0x0C,0xFE,0xFF,
0x18,0x00,0x0C,0x00,0xFC,0xFF,0xDE,0xC0,0xC0,0xC0,0xF0,0xC0,0xDE,0xC0,0x80,0xFF,
/* 1287 */ 
0x00,0x00,0x00,0x00,0xF8,0xFF,0xCC,0xCC,0x66,0xC6,0xFF,0xDF,0xB6,0x73,0xB6,0x1F,
0xFE,0xFF,0xB6,0x1B,0xB6,0x1B,0xFE,0x19,0xB6,0xFF,0xB6,0x19,0xB6,0x19,0xE3,0x18,
/* 1288 */ 
0x00,0x00,0x00,0x00,0x8C,0x3F,0x8C,0x61,0xFE,0x61,0xEC,0x61,0xEC,0x7F,0xEC,0x61,
0xE6,0x61,0xB6,0x61,0xBC,0x7F,0xB8,0x61,0xB8,0x61,0xF8,0x61,0xEC,0x61,0xC6,0xFF,
/* 1289 */ 
0x00,0x00,0x00,0x00,0x00,0x66,0xFE,0xFF,0x00,0xEC,0x98,0x6D,0x98,0x6D,0x98,0x6D,
0xFE,0x3F,0x98,0x3D,0x98,0x19,0x98,0x19,0x98,0xDD,0x8C,0xF7,0xCC,0xF3,0x86,0xE1,
/* 1290 */ 
0x00,0x00,0x60,0x18,0xFE,0xFF,0x60,0x18,0x38,0x3E,0xFE,0xFF,0xD8,0x36,0x7C,0x36,
0x98,0xFF,0x18,0x00,0xFE,0x7F,0x38,0x63,0x7C,0x63,0xDE,0x7F,0x1B,0x63,0x18,0x7F,
/* 1291 */ 
0x00,0x00,0x30,0x18,0x30,0x18,0xFE,0xFF,0x30,0x18,0xB0,0x1B,0xC0,0x0E,0x70,0x18,
0x3C,0x7C,0x67,0xCC,0x60,0x0C,0x30,0x0C,0x30,0x0C,0x30,0x0C,0x18,0x0C,0x18,0x0C,
/* 1292 */ 
0x00,0x00,0x00,0x00,0xFC,0x7F,0x8C,0x61,0xFC,0x7F,0x8C,0x61,0x8C,0x61,0xFC,0x3F,
0x60,0x0C,0x30,0x18,0x7C,0x7C,0x67,0xCC,0x60,0x0C,0x30,0x0C,0x30,0x0C,0x18,0x0C,
/* 1293 */ 
0x00,0x00,0x18,0x00,0x98,0x19,0x98,0x19,0xFC,0xFF,0x8C,0x19,0x8C,0x19,0xFE,0xFF,
0x0F,0x00,0xCC,0x3F,0x6C,0x60,0x6C,0x60,0xEC,0x7F,0x6C,0x60,0x6C,0x60,0xEC,0x7F,
/* 1294 */ 
0x00,0x00,0x80,0x03,0x80,0x07,0xC0,0x0E,0x60,0x1C,0x38,0x30,0x0C,0x60,0x07,0xC0,
0x30,0x0C,0x30,0x0C,0x30,0x0C,0x30,0x0C,0x30,0x0C,0x18,0x0C,0x18,0x0C,0x0C,0x00,
/* 1295 */ 
0x00,0x00,0x00,0x03,0x00,0x03,0xFE,0xFF,0x1E,0x06,0x1E,0x0F,0x9C,0x19,0xD8,0x70,
0xF8,0xD9,0x9C,0x19,0x9E,0x19,0x98,0x19,0xD8,0x18,0xCC,0x18,0x6C,0x18,0x06,0x00,
/* 1296 */ 
0x00,0x00,0x00,0x38,0x0C,0x78,0x18,0xD8,0xE0,0xFF,0xC0,0x1E,0xCF,0x7E,0xCC,0x7E,
0xCC,0x7E,0xEC,0x3F,0xCC,0x3E,0xCC,0x3E,0xCC,0x3E,0xEC,0xFE,0xF8,0xF6,0x78,0xE3,
/* 1297 */ 
0x00,0x00,0x00,0x00,0xFC,0x7F,0x0C,0xC0,0x0C,0x60,0xFC,0x3F,0x0C,0x06,0x0C,0x06,
0xFC,0xFF,0x3C,0xC6,0x3C,0xC6,0xF6,0xFF,0x36,0xC6,0x36,0xC6,0x36,0xC6,0xF0,0xFF,
/* 1298 */ 
0x00,0x00,0x80,0x01,0x80,0x01,0x80,0x01,0xFC,0x7F,0x86,0xC1,0x86,0xC1,0x86,0xC1,
0x86,0xC1,0x86,0xC1,0x86,0xC1,0x86,0xC1,0x86,0xCD,0x80,0x79,0x80,0x01,0x80,0x01,
/* 1299 */ 
0x00,0x00,0x00,0x06,0x0C,0x06,0xFC,0x7F,0xB6,0x31,0x00,0x30,0xFC,0x06,0xCC,0x7F,
0xCC,0x66,0xFC,0x66,0xCC,0x66,0xCC,0x66,0xFC,0x66,0xCC,0x63,0xC6,0x63,0xFE,0x7D,
/* 1300 */ 
0x00,0x00,0x00,0x00,0xF8,0x3F,0x0C,0x00,0x0C,0x00,0x0C,0x00,0x0C,0x00,0xFC,0x7F,
0x0C,0x06,0x0C,0x06,0x0C,0x06,0x0C,0x06,0x0C,0x06,0x06,0x06,0x06,0x06,0x03,0x00,
/* 1301 */ 
0x00,0x00,0x00,0x00,0x80,0x03,0xE0,0x0E,0x30,0x18,0x1E,0x70,0xF8,0xFF,0x80,0x01,
0x80,0x01,0xFC,0x7F,0x98,0x31,0x98,0x31,0xB0,0x19,0xB0,0x19,0xB0,0x19,0xFE,0xFF,
/* 1302 */ 
0x00,0x00,0x00,0x00,0x80,0x03,0xC0,0x06,0x70,0x1C,0xD8,0x30,0x8E,0xE3,0x00,0x06,
0x00,0x00,0xFE,0x7F,0x00,0x60,0x00,0x60,0x00,0x30,0x00,0x18,0x00,0x0E,0xF8,0x03,
/* 1303 */ 
0x00,0x00,0x00,0x06,0x0C,0x06,0xF8,0x7F,0x18,0x66,0xF0,0xFF,0x06,0x66,0x0C,0x66,
0xEC,0x7F,0x18,0x06,0xF8,0x7F,0x0C,0x06,0x0C,0x06,0xFC,0xFF,0x06,0x06,0x00,0x06,
/* 1304 */ 
0x00,0x00,0x8C,0x31,0x98,0x31,0xF0,0xFF,0xBE,0x3B,0xF0,0x7F,0xF0,0xFD,0xB8,0xB7,
0xFC,0x7F,0x3E,0x00,0x3F,0x00,0xF8,0xFF,0x98,0x3D,0x98,0x6D,0xD8,0x6C,0xF8,0xC7,
/* 1305 */ 
0x00,0x00,0x60,0x00,0xEC,0x3F,0x6C,0x36,0x6C,0x1E,0x6C,0x0C,0x6C,0x1E,0x6C,0x73,
0xC0,0x18,0x70,0x0E,0xD8,0x1B,0x70,0x70,0xFC,0xFF,0x60,0x1B,0x38,0x73,0xEE,0xC3,
/* 1306 */ 
0x00,0x00,0x0C,0x0C,0x0C,0x3F,0xFC,0xE1,0x86,0xC1,0x86,0xFF,0xFE,0xC1,0x98,0x7F,
0x18,0x0C,0x18,0x7F,0xFC,0xCD,0xD8,0xCC,0xD8,0xCC,0xD8,0xCC,0xF8,0xFC,0x38,0x6C,
/* 1307 */ 
0x00,0x00,0x00,0x00,0xF8,0x7F,0xD8,0x60,0xD8,0x30,0x98,0x31,0x8C,0x31,0x8C,0x19,
0x0E,0x1B,0x0E,0x0F,0x0C,0x0E,0x0C,0x0E,0x0C,0x1B,0x8C,0x31,0xEC,0x60,0x30,0xC0,
/* 1308 */ 
0x00,0x00,0x80,0x31,0xEC,0xFF,0x98,0x31,0x30,0x3F,0x00,0x0C,0xC6,0x7F,0xDC,0xCC,
0xD8,0xCC,0xD8,0x7F,0x18,0x0C,0xD8,0x7F,0x18,0x0C,0xD8,0x7F,0x78,0x0C,0xF8,0xFF,
/* 1309 */ 
0x00,0x00,0x00,0x00,0x8C,0x31,0x8C,0x31,0xF8,0xFF,0x80,0x31,0x8E,0x31,0x98,0x31,
0x98,0x31,0xF8,0xFF,0x98,0x31,0x98,0x31,0xD8,0x30,0xFC,0x30,0x6C,0x30,0xC6,0xFF,
/* 1310 */ 
0x00,0x00,0x0C,0x00,0x6C,0x70,0xFC,0x1E,0x6C,0x03,0x6C,0x03,0x38,0xFF,0x7C,0x33,
0xF6,0x33,0xF6,0x33,0xF6,0x33,0xFE,0x33,0x30,0x33,0xFE,0x33,0xB0,0x31,0xB0,0x31,
/* 1311 */ 
0x00,0x00,0x00,0x00,0xFE,0x7F,0xCC,0x66,0xD8,0x36,0xD8,0x36,0xC0,0x06,0xFE,0xFF,
0x00,0x00,0xF8,0x3F,0x0C,0x60,0x0C,0x60,0xFC,0x7F,0x0C,0x60,0x0C,0x60,0xFC,0x3F,
/* 1312 */ 
0x00,0x00,0x30,0x18,0x30,0x18,0xFE,0xFF,0x78,0x1C,0xF8,0x3E,0xBC,0x7F,0x36,0xDB,
0xB0,0xD9,0xF8,0x3F,0x00,0x00,0xFE,0xFF,0x00,0x03,0x30,0x1B,0x18,0x73,0xEE,0xE3,
/* 1313 */ 
0x00,0x00,0x00,0x00,0x0C,0x7F,0xD8,0x01,0xC0,0x00,0xC0,0x00,0x8E,0xFF,0xD8,0x18,
0xD8,0x18,0xD8,0x18,0xD8,0x18,0xD8,0x18,0x78,0x18,0x38,0x18,0xEC,0x00,0x86,0xFF,
/* 1314 */ 
0x00,0x00,0x00,0x00,0x98,0x7F,0xF8,0x60,0xFE,0x60,0xFE,0x3F,0xFE,0x18,0xDE,0x18,
0xDE,0x30,0xD8,0x60,0xD8,0xCE,0x78,0x98,0x3C,0x00,0x3C,0x07,0x36,0x1C,0x06,0x30,
/* 1315 */ 
0x00,0x00,0x00,0x00,0xC6,0x7F,0x0C,0x60,0x98,0x7F,0xC0,0x7F,0x06,0x00,0x06,0x00,
0xEC,0xFF,0x30,0xC0,0xD8,0xFF,0x8C,0x31,0x0C,0x1B,0x0C,0x0E,0x86,0x3B,0xF0,0xE0,
/* 1316 */ 
0x00,0x00,0x00,0x00,0xF8,0x3F,0x18,0x30,0x18,0x30,0xF8,0x3F,0x0C,0x03,0x0C,0x06,
0x0C,0x0C,0xEC,0x18,0x8C,0x33,0x06,0xE6,0x06,0x00,0x73,0x00,0xC0,0x03,0x00,0x0E,
/* 1317 */ 
0x00,0x00,0x00,0x00,0x00,0x0C,0xF8,0x0C,0xC0,0x7E,0x60,0xCC,0x70,0xCC,0xD8,0xCD,
0x0E,0xCF,0xFC,0xCD,0x30,0xCC,0x30,0xC6,0x30,0xC6,0xB0,0xC3,0xF8,0x63,0x8E,0x39,
/* 1318 */ 
0x00,0x00,0x18,0x00,0x98,0xC1,0xFE,0xC7,0x98,0xD9,0x00,0xD8,0xFE,0xDF,0x98,0xD9,
0x98,0xD9,0xFE,0xDF,0x98,0xD9,0x98,0xD9,0x98,0xD9,0x8C,0xC1,0x8C,0xC1,0x86,0x79,
/* 1319 */ 
0x00,0x00,0x00,0x00,0x30,0x18,0xFE,0xFF,0x30,0x18,0xFC,0x7E,0xC6,0x63,0xC6,0x63,
0xC6,0x63,0xFC,0x7F,0x78,0x3C,0x6C,0x36,0xEC,0x37,0xEC,0xF7,0xEC,0xF3,0x86,0xF1,
/* 1320 */ 
0x00,0x00,0x00,0x00,0x30,0x0C,0xFE,0xFF,0x30,0x0C,0xFC,0x0F,0x00,0x18,0x00,0x0C,
0x00,0x0F,0xE0,0x39,0x3E,0xE0,0xF8,0x3F,0x80,0x01,0x80,0x01,0x80,0x01,0xFE,0xFF,
/* 1321 */ 
0x00,0x00,0x00,0x0C,0xFE,0xFF,0x36,0x0C,0xB6,0x7F,0x36,0x0C,0xFE,0xFF,0x36,0x00,
0xB6,0x7F,0xF6,0x60,0xFE,0x7F,0xF6,0x60,0xF6,0x7F,0xF6,0x60,0xFE,0x60,0xC0,0x7C,
/* 1322 */ 
0x00,0x00,0x00,0x00,0xF8,0x3F,0x0C,0x30,0xF8,0x3F,0x0C,0x30,0x0C,0x30,0xF8,0x1F,
0x00,0x00,0xFE,0xFE,0xC6,0xC3,0xC6,0xC3,0xFE,0xFF,0xC6,0xC3,0xC6,0xC3,0xFE,0xFE,
/* 1323 */ 
0x00,0x00,0x18,0x0C,0x78,0x18,0xEC,0xFF,0x66,0x00,0xFE,0xFF,0xDE,0xC3,0xDE,0xC3,
0xFE,0xC3,0xDE,0xC3,0xDE,0x7E,0xDE,0x7B,0x7C,0x7B,0x00,0xDB,0xF0,0xD9,0x9E,0x9F,
/* 1324 */ 
0x00,0x00,0x80,0x01,0x80,0x01,0xFE,0xFF,0x00,0x00,0xF0,0x1F,0x1C,0x70,0x0C,0x60,
0x0C,0x60,0x0C,0x60,0xF8,0x3F,0xB0,0x0D,0xB0,0x19,0x98,0x31,0x8C,0x61,0xE6,0xC1,
/* 1325 */ 
0x00,0x00,0x00,0x06,0x18,0x0C,0xF8,0xFF,0x3E,0x00,0xBE,0x7F,0xFE,0x60,0xFE,0x60,
0xFE,0x60,0x9B,0x7F,0x18,0x0C,0x98,0x6D,0x98,0x6D,0xD8,0xCC,0x78,0xCC,0x98,0x0F,
/* 1326 */ 
0x00,0x00,0x18,0x0C,0x7E,0x0C,0xFE,0xFF,0x7E,0x0C,0xBC,0x7F,0x3C,0x0C,0xFE,0xFF,
0x18,0x00,0xB8,0xFF,0xFC,0xC0,0xFE,0xFF,0x9E,0xFF,0xDB,0xC0,0xD8,0xC0,0x18,0xF8,
/* 1327 */ 
0x00,0x00,0x00,0x00,0x98,0xFF,0x7E,0x0C,0xFE,0xFF,0xFC,0xCC,0xFC,0xCC,0x98,0xFF,
0xFC,0xCC,0xF8,0xCC,0xFC,0x7F,0xFC,0x0D,0xDE,0x0D,0x18,0x07,0x18,0x0F,0xF8,0xF9,
/* 1328 */ 
0x00,0x00,0x00,0x00,0xD8,0x3F,0x18,0x30,0x0C,0x38,0x6C,0x1C,0x36,0x3E,0xBE,0x63,
0xF8,0xC0,0x8C,0x7F,0x0C,0x0C,0x3E,0x0C,0x00,0x0C,0xF0,0x0C,0x1F,0x0C,0xC0,0xFF,
/* 1329 */ 
0x00,0x00,0x00,0x18,0x30,0x18,0x30,0x18,0xFE,0xFF,0x30,0x18,0x30,0x18,0x30,0x18,
0x30,0x18,0x30,0x18,0xFF,0xFF,0x30,0x18,0x30,0x18,0x30,0x18,0x18,0x18,0x0C,0x18,
/* 1330 */ 
0x00,0x00,0xD8,0x00,0xD8,0x0C,0xFC,0x7F,0xFC,0x3F,0x06,0x3B,0x7E,0x3B,0x7C,0xEF,
0xC0,0x07,0x00,0x03,0xFC,0x7F,0xF8,0x7F,0xF8,0x7F,0xF8,0x3F,0x0C,0x60,0xF8,0x7F,
/* 1331 */ 
0x00,0x00,0xF0,0x1F,0x18,0x70,0xF8,0x7F,0x18,0x60,0xF8,0x7F,0x80,0x01,0xFE,0xFF,
0x00,0x00,0xF0,0x3F,0x18,0x30,0x18,0x30,0xF8,0x3F,0x30,0x1F,0x18,0x33,0xFC,0x61,
/* 1332 */ 
0x00,0x00,0x00,0x00,0x7E,0xFF,0xC0,0x18,0x60,0x18,0x30,0x7E,0x78,0xDB,0xCC,0xDB,
0x86,0xDB,0xFC,0xDB,0x30,0xDB,0x30,0xCF,0x30,0x3C,0xF0,0x67,0x7E,0x66,0x00,0xC3,
/* 1333 */ 
0x00,0x00,0x30,0x06,0x30,0x06,0xFE,0x3F,0x30,0x33,0xF8,0x19,0xFE,0x7F,0x00,0x6C,
0xFC,0x6C,0xC6,0xFF,0xFC,0x6C,0xC6,0x6C,0xFC,0x3E,0xC6,0x0C,0xC6,0x0C,0xF0,0x0F,
/* 1334 */ 
0x00,0x00,0x0C,0x06,0x0C,0x06,0xCC,0xFF,0x8C,0x31,0x3F,0x1B,0xEC,0x7F,0xCC,0x7F,
0xCC,0xC0,0xCC,0xFF,0xCC,0xC0,0xCC,0x7F,0x7C,0x1B,0x0E,0x9B,0x83,0x99,0xE0,0xF8,
/* 1335 */ 
0x00,0x00,0x18,0x00,0xD8,0x0C,0xFE,0xFF,0xD8,0x66,0x7C,0x66,0xFE,0x67,0x86,0x67,
0xFF,0x6D,0xE6,0x3D,0xE6,0x39,0xE6,0x39,0xFC,0x39,0x80,0x6D,0x80,0x67,0xF8,0xC3,
/* 1336 */ 
0x00,0x00,0x00,0x00,0x0C,0x0C,0xFC,0xFF,0x06,0x33,0x03,0x1E,0x80,0x7F,0xBC,0x7F,
0xD8,0x60,0x98,0x7F,0xFF,0x60,0xD8,0x60,0x98,0x3F,0x78,0xDB,0xB8,0xD9,0xE0,0xF8,
/* 1337 */ 
0x00,0x00,0x00,0x00,0xF8,0x7F,0x0C,0x60,0x06,0x38,0x30,0x0C,0x18,0x1F,0xD8,0x31,
0x6C,0xE0,0xEE,0x7F,0x0C,0x06,0x0C,0x06,0x0C,0x06,0x0C,0x06,0xFC,0xFF,0x00,0x00,
/* 1338 */ 
0x00,0x00,0x00,0x00,0x00,0x03,0xFE,0xFF,0x1E,0x00,0xFE,0x3F,0x1E,0x18,0x1C,0x0C,
0x18,0x1F,0xD8,0x71,0x7C,0xC0,0xFE,0xFF,0x38,0x06,0x0C,0x06,0x0C,0x06,0xFE,0xFF,
/* 1339 */ 
0x00,0x00,0x00,0x0C,0x18,0x0C,0xD8,0xFF,0x7E,0x0C,0xF6,0x7F,0x36,0x0C,0xF6,0xFF,
0x36,0x00,0xBC,0x7F,0xBC,0x61,0xBC,0x7F,0xBC,0x61,0xF0,0x7F,0x9C,0x61,0x86,0x79,
/* 1340 */ 
0x00,0x00,0x80,0x01,0x00,0x03,0xFC,0xFF,0x60,0x0C,0x60,0x0C,0xFE,0xFF,0x00,0x00,
0xFC,0x7F,0x0C,0x60,0xFC,0x7F,0x0C,0x60,0xF8,0x3F,0x60,0xC6,0x30,0xC6,0x1C,0xFE,
/* 1341 */ 
0x00,0x00,0x80,0x01,0x80,0x01,0xFC,0x7F,0x30,0x18,0x30,0x18,0xFE,0xFF,0x00,0x00,
0xF8,0x3F,0x18,0x30,0x18,0x30,0xF8,0x3F,0x60,0x1C,0x60,0xCC,0x60,0xCC,0x38,0xFC,
/* 1342 */ 
0x00,0x00,0x00,0x03,0x86,0x01,0xCC,0x1F,0x6C,0x18,0x3C,0x0C,0xE0,0x7F,0x00,0x66,
0x18,0x66,0xF8,0xFF,0x0C,0x66,0x0C,0x66,0xC6,0x3F,0x06,0x06,0x06,0x06,0xC0,0x07,
/* 1343 */ 
0x00,0x00,0x00,0x00,0x98,0xFF,0xFE,0xC0,0xFE,0xC0,0xFE,0xFE,0xDE,0xF3,0xDE,0xF3,
0xDE,0xF3,0xD8,0xF3,0xD8,0xF3,0xD8,0xF3,0xFC,0xFE,0xFC,0xC0,0xE6,0xC0,0xC6,0xF0,
/* 1344 */ 
0x00,0x00,0x00,0x00,0x80,0x01,0xFE,0xFF,0x66,0xC6,0x3E,0xFC,0x0E,0x60,0xF0,0x7F,
0x60,0x60,0xFE,0xFF,0x60,0x60,0xFC,0x3F,0x30,0x00,0xF8,0x7F,0x3E,0x60,0xF0,0x7F,
/* 1345 */ 
0x00,0x00,0x0C,0x30,0xEC,0x37,0x8C,0x31,0xBE,0xFD,0x8C,0xFD,0xEC,0xFF,0x8C,0xFD,
0xCC,0x3F,0xFC,0x33,0xEE,0x77,0xEC,0x7F,0x8C,0x79,0x8C,0xD9,0x8C,0xCD,0x8E,0x8D,
/* 1346 */ 
0x00,0x00,0x00,0x00,0x80,0x01,0xFE,0xFF,0x66,0xC6,0x76,0x7C,0x18,0x30,0xCE,0x60,
0xC0,0x00,0xF8,0x1F,0xC0,0x18,0xC0,0x18,0x60,0xD8,0x60,0xD8,0x38,0xD8,0x0E,0xF0,
/* 1347 */ 
0x00,0x00,0x00,0x60,0x30,0x60,0x30,0x66,0x18,0x66,0xCC,0x66,0x6C,0x66,0x7C,0x66,
0x30,0x66,0x18,0x66,0xD8,0x76,0x7C,0x7E,0x00,0x60,0xC0,0x60,0x78,0x60,0x0C,0x60,
/* 1348 */ 
0x00,0x00,0x00,0x06,0x00,0x06,0x7E,0x06,0x18,0x3E,0x18,0x33,0x18,0x33,0x98,0x31,
0xFE,0x19,0x18,0x38,0x18,0x3C,0x18,0x3C,0xF8,0x66,0x38,0x63,0x8E,0xC1,0xC0,0x80,
/* 1349 */ 
0x00,0x00,0x00,0x00,0x00,0x06,0x60,0x06,0x7E,0xFE,0x60,0x06,0x60,0x06,0x60,0x06,
0x7C,0x7E,0x60,0x06,0x60,0x06,0x7E,0xFE,0x60,0x06,0x60,0x06,0x60,0x06,0xFE,0xFF,
/* 1350 */ 
0x00,0x00,0x30,0x00,0x30,0x00,0xF0,0x07,0x18,0x0C,0x18,0x0C,0x0C,0x0C,0x0C,0x06,
0x06,0x06,0x00,0x06,0x00,0x0F,0x80,0x0D,0x80,0x19,0xE0,0x30,0x38,0x60,0x0E,0xC0,
/* 1351 */ 
0x00,0x00,0x00,0x00,0xE0,0x0F,0x38,0x0C,0x0E,0x06,0x00,0x03,0xC0,0x1F,0xFC,0x71,
0xB6,0xC1,0xB0,0x31,0x98,0x31,0x98,0x1B,0xC0,0x06,0xC0,0x0E,0x70,0x1C,0x1E,0x70,
/* 1352 */ 
0x00,0x00,0x00,0x00,0xC0,0x00,0xC0,0x00,0xFE,0x0F,0xC0,0x18,0xC0,0x0C,0x60,0x0C,
0x60,0x0C,0x60,0x0C,0x60,0x0C,0x30,0xCC,0x30,0xCC,0x18,0xCC,0x0C,0xCC,0x06,0x78,
/* 1353 */ 
0x00,0x00,0x00,0x00,0xEC,0xFF,0x18,0x1B,0xC0,0x7F,0x60,0xDB,0x66,0xDB,0x6C,0xDB,
0xF8,0xD9,0xE0,0xD9,0xF8,0xF0,0x78,0xC0,0xEC,0xFF,0x6C,0xC0,0x66,0xC0,0xE0,0xFF,
/* 1354 */ 
0x00,0x00,0x00,0x00,0xFC,0xFF,0x0C,0x00,0xFC,0xFF,0x9C,0x31,0xFC,0x37,0x9C,0x37,
0x9C,0x37,0xFC,0xFF,0x1C,0x18,0xDE,0x18,0x9E,0x1D,0xDE,0xDD,0x76,0xDF,0x06,0xF3,
/* 1355 */ 
0x00,0x00,0x70,0x00,0xF0,0x06,0xF0,0x06,0xFF,0x7F,0x33,0x63,0xF6,0x67,0xFC,0x37,
0x7C,0x37,0xBC,0x3D,0x78,0x3C,0xFC,0x18,0xFE,0x18,0xB3,0x3D,0x30,0x66,0xB6,0xC3,
/* 1356 */ 
0x00,0x00,0x00,0x00,0xCC,0x7F,0x6C,0x60,0x6C,0x60,0x6C,0x60,0x6C,0x60,0x6C,0x60,
0xEC,0x7F,0x6C,0x60,0x6C,0x60,0x6C,0x60,0x6C,0x60,0x6C,0x60,0xEC,0x7F,0x0C,0x00,
/* 1357 */ 
0x00,0x00,0x00,0x00,0xF0,0x00,0x1C,0x7E,0x0C,0x60,0x0C,0x60,0x0C,0x60,0x0C,0x60,
0xFC,0x7E,0x0C,0x60,0x0C,0x60,0x0C,0x60,0x0C,0x60,0x0C,0x60,0x0C,0x60,0xFC,0x3F,
/* 1358 */ 
0x00,0x00,0xC0,0x00,0x7C,0x7E,0x0C,0x60,0xFC,0x7E,0x0C,0x60,0xF8,0x3F,0xF8,0x7F,
0x8C,0x61,0xFC,0x7F,0x8C,0x61,0xF8,0x3F,0xFE,0x7F,0x80,0x61,0xC0,0x60,0x7E,0x7E,
/* 1359 */ 
0x00,0x00,0x18,0x0C,0x18,0x0C,0xF8,0x0D,0x9C,0x1D,0x9E,0x3D,0xF6,0x6C,0x60,0x0C,
0xF0,0x01,0x1E,0xFF,0x00,0x00,0xFC,0x3F,0x0C,0x30,0x0C,0x30,0x0C,0x30,0xF8,0x3F,
/* 1360 */ 
0x00,0x00,0x00,0x00,0x30,0x3C,0xFE,0x6D,0x00,0x0C,0xFC,0xFE,0x86,0x3D,0x86,0x3D,
0x86,0x3D,0xFC,0x3D,0x3C,0x36,0xFC,0xF6,0xF6,0xF6,0xB6,0xF7,0xB3,0xF3,0x3C,0xF3,
/* 1361 */ 
0x00,0x00,0x00,0x00,0x00,0x06,0xF6,0xFF,0x9E,0x01,0x9C,0x01,0x9C,0x1F,0xD8,0x18,
0xD8,0x18,0xD8,0x18,0x7C,0x18,0x1E,0x3C,0x18,0x36,0x18,0x63,0xCC,0xC1,0x76,0xC0,
/* 1362 */ 
0x00,0x00,0xCC,0x00,0xCC,0x03,0xFE,0xFF,0xCC,0xCD,0xFC,0xFF,0x30,0xDF,0xFC,0xDF,
0xF6,0xCC,0xF6,0xDF,0xF6,0xCE,0xFC,0xDE,0x30,0xFF,0xFE,0xCD,0x30,0xCC,0x30,0x7C,
/* 1363 */ 
0x00,0x00,0x00,0x00,0x98,0x01,0x98,0xFF,0xD8,0xC0,0xFE,0xCF,0xF8,0xD9,0xF8,0xD8,
0xF8,0xD8,0xF8,0xD8,0xDE,0xD8,0xD8,0xD8,0x98,0xCF,0x18,0xC0,0x18,0x60,0x0E,0x3E,
/* 1364 */ 
0x00,0x00,0x00,0x00,0xB6,0x7F,0xFC,0x60,0xD8,0x60,0xDC,0x60,0x9E,0x7F,0xF0,0x60,
0xF0,0x60,0xF8,0x60,0xBC,0x7F,0xF6,0x60,0xF0,0x60,0xF0,0x60,0xF0,0x60,0xFE,0xFF,
/* 1365 */ 
0x00,0x00,0x00,0x03,0x00,0x03,0xFE,0xFF,0x1E,0x00,0xDE,0x3F,0x7C,0x60,0x78,0x60,
0xD8,0x7F,0x7C,0x60,0x7E,0x60,0x78,0x60,0xD8,0x7F,0x6C,0x60,0x6C,0x60,0xF6,0xFF,
/* 1366 */ 
0x00,0x00,0x00,0x00,0xFC,0x7F,0x0C,0x60,0x0C,0x60,0xFC,0x3F,0x0C,0x03,0xFC,0xFF,
0x0C,0x03,0x0C,0x03,0xFC,0x7F,0x3C,0x60,0x36,0x60,0x36,0x60,0x36,0x60,0xF0,0x7F,
/* 1367 */ 
0x00,0x00,0x00,0x00,0x7C,0x03,0x60,0xFF,0xEC,0xC1,0xEC,0xDF,0x6C,0xF3,0x6C,0xF3,
0xFC,0xF3,0xC0,0xF3,0xC0,0xF3,0xC0,0xF3,0xFE,0xF3,0xC0,0xDE,0xC0,0xC0,0x78,0x7E,
/* 1368 */ 
0x00,0x00,0x60,0x0C,0x60,0x0C,0xFE,0xFF,0x78,0x0C,0xF8,0x3F,0x0C,0x60,0x1C,0x6C,
0xF7,0x66,0xF0,0x63,0xFC,0x7F,0xC0,0x63,0xE0,0x66,0xF0,0x7C,0xDC,0x78,0x00,0x7E,
/* 1369 */ 
0x00,0x00,0x00,0x00,0xFC,0x7F,0x0C,0x60,0xFC,0x7F,0x0C,0x00,0xFC,0x3F,0x0C,0xE0,
0x0C,0xC0,0xEC,0xDF,0x3C,0xD8,0x3C,0xD8,0x36,0xD8,0xE6,0xCF,0x06,0x60,0x06,0x7F,
/* 1370 */ 
0x00,0x00,0x00,0x00,0x9C,0x7F,0xF6,0x60,0xF6,0x60,0xF6,0x60,0xB6,0x7F,0xF6,0x60,
0xF6,0x60,0xF6,0x60,0xF6,0x60,0xB6,0x7F,0xF6,0x60,0xF6,0x60,0xFC,0x60,0xE0,0xFF,
/* 1371 */ 
0x00,0x00,0x00,0x00,0x0C,0xFE,0xFC,0x03,0x36,0x03,0x36,0x03,0x36,0xFF,0x36,0xC3,
0xFE,0xC3,0x30,0xC3,0x70,0xC3,0x78,0xFF,0xD8,0x63,0xCC,0x03,0x8C,0x03,0x06,0xFF,
/* 1372 */ 
0x00,0x00,0x00,0x00,0x98,0x31,0x30,0x1B,0x30,0x18,0xFE,0xFF,0x30,0x18,0x98,0x31,
0x8C,0x61,0xFE,0xFF,0x80,0x01,0x80,0x01,0xFC,0x7F,0x80,0x01,0x80,0x01,0x80,0x01,
/* 1373 */ 
0x00,0x00,0x00,0x00,0xCC,0x7F,0x78,0x60,0x60,0x60,0x60,0x60,0xC6,0x7F,0x6C,0x60,
0x78,0x60,0x70,0x60,0x70,0x60,0xD8,0x7F,0x78,0x60,0x6C,0x60,0x66,0x60,0xF6,0xFF,
/* 1374 */ 
0x00,0x00,0x00,0x00,0xFE,0xFF,0x8C,0xC7,0xFC,0x6D,0x8C,0x39,0xFC,0x39,0x8C,0x6F,
0xFE,0xDB,0x60,0x6F,0xF8,0x63,0x0E,0x3B,0xC0,0x0F,0x60,0x1B,0x38,0x73,0x0E,0xC3,
/* 1375 */ 
0x00,0x00,0x00,0x00,0x18,0xFF,0x98,0x01,0x98,0x01,0xFE,0x01,0x98,0x7F,0x98,0x61,
0x98,0x61,0xF8,0x61,0x9C,0x61,0x9E,0x7F,0x98,0x01,0x98,0x01,0x98,0x01,0x9E,0xFF,
/* 1376 */ 
0x00,0x00,0x18,0x00,0x98,0xFF,0x98,0xC1,0xFE,0xC1,0x98,0x7F,0x98,0x19,0x98,0xFF,
0xF8,0x19,0xF8,0x18,0xDE,0x7E,0xD8,0xC3,0xD8,0xC3,0xD8,0xC3,0x78,0xC3,0x7E,0xFF,
/* 1377 */ 
0x00,0x00,0x00,0x00,0xFC,0x7F,0x0C,0x00,0x0C,0x00,0x0C,0x00,0xFC,0x3F,0x0C,0x30,
0x0C,0x30,0x0C,0x30,0x0C,0x30,0xFC,0x3F,0x0C,0x00,0x0C,0x00,0x0C,0x00,0xFC,0xFF,
/* 1378 */ 
0x00,0x00,0x00,0x00,0xF8,0x3F,0x18,0x30,0xF8,0x3F,0x18,0x30,0xF8,0x3F,0x18,0x30,
0x18,0x30,0xF8,0x3F,0x18,0x30,0xFE,0xFF,0x00,0x06,0x70,0x1C,0x18,0x30,0x0C,0x60,
/* 1379 */ 
0x00,0x00,0x00,0x00,0xFC,0xFE,0xC6,0x03,0xC6,0x03,0xC6,0x03,0xFC,0xFE,0x30,0xC3,
0x30,0xC3,0xFC,0xC3,0x3C,0xC3,0x3C,0x7E,0x3C,0x03,0xBC,0x03,0xFC,0x03,0x1E,0xFE,
/* 1380 */ 
0x00,0x00,0x00,0x00,0xFC,0xFF,0xE6,0xC1,0xE6,0xC1,0xE6,0xFF,0xE6,0x61,0xBC,0x19,
0x9E,0xFF,0x9C,0x19,0xFC,0x3F,0xDC,0xE3,0xDC,0xC3,0xFC,0xC3,0xFC,0xC3,0xC6,0xFF,
/* 1381 */ 
0x00,0x00,0x0C,0x00,0x8C,0x7F,0xFC,0xC1,0x86,0xC1,0x86,0xC1,0xFF,0x7F,0x9E,0x19,
0x98,0xFF,0x98,0x19,0xBC,0x19,0x98,0xFF,0xD8,0xC3,0xF8,0xC3,0xF8,0xC3,0x60,0xFF,
/* 1382 */ 
0x00,0x00,0x18,0x00,0xF8,0x7F,0x6C,0x60,0xEC,0x7F,0x6C,0x60,0x6C,0x60,0xEE,0x7F,
0x6F,0x60,0xEC,0x7F,0x6C,0x60,0x6C,0x60,0xCC,0xFF,0xCC,0x30,0x6C,0x60,0x3C,0xC0,
/* 1383 */ 
0x00,0x00,0x30,0x00,0x30,0x00,0xF8,0xFF,0x0C,0xC0,0x0C,0xC0,0xFE,0xCF,0x18,0xCC,
0x18,0xCC,0x18,0xCC,0x18,0xCC,0x18,0xCC,0xF8,0xCF,0x00,0x60,0x00,0x60,0x80,0x77,
/* 1384 */ 
0x00,0x00,0x00,0x00,0x8C,0x3F,0xCC,0x60,0xFE,0x7F,0xFE,0x60,0xFE,0x60,0xFE,0x7F,
0xEF,0x60,0xCF,0x7F,0xCC,0x60,0xEC,0xFF,0x0C,0x00,0x8C,0x31,0xCC,0x60,0x60,0xC0,
/* 1385 */ 
0x00,0x00,0x18,0x00,0x98,0xFF,0xDE,0x01,0xFE,0x01,0xFE,0x3F,0xBE,0xE1,0x9E,0xC1,
0x9E,0xC1,0x98,0xC1,0xB8,0xC1,0xB8,0x7F,0xF8,0x01,0xEC,0x01,0xEC,0x01,0xC6,0xFF,
/* 1386 */ 
0x00,0x00,0x00,0x00,0xFC,0xC7,0x0C,0xDE,0x0C,0xDE,0xFC,0xDF,0xCC,0xD8,0xCC,0xD8,
0xFC,0xDB,0xCC,0xD8,0xFC,0xDF,0x1E,0xDE,0x1E,0xDE,0x1E,0xC6,0x1E,0xC6,0xF3,0xFF,
/* 1387 */ 
0x00,0x00,0x00,0x00,0xD8,0x7F,0xD8,0x60,0xFE,0x60,0x98,0x7F,0x18,0x00,0xD8,0xFF,
0xD8,0xC0,0xF8,0xFF,0xDE,0xC0,0xD8,0xC0,0xD8,0xFF,0xD8,0xC0,0xD8,0xC0,0xDE,0x7C,
/* 1388 */ 
0x00,0x00,0x00,0x00,0x7E,0x0C,0xC6,0x7F,0xC6,0x6F,0x7E,0x7B,0x00,0x63,0x7C,0x7B,
0xC6,0x03,0xC6,0x7F,0xFE,0xC0,0xC6,0xC0,0xFE,0xFF,0xC6,0x60,0xC6,0x60,0x7E,0x6C,
/* 1389 */ 
0x00,0x00,0x00,0x00,0x8C,0x7F,0x8C,0x61,0xFE,0x61,0xEC,0x61,0x6C,0x3F,0xE6,0xFF,
0xE6,0xC0,0xE6,0xC0,0xFC,0xFF,0xF8,0xC0,0xF0,0xFF,0xF8,0xC0,0xCC,0xC0,0xC6,0xF8,
/* 1390 */ 
0x00,0x00,0x18,0x03,0x78,0x63,0xCC,0x33,0x0C,0x1B,0xEC,0x7F,0x0C,0x03,0xFE,0xFF,
0xCE,0x30,0xCF,0x3F,0xEC,0x79,0xFC,0xD8,0xCC,0x18,0xCC,0xDE,0xCC,0xC0,0x8C,0x7F,
/* 1391 */ 
0x00,0x00,0x00,0x00,0xB8,0x19,0xE0,0x0D,0xFC,0x7F,0xC0,0x00,0xFE,0xFF,0x60,0x18,
0xF0,0x3F,0x3C,0x78,0x36,0xD8,0xF0,0x1F,0x30,0x18,0xF0,0x1F,0x30,0x18,0xF0,0x1F,
/* 1392 */ 
0x00,0x00,0x00,0x00,0xB8,0x31,0xE0,0x19,0x80,0x0D,0xF8,0x3F,0xC0,0x00,0xFE,0xFF,
0x60,0x18,0x30,0x38,0xF8,0x6F,0x3E,0xCC,0x30,0x0C,0x30,0x6F,0x30,0x60,0xF0,0x3F,
/* 1393 */ 
0x00,0x00,0x00,0x00,0x98,0x7F,0x98,0x61,0x8C,0x61,0x6C,0x7F,0x3E,0x00,0xB0,0xFF,
0x98,0xC1,0x8C,0xFF,0xFE,0xC1,0x8C,0xC1,0x80,0xFF,0xE0,0xC1,0xBC,0xC1,0x80,0xF9,
/* 1394 */ 
0x00,0x00,0x00,0x00,0xEC,0xFF,0xEC,0x1E,0xFE,0x1F,0x6C,0xFB,0xEC,0xFF,0xEC,0xFF,
0xFC,0x37,0xEE,0x37,0xEC,0x37,0xEC,0x7F,0xEC,0x7B,0xBC,0xCD,0xBC,0xCD,0xFE,0x86,
/* 1395 */ 
0x00,0x00,0x00,0x00,0xEC,0xFF,0xEC,0xFF,0xFE,0xFF,0x6C,0xCF,0xCC,0x7F,0xCC,0x7F,
0xEC,0x06,0xFC,0x3F,0xCE,0x7F,0xCC,0xFF,0xEC,0x3F,0x8C,0x31,0x0C,0x1F,0xFE,0xFF,
/* 1396 */ 
0x00,0x00,0x00,0x06,0x18,0x06,0x18,0x06,0xD8,0x7F,0x7E,0x66,0x18,0x66,0x18,0x66,
0x78,0x66,0xFC,0xFF,0x1F,0x06,0x18,0x0F,0x18,0x1B,0x98,0x39,0xD8,0x60,0x7F,0xC0,
/* 1397 */ 
0x00,0x00,0x00,0x00,0xD8,0x7F,0xD8,0xC0,0xD8,0xFF,0xFE,0x00,0xD8,0xD8,0xD8,0xDB,
0xD8,0xDB,0xF8,0xDB,0xDE,0x7E,0xD8,0xDB,0xD8,0xDB,0x78,0xDB,0x78,0xDB,0x1E,0xFF,
/* 1398 */ 
0x00,0x00,0x18,0x00,0xF8,0x7F,0x6C,0x60,0x6C,0x60,0xEC,0x7F,0xEC,0x6D,0xEE,0x6D,
0xEE,0x6D,0xEC,0x6D,0x6C,0x7F,0xFC,0xCC,0xFC,0xCC,0xFC,0xCC,0xFC,0xCC,0x8C,0xFF,
/* 1399 */ 
0x00,0x00,0x00,0x38,0xFC,0x0F,0x98,0x19,0xB0,0x19,0xFC,0x7F,0xCC,0x66,0xF8,0x3F,
0xF8,0x30,0x8C,0xFF,0xFC,0x31,0x8C,0x37,0xFC,0x3C,0xCC,0x30,0xCC,0x30,0xFC,0x3F,
/* 1400 */ 
0x00,0x00,0x00,0x00,0x98,0x31,0x30,0x1B,0x00,0x0C,0xFE,0xFF,0x06,0xC0,0xF6,0xDF,
0x98,0x19,0x98,0x19,0x98,0x19,0x98,0x1B,0xC0,0x03,0xC0,0xC3,0x70,0x63,0x1E,0x7F,
/* 1401 */ 
0x00,0x00,0x00,0x03,0x06,0x03,0x0C,0x03,0xEC,0x7F,0x0C,0x63,0x18,0x63,0x00,0x63,
0x00,0x63,0xF8,0xFF,0x18,0x07,0x0C,0x0F,0x8C,0x0D,0xCC,0x18,0x66,0x70,0x3E,0xC0,
/* 1402 */ 
0x00,0x00,0x00,0x06,0x0C,0x06,0x18,0x06,0xC0,0x7F,0x00,0x66,0x0E,0x66,0x18,0x66,
0x18,0x66,0xF8,0xFF,0x18,0x0E,0x18,0x0F,0x18,0x1B,0xF8,0x31,0xF8,0x60,0x60,0xC0,
/* 1403 */ 
0x00,0x00,0x00,0x06,0x18,0x3F,0x18,0x33,0xEC,0x19,0xE6,0x3F,0xBE,0xED,0xB0,0xCD,
0x98,0xCD,0x98,0xCD,0xEC,0x7F,0xBE,0x01,0x80,0x01,0x80,0xC1,0xFC,0xC1,0x86,0xFF,
/* 1404 */ 
0x00,0x00,0x80,0x01,0x98,0x01,0x98,0xFF,0x98,0xC1,0xD8,0xC0,0xFE,0xC3,0xD8,0xCE,
0x18,0xD8,0x18,0xF0,0x18,0xD8,0x18,0xCE,0xF8,0xC3,0xF8,0x60,0x0C,0x60,0x06,0x3F,
/* 1405 */ 
0x00,0x00,0x00,0x00,0x60,0x0C,0xFE,0xFF,0x60,0x0C,0x00,0x00,0xFC,0x7F,0x06,0x7E,
0xF6,0x63,0x86,0x61,0xFE,0x7F,0xC6,0x67,0xE6,0x6D,0xBE,0x79,0x86,0x71,0xFC,0x7F,
/* 1406 */ 
0x00,0x00,0x00,0x00,0x0C,0x03,0xFC,0xFF,0x06,0xC3,0x86,0xC1,0x83,0xCD,0xF8,0xD8,
0x18,0xF0,0x18,0xC0,0xFE,0xF0,0x18,0xDC,0x18,0xC7,0x18,0xC0,0xF8,0xC0,0x30,0x7E,
/* 1407 */ 
0x00,0x00,0x00,0x00,0xFE,0xFF,0x66,0xC0,0x66,0xC0,0xFE,0xFF,0xE0,0x01,0x30,0x03,
0x30,0x03,0xF8,0x7F,0x00,0x03,0x00,0x03,0xFE,0xFF,0x00,0x03,0x00,0x03,0x00,0x03,
/* 1408 */ 
0x00,0x00,0x00,0x00,0xFC,0x7F,0x80,0x61,0x80,0x61,0xFE,0xFF,0x80,0x61,0xC0,0x60,
0xFC,0x3F,0x60,0x00,0xF0,0x1F,0x1C,0x70,0x1E,0x60,0x18,0x60,0x18,0x60,0xF0,0x3F,
/* 1409 */ 
0x00,0x00,0x00,0x06,0x18,0x06,0x7E,0x33,0xFE,0x71,0xFE,0xDF,0x7E,0x33,0xFE,0x61,
0xFE,0xC3,0x7E,0x7F,0xFE,0x63,0xFE,0x33,0x7E,0x36,0x7E,0x1C,0x7E,0x1E,0xFE,0xF3,
/* 1410 */ 
0x00,0x00,0x18,0x03,0x98,0x19,0xCC,0x30,0x6C,0x78,0xCC,0xCF,0x8C,0x31,0xCE,0x60,
0xEE,0xC1,0x8F,0x7F,0xCC,0x60,0xEC,0x31,0x3C,0x1B,0x0C,0x0E,0x8C,0x3B,0xFC,0xE0,
/* 1411 */ 
0x00,0x00,0x00,0x00,0x00,0x3B,0x98,0x31,0xFE,0x7F,0x30,0xDB,0x36,0x33,0xB6,0x61,
0xF6,0xC3,0x3C,0x7F,0xBC,0x63,0xBC,0x33,0x3C,0x1E,0x3C,0x1C,0x70,0x3E,0x9E,0xE3,
/* 1412 */ 
0x00,0x00,0x00,0x03,0x0E,0x1F,0x98,0x31,0xD8,0x7E,0x80,0xDB,0x86,0x31,0xCC,0x60,
0xF8,0xC1,0x98,0x7F,0xD8,0x60,0xF8,0x31,0x3C,0x1F,0x0C,0x0E,0x86,0x1B,0xFE,0xF0,
/* 1413 */ 
0x00,0x00,0x00,0x00,0xFC,0x7D,0x30,0xCF,0x30,0x6F,0xFE,0x6F,0x30,0x6F,0x30,0x6F,
0xFE,0x6D,0x18,0xCC,0xFC,0xCD,0x0E,0xCF,0x0C,0xCF,0x0C,0xCF,0x0C,0x7F,0xF8,0x0D,
/* 1414 */ 
0x00,0x00,0x00,0x00,0x7E,0x36,0x60,0x63,0xE6,0xFF,0x66,0x36,0x36,0x63,0x36,0xC3,
0xFE,0x07,0xC0,0x7E,0xC0,0x67,0xF0,0x6D,0xDF,0x3C,0xC0,0x38,0x60,0x6E,0xB8,0xC3,
/* 1415 */ 
0x00,0x00,0x00,0x06,0x1C,0x06,0xF6,0xFF,0x76,0xC3,0x76,0xFF,0xB6,0x31,0xF6,0x3B,
0x76,0x1E,0x36,0x1E,0xF6,0x73,0xF6,0xFF,0xF6,0x60,0xF6,0x60,0xF6,0x60,0xDC,0x7F,
/* 1416 */ 
0x00,0x00,0x80,0x01,0x80,0x01,0x9E,0x71,0xFE,0xDF,0xDE,0xDE,0xDE,0xDE,0xDE,0xDE,
0xDE,0xDE,0xDE,0xDE,0xDE,0xDE,0xDE,0xDE,0xDE,0xDE,0x7E,0xDE,0x7E,0xDE,0xF0,0x73,
/* 1417 */ 
0x00,0x00,0x80,0x01,0x80,0x01,0x80,0x7F,0x80,0x01,0x80,0x01,0x80,0x01,0xFE,0xFF,
0x80,0x01,0x80,0x01,0x80,0x07,0x80,0x1D,0x80,0x71,0x80,0x01,0x80,0x01,0x80,0x01,
/* 1418 */ 
0x00,0x00,0x00,0x00,0x9E,0x01,0x9E,0x7F,0xDE,0x31,0x7E,0x1B,0x1E,0x0E,0x1E,0x1F,
0xFE,0xF1,0xBE,0x7F,0xDE,0x60,0xDE,0x60,0xDE,0x60,0xDE,0x60,0xDE,0x60,0xC0,0x7F,
/* 1419 */ 
0x00,0x00,0x00,0x00,0xFC,0x7F,0x30,0x18,0x30,0x18,0x30,0x18,0x30,0x18,0x30,0x18,
0xFE,0xFF,0x30,0x18,0x30,0x18,0x30,0x18,0x30,0x18,0x18,0x18,0x18,0x18,0x0C,0x18,
/* 1420 */ 
0x00,0x00,0x18,0x00,0xD8,0xCC,0xD8,0x6F,0xD8,0x3C,0xFE,0x0C,0xD8,0xCE,0xD8,0xFB,
0x18,0x66,0xB8,0x7F,0xDE,0xC0,0xD8,0xC0,0xD8,0xFF,0xD8,0xC0,0xD8,0xC0,0xDE,0x7F,
/* 1421 */ 
0x00,0x00,0x00,0x00,0xCC,0x0C,0xCC,0x6F,0xFF,0x38,0xCC,0xCC,0xDC,0xCE,0xDC,0xFB,
0x3E,0x06,0xBE,0x7F,0xCE,0xC0,0xCF,0xC0,0xCC,0xFF,0xCC,0xC0,0xCC,0xC0,0xC0,0x7F,
/* 1422 */ 
0x00,0x00,0x00,0x00,0xC6,0x3E,0xDE,0x33,0xDE,0x33,0xDE,0x33,0xFE,0x33,0x00,0x33,
0xFE,0x33,0xC0,0x33,0xC0,0x33,0x7E,0x33,0x06,0x33,0xC6,0xF3,0xF6,0xF1,0x9E,0xE1,
/* 1423 */ 
0x00,0x00,0x00,0x00,0xCC,0xFF,0x6C,0x33,0x7E,0x3F,0xFE,0x3F,0x7E,0x3F,0x7E,0x3F,
0xEF,0xFD,0x6F,0x30,0xEF,0x31,0x6C,0x3B,0x6C,0x3F,0xEC,0xBD,0xEC,0xFC,0x0C,0xF6,
/* 1424 */ 
0x00,0x00,0x00,0x00,0xFE,0x01,0x30,0x66,0x30,0x66,0x30,0x66,0x30,0x66,0x30,0x66,
0xFE,0x67,0x30,0x66,0x30,0x66,0x30,0x66,0x30,0x60,0x30,0x60,0x30,0x66,0x30,0x7C,
/* 1425 */ 
0x00,0x00,0x80,0x01,0x8C,0x61,0xEC,0xFF,0x8C,0x61,0x8C,0x7F,0xBE,0x61,0x8C,0x61,
0x8C,0x7F,0x8C,0x61,0xEC,0xFF,0xCC,0x1E,0xFC,0x33,0xDC,0x63,0xC7,0x61,0xC0,0xFF,
/* 1426 */ 
0x00,0x00,0x00,0x18,0x8C,0x19,0xFE,0x1B,0x8C,0xFF,0xFC,0xD9,0x8C,0xD9,0x8C,0xD9,
0xFC,0xD9,0x8C,0xCD,0xFE,0xCF,0xFC,0xCC,0xBC,0xCD,0x9C,0xC7,0x0C,0xC6,0xF8,0x7F,
/* 1427 */ 
0x00,0x00,0x00,0x00,0x8C,0x01,0x8C,0x7F,0x8C,0xC7,0xFE,0xC6,0xEC,0x66,0xCC,0x66,
0x6C,0x66,0x0C,0x0E,0x0C,0x0E,0x6C,0x0F,0x3C,0x1B,0x9C,0x31,0xC7,0x60,0x60,0xC0,
/* 1428 */ 
0x00,0x00,0x00,0x03,0x7E,0x03,0x18,0x7F,0x18,0x6F,0x0C,0x6F,0x8C,0x6D,0xFC,0x6D,
0xEE,0x6C,0x6F,0x1C,0x6C,0x1C,0x6C,0x1C,0x6C,0x36,0x6C,0x66,0x6C,0x63,0xBC,0xC1,
/* 1429 */ 
0x00,0x00,0x00,0x00,0xFC,0x7F,0x00,0x03,0xFE,0xFF,0x80,0x01,0xFE,0xFF,0xC0,0x00,
0xF0,0x1F,0x18,0x70,0x1E,0x60,0xF8,0x7F,0x18,0x60,0xF8,0x7F,0x18,0x60,0xF8,0x7F,
/* 1430 */ 
0x00,0x00,0x80,0x01,0x80,0x01,0xFC,0x7F,0x06,0x03,0xF6,0x7F,0x06,0x63,0xFE,0xFF,
0x06,0x63,0xF6,0x7F,0x1E,0x63,0x76,0x37,0xC6,0x1F,0x66,0x1B,0x3E,0x33,0xEC,0xE3,
/* 1431 */ 
0x00,0x00,0x00,0x06,0x0C,0x06,0xEC,0xFF,0x6E,0x0C,0x7E,0x7F,0x7E,0x6C,0xFE,0xFF,
0x6F,0x6C,0x6F,0x3F,0xEC,0x6C,0xEC,0x7D,0x6C,0x1F,0x3C,0x3F,0xBC,0x6D,0xFC,0xCF,
/* 1432 */ 
0x00,0x00,0x00,0x0C,0x18,0x0C,0xFE,0xFF,0xFE,0x0C,0xFE,0x7E,0xFC,0x6C,0xD8,0x7F,
0xFE,0x6C,0xD8,0x3E,0xFC,0xDF,0xFC,0x7F,0xFE,0x3E,0xD8,0x6F,0xF8,0xCD,0xF8,0x0F,
/* 1433 */ 
0x00,0x00,0x00,0x00,0xD8,0xFF,0x18,0x0C,0x18,0x0C,0x7E,0x0C,0x18,0x0C,0x18,0x0C,
0x18,0x0C,0x78,0x0C,0x1E,0x0C,0x18,0x0C,0x18,0x0C,0x18,0x0C,0x18,0x0C,0xDE,0xFF,
/* 1434 */ 
0x00,0x00,0x00,0x00,0x18,0x06,0x18,0x0C,0xD8,0xFF,0x7E,0x00,0x18,0x00,0x98,0x3F,
0xF8,0x31,0xB8,0x31,0x9C,0x31,0x9E,0x31,0x98,0xB1,0x98,0xB1,0xD8,0xF0,0x7E,0xF0,
/* 1435 */ 
0x00,0x00,0x80,0x01,0x80,0x01,0x00,0x03,0xFE,0xFF,0x00,0x00,0xF0,0x0F,0x18,0x18,
0x18,0x18,0x18,0x18,0x18,0x18,0x18,0xD8,0x18,0xD8,0x18,0xD8,0x0C,0xD8,0x06,0xF8,
/* 1436 */ 
0x00,0x00,0x00,0x06,0x18,0x06,0x78,0x0C,0xFE,0xFF,0x7E,0x00,0x3E,0x0E,0xBE,0x3B,
0x9E,0x31,0x98,0x31,0x98,0x31,0xB8,0x31,0xB8,0xF1,0xEC,0xF1,0xCC,0xF0,0x66,0xF0,
/* 1437 */ 
0x00,0x00,0x80,0x01,0x80,0xC1,0xFC,0x7F,0x80,0x31,0x80,0x19,0xFE,0xFF,0x00,0x07,
0x80,0x01,0xF0,0x7F,0xDE,0x00,0xC0,0x3F,0x00,0x60,0x00,0x60,0x00,0x60,0xE0,0x39,
/* 1438 */ 
0x00,0x00,0x00,0x00,0x18,0x06,0xD8,0x7F,0x18,0x36,0x7F,0x1E,0x18,0x0E,0xF8,0xFF,
0x38,0x03,0xFC,0xFF,0xFF,0x01,0x18,0x3F,0x18,0x60,0x18,0x60,0x18,0x60,0x8E,0x3F,
/* 1439 */ 
0x00,0x00,0x00,0x00,0x18,0xC6,0xFE,0x7F,0x7E,0x66,0x3E,0x36,0x3E,0x1E,0xFE,0xFF,
0x1E,0x07,0x98,0xFF,0xF8,0x03,0x38,0x3F,0x3C,0xE0,0x3C,0xC0,0x66,0x60,0x86,0x77,
/* 1440 */ 
0x00,0x00,0x00,0x00,0xF8,0x7F,0x0C,0x03,0xFE,0xFF,0x00,0x00,0xFC,0x7F,0x0C,0x60,
0xFC,0x7F,0xC0,0x06,0xFC,0x7E,0xC0,0x06,0xFC,0x7E,0xC0,0x06,0xFE,0xFE,0xC0,0x06,
/* 1441 */ 
0x00,0x00,0x00,0x00,0xD8,0xFF,0x18,0x60,0x18,0x60,0xFF,0x6F,0xD8,0x6C,0xD8,0x6C,
0xD8,0x6C,0xD8,0x6C,0xD8,0x6C,0xF8,0x6C,0xD8,0x6C,0x8E,0x67,0x00,0x60,0x00,0x7E,
/* 1442 */ 
0x00,0x00,0x00,0x00,0x30,0x0C,0xFE,0xFF,0x30,0x0C,0x00,0x00,0xFE,0xFF,0x00,0x30,
0xF8,0x37,0x0C,0x36,0x0C,0x36,0x0C,0x36,0x0C,0x36,0xF8,0x33,0x00,0x30,0xC0,0x3F,
/* 1443 */ 
0x00,0x00,0x18,0x00,0x18,0x00,0xD8,0xFF,0x3E,0x60,0xF8,0x6F,0xDC,0x6C,0xFC,0x6C,
0xFE,0x6C,0xFE,0x6C,0xDE,0x6C,0xDB,0x6C,0xD8,0x6F,0x18,0x60,0x18,0x60,0x18,0x7E,
/* 1444 */ 
0x00,0x00,0x18,0x00,0xD8,0xFF,0xD8,0xCC,0xFE,0xCC,0xD8,0xFF,0xD8,0xCC,0xFC,0xFF,
0x3C,0x0C,0xDE,0xFF,0x1E,0x0C,0x1E,0x1E,0x18,0x3F,0x98,0x6D,0xD8,0xCC,0x78,0x0C,
/* 1445 */ 
0x00,0x00,0x00,0x0C,0x7E,0x0C,0x0C,0x7F,0x0C,0x0C,0xCC,0xFF,0x1C,0x36,0x7C,0x73,
0xEE,0x7F,0x6F,0xC0,0xEC,0x7F,0xEC,0x7F,0xEC,0x7F,0xEC,0x7F,0xFC,0x7F,0xC0,0xFF,
/* 1446 */ 
0x00,0x00,0x00,0x00,0xFE,0xFF,0xB6,0x19,0xB6,0x3D,0xFE,0x67,0xB6,0x63,0xB6,0x7B,
0xFC,0x7B,0x30,0x7B,0xFE,0x7B,0x78,0x7B,0xF8,0x1C,0xFC,0x3C,0xB6,0x67,0x30,0xC3,
/* 1447 */ 
0x00,0x00,0x00,0x00,0x7E,0x63,0x18,0x66,0x18,0x6C,0x18,0x78,0xFE,0x71,0x38,0x63,
0x78,0x66,0x7C,0x6C,0xDC,0x60,0x1E,0xF0,0xD8,0x7F,0x18,0x60,0x18,0x60,0x18,0x60,
/* 1448 */ 
0x00,0x00,0x80,0x01,0x80,0x01,0xFE,0x7F,0x80,0x01,0xFC,0x3F,0x00,0x00,0xFC,0x7F,
0x06,0xC0,0xC6,0xC7,0x70,0x0C,0x30,0x0C,0x30,0x0C,0x30,0xCC,0x30,0xCC,0x18,0xFC,
/* 1449 */ 
0x00,0x00,0x00,0x00,0x1C,0x06,0xF6,0xFF,0x36,0x1B,0x36,0x33,0xB6,0x19,0xF6,0x78,
0xF6,0x6F,0x36,0x66,0x36,0x33,0xB6,0x39,0xF6,0x1C,0x36,0x3E,0xB6,0x63,0xFE,0xC0,
/* 1450 */ 
0x00,0x00,0x00,0x00,0xFE,0xFF,0x00,0x60,0x00,0x60,0xFC,0x67,0x0C,0x6C,0x0C,0x6C,
0x0C,0x6C,0x0C,0x6C,0x0C,0x6C,0xFC,0x67,0x18,0x60,0x00,0x60,0x00,0x60,0x80,0x3F,
/* 1451 */ 
0x00,0x00,0x00,0x00,0xEC,0x7F,0x78,0xC0,0xF8,0xFF,0x60,0xC0,0xE7,0x7F,0xCC,0x01,
0x98,0x7F,0xC0,0xCC,0x78,0xC6,0x78,0xDF,0xEC,0xF1,0x6C,0xC0,0xC6,0xDF,0x06,0x7C,
/* 1452 */ 
0x00,0x00,0x80,0x01,0x80,0x01,0xFC,0x7F,0x80,0x01,0xF8,0x3F,0x0C,0x60,0x0C,0x60,
0x0C,0x60,0x0C,0x60,0xF8,0x3F,0x60,0x06,0x60,0xC6,0x30,0xC6,0x18,0xC6,0x0E,0xFC,
/* 1453 */ 
0x00,0x00,0x60,0x00,0x60,0xC0,0xFE,0xDF,0x60,0xD8,0x30,0xDB,0x98,0xD9,0x8C,0xD9,
0xFE,0xDE,0x60,0xDE,0x30,0xDB,0x18,0xDB,0x8E,0xD9,0xE0,0xC3,0x38,0xC6,0x0E,0xFE,
/* 1454 */ 
0x00,0x00,0x80,0x01,0x00,0x03,0xFE,0xFF,0x66,0xC0,0xE6,0xDF,0x76,0xD8,0xDC,0x1C,
0x80,0x07,0xE0,0x0F,0x3E,0xF8,0xF8,0x3F,0x18,0x30,0x18,0x30,0x18,0x30,0xF8,0x3F,
/* 1455 */ 
0x00,0x00,0x00,0x00,0xCC,0x7F,0xD8,0x6C,0xF0,0x6C,0xC0,0x7F,0xCE,0x6C,0xCC,0x7F,
0x0C,0x0C,0x0C,0x0C,0xCC,0xFF,0x0C,0x1E,0x6C,0x3F,0xFC,0x6D,0x78,0xCC,0x00,0x0C,
/* 1456 */ 
0x00,0x00,0x00,0x00,0x98,0x01,0x98,0x7F,0x98,0x01,0xFE,0xFF,0x00,0x00,0xF8,0x3F,
0x18,0x60,0xF8,0x7F,0x18,0x60,0x18,0x60,0xF8,0x7F,0x18,0x60,0x18,0x60,0x18,0x3E,
/* 1457 */ 
0x00,0x00,0x00,0x0C,0x00,0x0C,0xBE,0x7D,0xB6,0x0D,0xB6,0x0D,0xF6,0xFF,0xB6,0x7F,
0xF6,0x60,0xF6,0x60,0xF6,0x7F,0xF6,0x60,0xF6,0x7F,0xF6,0x60,0xF6,0x60,0xDC,0x7C,
/* 1458 */ 
0x00,0x00,0x00,0x00,0xF8,0x3F,0x0C,0x30,0xFC,0x3F,0x0C,0x30,0xFC,0x3F,0x8C,0x71,
0x0C,0x1F,0xCC,0x06,0xF8,0x3D,0x80,0xE1,0xFC,0x7F,0x80,0x01,0x80,0x01,0xFE,0xFF,
/* 1459 */ 
0x00,0x00,0x00,0x00,0xF8,0x3F,0x0C,0x30,0xF8,0x3F,0x0C,0x30,0xF8,0x3F,0x8C,0x31,
0x0C,0x1F,0xCC,0x0D,0x78,0xF8,0xEC,0x31,0x6C,0x63,0x6C,0x7E,0x66,0xD8,0xE6,0xCF,
/* 1460 */ 
0x00,0x00,0x00,0x00,0x0C,0x03,0x0C,0x06,0xEC,0x7F,0x3F,0x00,0x0C,0x0F,0x8C,0x19,
0x8C,0x19,0x8C,0x19,0x8C,0x19,0xFC,0xD9,0x9C,0xD9,0xC7,0xD8,0xE0,0xD8,0x38,0x78,
/* 1461 */ 
0x00,0x00,0x00,0x00,0x00,0x06,0x3E,0x06,0xF6,0x7F,0x36,0x00,0xB6,0x1F,0xB6,0x19,
0xB6,0x19,0xB6,0x19,0xB6,0x19,0xB6,0xD9,0xB6,0xD9,0xF6,0xD8,0xDC,0xD8,0x60,0xF0,
/* 1462 */ 
0x00,0x00,0x00,0x00,0x80,0x01,0xFC,0x7F,0x06,0xC0,0x66,0xC6,0x36,0x6C,0x18,0x78,
0x0C,0x30,0x00,0x00,0xFC,0x7F,0x80,0x01,0x80,0x01,0x80,0x01,0x80,0x01,0xFE,0xFF,
/* 1463 */ 
0x00,0x00,0x00,0x00,0x7E,0x3F,0x98,0x33,0x98,0x37,0x98,0x37,0x98,0xBD,0xF8,0xFD,
0xCE,0xF8,0xE0,0xE1,0xB8,0x31,0x6C,0x63,0x6C,0x7B,0x6C,0xDE,0x66,0xD8,0xE0,0x1F,
/* 1464 */ 
0x00,0x00,0x00,0x00,0xFC,0x07,0x80,0x07,0xC0,0x06,0x60,0x06,0x38,0x06,0x30,0x06,
0xE0,0x07,0xF0,0x06,0xDE,0x06,0xC0,0xC6,0xC0,0xC6,0xC0,0xC6,0x60,0xC6,0x3C,0x7C,
/* 1465 */ 
0x00,0x00,0x00,0x00,0x0C,0x06,0x0C,0x06,0xEC,0xFF,0x7E,0xDF,0xEC,0x79,0xCC,0x31,
0xFC,0x60,0x1C,0x00,0x8C,0x3F,0x0E,0x06,0x0C,0x06,0x0C,0x06,0x0C,0x06,0xFE,0xFF,
/* 1466 */ 
0x00,0x00,0x18,0x00,0x98,0xFF,0xD8,0x00,0xD8,0xC0,0xFC,0x63,0xD8,0x66,0xD8,0x3C,
0xD8,0x3C,0xF8,0x18,0xDE,0x3C,0xD8,0x3C,0xD8,0x66,0xD8,0xC3,0xD8,0x00,0xDE,0xFF,
/* 1467 */ 
0x00,0x00,0x00,0x00,0xFC,0x7F,0x06,0x60,0x06,0x60,0x06,0x60,0x06,0x60,0x06,0x60,
0x06,0x60,0x06,0x60,0x06,0x60,0x06,0x60,0x06,0x60,0x06,0x60,0x06,0x60,0xFC,0x3F,
/* 1468 */ 
0x00,0x00,0x30,0x00,0x30,0x7E,0x30,0xC3,0xFE,0xC3,0x30,0xC3,0x30,0xC3,0x30,0xC3,
0xF0,0xC3,0x70,0xC3,0x3E,0xC3,0x30,0xC3,0x30,0xC3,0x30,0xC3,0x30,0xC3,0x1C,0x7E,
/* 1469 */ 
0x00,0x00,0x80,0x01,0x80,0x01,0xFE,0xFF,0x06,0xC6,0xFE,0xC6,0x00,0x7E,0x00,0x06,
0xFE,0x1F,0x78,0x30,0x78,0x33,0x6C,0x1E,0x6C,0x1C,0x6C,0xF6,0xE6,0xE3,0xE7,0xFF,
/* 1470 */ 
0x00,0x00,0x18,0x00,0x18,0x0C,0x18,0x0C,0x18,0x0C,0xBC,0xFF,0x38,0x0C,0x38,0x0C,
0x7C,0x0C,0xDC,0x7F,0x9E,0x61,0x9E,0x61,0x98,0x61,0x98,0x61,0x98,0x61,0x98,0x7F,
/* 1471 */ 
0x00,0x00,0x00,0x00,0xFE,0x7F,0xC6,0x63,0xC6,0x63,0xC6,0x63,0xC6,0x63,0xFC,0x3F,
0x80,0x3D,0x80,0x01,0xFE,0x7F,0xC0,0x06,0xC0,0x0E,0x60,0x1C,0x38,0x30,0x0E,0xE0,
/* 1472 */ 
0x00,0x00,0x00,0x00,0x80,0x01,0xFE,0xFF,0x66,0xCE,0x3E,0xD8,0x06,0x70,0xFC,0x7F,
0x0C,0x60,0xFC,0x7F,0x3C,0x66,0x3C,0x66,0xFC,0x7F,0x1C,0xC6,0x1E,0xC6,0xF6,0xFF,
/* 1473 */ 
0x00,0x00,0x00,0x00,0x30,0x18,0xFE,0xFF,0x30,0x18,0x30,0x1B,0x00,0x03,0xFE,0xFF,
0x00,0x03,0x00,0x03,0xF8,0x3F,0x0C,0x60,0x0C,0x60,0x0C,0x60,0x0C,0x60,0xF8,0x7F,
/* 1474 */ 
0x00,0x00,0x00,0x00,0xFE,0x1B,0x38,0xFF,0x38,0x1B,0xFE,0x1B,0xFE,0x19,0xFE,0x18,
0xFE,0xFF,0xFE,0x00,0xEE,0x7F,0xC6,0xC3,0xFE,0xC3,0xC6,0xC3,0xC6,0xC3,0xFE,0x7F,
/* 1475 */ 
0x00,0x00,0x00,0x03,0x00,0x03,0xFC,0xFF,0x8C,0x01,0x8C,0x01,0xFC,0xFF,0xCC,0x06,
0x6C,0x06,0xEC,0x7F,0xCC,0x06,0x0C,0x06,0x0C,0x06,0xFE,0xFF,0x06,0x06,0x06,0x06,
/* 1476 */ 
0x00,0x00,0x0C,0x0C,0x0C,0x0C,0xD8,0xFF,0xC0,0x0C,0xFC,0xFF,0xF0,0x0C,0xF8,0x1E,
0xFC,0x1E,0xFE,0xFF,0xEF,0x1E,0xEC,0x18,0xCC,0xFF,0x6C,0x18,0x6C,0x18,0x6C,0x18,
/* 1477 */ 
0x00,0x00,0x00,0x00,0x80,0x01,0xFE,0xFF,0xC0,0x06,0x60,0x1C,0x3E,0x70,0xF0,0xDF,
0x00,0x00,0xFE,0xFF,0x60,0x00,0xE0,0x3F,0x00,0x60,0x00,0x60,0x00,0x30,0x80,0x1F,
/* 1478 */ 
0x00,0x00,0x00,0x00,0x0C,0x06,0xEC,0xFF,0x0C,0x1B,0xBE,0x31,0xCC,0x60,0xFC,0xFF,
0x0C,0x00,0xFC,0xFF,0x8C,0x01,0xBC,0x3F,0x1C,0x60,0x0C,0x60,0x07,0x60,0x80,0x3F,
/* 1479 */ 
0x00,0x00,0x18,0x0C,0x18,0x06,0xD8,0xFF,0x3E,0x36,0x18,0x73,0xD8,0xFF,0x18,0x00,
0xD8,0xFF,0x78,0x03,0x1E,0x03,0x18,0x7F,0x18,0x60,0x18,0x60,0x18,0x60,0x9E,0x7F,
/* 1480 */ 
0x00,0x00,0x00,0x00,0x7E,0x0C,0xE6,0x7F,0x66,0x36,0x66,0x63,0xE6,0xC1,0xFC,0x1F,
0xD8,0xFF,0x1C,0x06,0xFC,0x03,0x1C,0x7E,0x1C,0xC0,0xDC,0x60,0x7C,0x60,0x0E,0x7F,
/* 1481 */ 
0x00,0x00,0x00,0x06,0x3E,0x06,0xF6,0xFF,0x36,0x1B,0xB6,0x31,0xFE,0xFF,0xF6,0x01,
0x36,0x00,0xF6,0xFF,0x3E,0x03,0xB6,0x7F,0x36,0xC0,0x36,0x60,0x36,0x60,0xBF,0x77,
/* 1482 */ 
0x00,0x00,0x00,0x00,0x18,0x03,0x18,0x03,0xD8,0x7F,0x18,0x63,0x3E,0x63,0x18,0x63,
0x18,0x63,0xF8,0xFF,0x18,0x0F,0x18,0x0F,0xF8,0x19,0x9C,0x19,0xC6,0x30,0x70,0xE0,
/* 1483 */ 
0x00,0x00,0x18,0x06,0x0C,0x06,0xFC,0x7F,0xB6,0x19,0xF8,0x1F,0x38,0x06,0xFE,0x7F,
0x7E,0x66,0x7E,0x66,0x1E,0x66,0xDE,0xFF,0x18,0x0F,0x18,0x1B,0x98,0x31,0xF8,0xE0,
/* 1484 */ 
0x00,0x00,0x00,0x00,0x18,0x0F,0x98,0x19,0x98,0x39,0xEC,0x60,0xFC,0xFF,0x0E,0x00,
0x0E,0x00,0x0C,0x00,0xEC,0x7F,0x8C,0x01,0x8C,0x31,0xCC,0x60,0xCC,0x7C,0x8C,0x67,
/* 1485 */ 
0x00,0x00,0x18,0x06,0x18,0x06,0x18,0x06,0xFE,0x7F,0x3E,0x66,0x7E,0x66,0x7B,0x66,
0x1B,0x66,0xFB,0xFF,0x18,0x0E,0x18,0x1B,0x18,0x1B,0x98,0x31,0xD8,0x60,0x78,0xC0,
/* 1486 */ 
0x00,0x00,0x80,0x01,0x80,0x01,0xFE,0xFF,0x66,0xC6,0xFE,0xFF,0x60,0xC6,0x60,0x06,
0xF8,0x3F,0x98,0x31,0x98,0x31,0x98,0x31,0x98,0x33,0xC0,0xC3,0x60,0xC3,0x3C,0xFF,
/* 1487 */ 
0x00,0x00,0x00,0x06,0x30,0x06,0xFE,0x7F,0x30,0xDE,0xFE,0xDB,0x00,0xDB,0xFC,0x7B,
0x80,0x79,0xFE,0x7B,0x30,0x1C,0xFC,0x3C,0xBC,0x37,0xB6,0x67,0xB6,0x63,0x3C,0xC3,
/* 1488 */ 
0x00,0x00,0x00,0x00,0xFC,0xFF,0x06,0x00,0x06,0x00,0xFE,0x7F,0x06,0x03,0x06,0x03,
0xF6,0x7F,0x06,0x03,0x06,0x03,0x06,0x03,0xFE,0xFF,0x06,0x00,0x06,0x00,0xFC,0xFF,
/* 1489 */ 
0x00,0x00,0x18,0x06,0x18,0x06,0xFC,0xFF,0xE6,0x19,0xF8,0xFF,0x0C,0x00,0xFC,0x7F,
0x0C,0x03,0x0C,0x03,0xFC,0x7F,0x0C,0x03,0x0C,0x03,0xFC,0xFF,0x0C,0x00,0xFC,0xFF,
/* 1490 */ 
0x00,0x00,0x00,0x00,0xF6,0xFF,0x3C,0x0C,0x18,0x0C,0x18,0x0C,0x3C,0x0C,0x36,0x0C,
0xF0,0xFF,0x78,0x0C,0x78,0x0C,0x6C,0x0C,0x66,0x0C,0x60,0x0C,0x60,0x0C,0xFE,0xFF,
/* 1491 */ 
0x00,0x00,0x18,0x00,0xD8,0xFF,0xD8,0x00,0xD8,0xFF,0xFE,0x0C,0xD8,0x0C,0xFC,0x0C,
0xFC,0x7F,0xFE,0x0C,0xDE,0x0C,0xD8,0x0C,0xD8,0x0C,0xD8,0x7F,0xD8,0x00,0xD8,0xFF,
/* 1492 */ 
0x00,0x00,0x00,0x00,0x7E,0x18,0x8C,0xFF,0x8C,0x01,0x8C,0x01,0x8C,0x01,0xBE,0x01,
0xB6,0x01,0xB7,0x01,0xB6,0x01,0xF6,0x00,0xF6,0x00,0xF6,0x00,0xFC,0x00,0x60,0x00,
/* 1493 */ 
0x00,0x00,0x00,0x00,0xBE,0xFF,0xF6,0x00,0xF6,0xFF,0xF6,0x18,0xFE,0x18,0xF6,0x18,
0xF6,0x7F,0xF6,0x18,0xFE,0x18,0xF6,0x18,0xF6,0xFF,0xF6,0x00,0xF6,0x00,0x9C,0xFF,
/* 1494 */ 
0x00,0x00,0x00,0x0C,0x1C,0x0C,0x36,0xFF,0xF6,0x01,0xF6,0x00,0xF6,0x00,0xF6,0x00,
0xFE,0x00,0xF6,0x00,0xF6,0x00,0xF6,0x00,0xF6,0x00,0xF6,0x00,0xFE,0x00,0x60,0x00,
/* 1495 */ 
0x00,0x00,0x00,0x00,0xE6,0x7F,0x66,0x60,0x6C,0x60,0x6C,0x60,0x6C,0x60,0xE0,0x7F,
0x98,0x19,0x98,0x19,0x8C,0x19,0x8C,0x19,0x8C,0xD9,0xC6,0xD8,0x66,0xD8,0x30,0xF8,
/* 1496 */ 
0x00,0x00,0x00,0x00,0xFC,0x7F,0x00,0x00,0x00,0x00,0xFF,0xFF,0x60,0x00,0x30,0x00,
0xF0,0x1F,0x00,0x30,0x00,0x30,0x00,0x30,0x00,0x30,0x00,0x30,0x60,0x18,0xC0,0x0F,
/* 1497 */ 
0x00,0x00,0x30,0x00,0x30,0x00,0xFC,0x7F,0xF0,0x33,0xD8,0x33,0x78,0x1B,0x18,0x0F,
0x8C,0x19,0xFE,0x70,0x00,0xC0,0xFC,0x7F,0xCC,0x66,0xCC,0x66,0xCC,0x66,0xFE,0xFF,
/* 1498 */ 
0x00,0x00,0x00,0x00,0x8C,0x61,0x8C,0x61,0xFC,0x7F,0x00,0x00,0x60,0x00,0xE0,0xFF,
0x6C,0xC0,0x6C,0xC0,0x6C,0xC0,0x6C,0xFF,0x30,0xC0,0x30,0xC0,0x30,0xC0,0x9C,0x7F,
/* 1499 */ 
0x00,0x00,0x00,0x00,0x80,0x03,0xFE,0xFF,0x66,0xCC,0x3E,0xF8,0x18,0x00,0xB0,0x7F,
0xFC,0x6D,0x98,0x6D,0xFE,0x6D,0x98,0x6F,0x38,0x0E,0x78,0xCE,0x6C,0xCF,0xC6,0xF9,
/* 1500 */ 
0x00,0x00,0x00,0x0C,0x30,0x0C,0xFE,0xFF,0x30,0x0C,0xF8,0x19,0x8C,0x1F,0xD8,0x6C,
0x70,0x38,0xFC,0xFF,0x86,0x01,0x80,0x01,0xFE,0xFF,0xC0,0x06,0xE0,0x1C,0x3C,0x70,
/* 1501 */ 
0x00,0x00,0x00,0x00,0x80,0x01,0xFE,0xFF,0x80,0x07,0xE0,0x0C,0x30,0x3B,0x1E,0xE3,
0xF8,0x3F,0x00,0x03,0xFC,0x7F,0x00,0x03,0xFC,0x7F,0x00,0x03,0x00,0x03,0xFE,0xFF,
/* 1502 */ 
0x00,0x00,0x30,0x00,0x30,0x66,0xFE,0x6D,0xB6,0x79,0xB6,0x61,0xFE,0x6F,0xB6,0x79,
0xB6,0x79,0xFE,0x61,0x7C,0xFE,0xF8,0x63,0xF8,0x66,0xEC,0xE7,0x6C,0xE6,0xE6,0xFF,
/* 1503 */ 
0x00,0x00,0x18,0x06,0x18,0x03,0xF8,0x7F,0x6C,0x66,0x6C,0x66,0xEC,0x7F,0x6E,0x63,
0x6E,0x63,0xEF,0x7F,0x0C,0x1F,0x8C,0x3F,0x8C,0x6F,0xCC,0xFE,0x6C,0xC6,0x3C,0xFE,
/* 1504 */ 
0x00,0x00,0x00,0x0C,0x0C,0x7F,0xBC,0xCD,0xEC,0xCD,0xE6,0x7F,0x7E,0x0C,0xD8,0xFF,
0x18,0x00,0x98,0x7F,0x98,0x6D,0x98,0x6D,0x98,0x6D,0xF8,0x7F,0x78,0x76,0xF8,0xC3,
/* 1505 */ 
0x00,0x00,0x00,0x06,0x0C,0x03,0xCC,0x7F,0xFE,0x66,0xFE,0x66,0xFE,0x7F,0xCE,0x66,
0xCF,0x66,0xCF,0x7F,0x0F,0x3F,0x0C,0x7F,0x0C,0xDF,0x8C,0xFD,0xCC,0x8C,0x60,0xFC,
/* 1506 */ 
0x00,0x00,0x00,0x06,0x06,0x06,0xDC,0x7F,0xF0,0x66,0xC0,0x7F,0x06,0x06,0xEC,0xFF,
0x18,0x00,0xF0,0x7F,0xD8,0x66,0xD8,0x66,0xD8,0x66,0xCC,0x7E,0x06,0x33,0xE6,0xE1,
/* 1507 */ 
0x00,0x00,0x18,0x0C,0x18,0x0C,0x18,0x0C,0xD8,0xFF,0xFE,0xCC,0xF8,0xCC,0xD8,0xCC,
0xD8,0xFF,0xD8,0xCC,0xD8,0xCC,0xD8,0xCC,0xF8,0x7F,0x1C,0x0C,0x06,0x0C,0x00,0x0C,
/* 1508 */ 
0x00,0x00,0x00,0x00,0xFC,0x3F,0x06,0x60,0xFE,0x7F,0x06,0x60,0x06,0x60,0xFC,0x3F,
0x86,0x01,0x86,0x31,0xFE,0x1D,0x86,0x07,0x86,0xC3,0x86,0xC1,0xE6,0xC1,0x3C,0x7F,
/* 1509 */ 
0x00,0x00,0x00,0x00,0x98,0xFF,0xD8,0xCC,0xD8,0xCC,0xFC,0xCC,0xD8,0xFF,0xD8,0xCC,
0xF8,0xDE,0xF8,0xFE,0xDE,0xFF,0xD8,0xEF,0xD8,0xCC,0xD8,0xCC,0xD8,0xCC,0xDE,0xFF,
/* 1510 */ 
0x00,0x00,0x00,0x00,0xFC,0x7F,0x8C,0x61,0x8C,0x61,0xFC,0x7F,0x8C,0x61,0x8C,0x63,
0xCC,0x67,0xCC,0x6D,0xEC,0x79,0xBC,0x79,0x9C,0x61,0x8C,0x61,0x8C,0x61,0xFC,0x7F,
/* 1511 */ 
0x00,0x00,0x00,0x00,0xD8,0x7F,0x18,0x0C,0x18,0x0C,0x7E,0x0C,0xD8,0xFF,0x18,0x0C,
0x78,0x0C,0xB8,0x7F,0xDC,0x60,0xDE,0x60,0xD8,0x60,0xD8,0x60,0xD8,0x60,0x9E,0x7F,
/* 1512 */ 
0x00,0x00,0x18,0x00,0x18,0x0C,0x18,0x0C,0xD8,0xFF,0xFE,0x00,0xD8,0x00,0xD8,0x00,
0xF8,0x00,0xD8,0x00,0xDE,0x00,0xD8,0x00,0xD8,0x00,0xD8,0x00,0x78,0x00,0x7E,0x00,
/* 1513 */ 
0x00,0x00,0x00,0x00,0x00,0x03,0xFC,0xFF,0xCC,0xF8,0xFC,0xCF,0xFC,0x6D,0x1C,0x6F,
0xFC,0x6F,0x3C,0x6C,0xFC,0x6F,0x8C,0xCD,0xC6,0xCF,0xFE,0xCD,0xC6,0xFC,0xFB,0x0C,
/* 1514 */ 
0x00,0x00,0x0C,0x00,0xF8,0x3F,0x18,0xE0,0x1E,0xFE,0xFE,0xC7,0x36,0xC6,0xEE,0xFF,
0x1E,0xC6,0x06,0xC6,0xF6,0xFF,0xF6,0xF0,0xF6,0xF0,0xDE,0xF0,0x9E,0xDF,0x06,0xD8,
/* 1515 */ 
0x00,0x00,0x00,0x00,0x18,0x06,0x18,0x06,0x18,0x0C,0xBE,0x7F,0x18,0x30,0xD8,0x30,
0x98,0x31,0x98,0x31,0x98,0x31,0xF8,0x19,0x38,0x1B,0x1C,0x1B,0x06,0x18,0xE0,0xFF,
/* 1516 */ 
0x00,0x00,0x18,0x00,0x18,0x06,0x18,0x0C,0xD8,0xFF,0xFE,0x60,0x98,0x61,0x98,0x61,
0xF8,0x31,0xB8,0x31,0x9E,0x31,0x18,0x33,0x18,0x33,0x18,0x33,0x18,0x1B,0xFE,0xFF,
/* 1517 */ 
0x00,0x00,0x00,0x00,0x8C,0xF1,0xFE,0xFF,0x9E,0xF1,0xFE,0xFF,0xFE,0xFD,0xFE,0xFD,
0xFE,0xFD,0xFE,0xFF,0x9E,0xF3,0x9E,0xF7,0xDE,0xFD,0xFE,0xF1,0x9E,0xC1,0x80,0xF1,
/* 1518 */ 
0x00,0x00,0x18,0x00,0x18,0x63,0x98,0xFF,0xFE,0x63,0x7E,0x63,0x7E,0x63,0xFE,0xFF,
0x7E,0x00,0x7E,0x7F,0xFE,0x61,0x98,0x61,0xF8,0x7F,0xF8,0x61,0xF8,0x61,0x0E,0x7F,
/* 1519 */ 
0x00,0x00,0x00,0x33,0x7C,0x33,0xEC,0xFF,0x6C,0x33,0x6C,0x33,0x7C,0x33,0xEC,0xFF,
0x6C,0x00,0x6C,0x7F,0xFC,0x61,0xE6,0x61,0xE6,0x7F,0xE6,0x61,0xE6,0x61,0x7E,0x7F,
/* 1520 */ 
0x00,0x00,0x00,0x0C,0x18,0x0C,0x98,0xFF,0x7E,0x0C,0xE6,0x7F,0xEC,0xCD,0xEC,0xCD,
0xB0,0xCD,0xFE,0xFF,0x18,0x0C,0x18,0x1E,0xFE,0x3E,0x18,0x6F,0x98,0xCD,0xCC,0x0C,
/* 1521 */ 
0x00,0x00,0xC0,0x00,0xC0,0x18,0xDE,0x18,0xFE,0xFF,0xFE,0x66,0xDE,0x66,0xDE,0x6C,
0xDE,0x6F,0xDE,0x6D,0xFE,0x6C,0xDE,0x6C,0xDE,0x6C,0xDE,0x3C,0xC0,0x3C,0xF0,0xFF,
/* 1522 */ 
0x00,0x00,0x00,0x18,0x18,0x18,0xFC,0x7F,0x80,0x19,0x80,0x01,0xF8,0x3F,0x98,0x19,
0xB0,0x19,0xB0,0x0D,0xFE,0x7F,0xC0,0x07,0xE0,0x07,0xB0,0x0D,0x98,0x39,0x8E,0xE1,
/* 1523 */ 
0x00,0x00,0x00,0x03,0x00,0x03,0xFC,0x7F,0x00,0x03,0x18,0x33,0x30,0x1B,0x60,0x1B,
0xFE,0xFF,0x80,0x03,0xC0,0x07,0x60,0x0F,0x30,0x1B,0x18,0x33,0x0E,0xE3,0x00,0x03,
/* 1524 */ 
0x00,0x00,0x00,0x0C,0x00,0x7C,0xFE,0x67,0x18,0x33,0xFE,0x7F,0xDE,0xC3,0xDE,0xDB,
0xDE,0xDB,0xDE,0xDB,0xFE,0xDB,0x38,0xCF,0x78,0xCF,0xDC,0x3C,0x9E,0x67,0x80,0xC3,
/* 1525 */ 
0x00,0x00,0x30,0x00,0x30,0x0C,0xFE,0xFF,0x30,0x0C,0x30,0x06,0xCC,0x06,0xCC,0xFE,
0xCC,0x0F,0xCC,0x1B,0xC0,0x31,0x00,0x00,0xFC,0x7F,0x6C,0x66,0x6C,0x66,0xFE,0xFF,
/* 1526 */ 
0x00,0x00,0x30,0x18,0x30,0x18,0xFE,0xFF,0x78,0x38,0xFC,0x7C,0x36,0x7E,0x30,0xDB,
0xF0,0x18,0xC0,0x00,0xFE,0xFF,0x30,0x18,0x70,0x0C,0xC0,0x07,0xC0,0x1D,0x7C,0xF0,
/* 1527 */ 
0x00,0x00,0x18,0x00,0x18,0x60,0x18,0x63,0x18,0x36,0xFE,0xFF,0x18,0x00,0x38,0x00,
0x7C,0x00,0x1C,0x00,0x9E,0xFF,0x1E,0x00,0x18,0x00,0x18,0x00,0x18,0x00,0xD8,0xFF,
/* 1528 */ 
0x00,0x00,0x18,0x00,0x18,0x63,0x18,0x33,0x18,0x36,0xFE,0xFF,0x18,0x00,0x18,0x00,
0x78,0x00,0x38,0x00,0xDE,0x7F,0x18,0x00,0x18,0x00,0x18,0x00,0x18,0x00,0xFE,0xFF,
/* 1529 */ 
0x00,0x00,0x18,0x06,0xF8,0xFF,0x3C,0x1B,0xB6,0x19,0x60,0x06,0x6C,0xFE,0x6C,0x0F,
0x6C,0x1B,0xEC,0x31,0x60,0x00,0xFC,0x7F,0xCC,0x66,0xCC,0x66,0xCC,0x66,0xFE,0xFF,
/* 1530 */ 
0x00,0x00,0x0C,0x00,0xF8,0xFF,0x98,0xC1,0xFE,0xFF,0x86,0xC1,0xF6,0xDF,0xBE,0xF1,
0xFE,0xFD,0xDE,0xF7,0xFE,0xFF,0x86,0xC7,0xC6,0xCD,0xE6,0xD9,0xBE,0xD9,0x06,0xF8,
/* 1531 */ 
0x00,0x00,0x00,0x00,0x30,0x30,0x30,0x18,0x60,0x18,0xFE,0xFF,0x00,0x00,0x00,0x00,
0x00,0x00,0xFC,0x7F,0x00,0x00,0x00,0x00,0x00,0x00,0x00,0x00,0x00,0x00,0xFE,0xFF,
/* 1532 */ 
0x00,0x00,0x00,0x00,0x66,0x00,0xCC,0xFE,0x38,0xC6,0xF0,0xFF,0x36,0xC6,0xFC,0xFF,
0xFC,0xFF,0xFC,0xFF,0xFC,0xFF,0x3C,0xCF,0x3C,0xDF,0xB6,0xF7,0xF6,0xC6,0x30,0xFE,
/* 1533 */ 
0x00,0x00,0x00,0x00,0xCE,0x00,0x98,0xFD,0x60,0xC6,0xEF,0xFF,0x6C,0xC6,0xEC,0xFF,
0xEC,0xFF,0xEC,0xFF,0xEC,0xF7,0x6C,0xDF,0x6C,0xDF,0xFC,0xF7,0xFC,0xF6,0x60,0xF6,
/* 1534 */ 
0x00,0x00,0x00,0x00,0xCC,0x0F,0xCC,0xFF,0xFE,0x1F,0xCC,0x77,0xCC,0xC7,0x0C,0x00,
0xFC,0x7F,0xDC,0x66,0xCE,0x66,0xCC,0x6E,0xCC,0x6E,0xCC,0xEF,0x8C,0xCD,0xEE,0xFC,
/* 1535 */ 
0x00,0x00,0x00,0x00,0x6C,0x06,0x6C,0xFE,0x6C,0x1E,0x6C,0x33,0x0C,0x63,0x00,0x00,
0xF8,0x3F,0x98,0x31,0x98,0x31,0xD8,0x33,0xD8,0x33,0xC0,0xC3,0x70,0xC3,0x1E,0xFE,
/* 1536 */ 
0x00,0x00,0x00,0x00,0x8C,0x79,0xEC,0xDF,0x9E,0x6D,0xFF,0xFF,0xFF,0xFF,0xFF,0xFF,
0xFF,0xFF,0xEF,0xFF,0xEF,0xFF,0xCC,0xFD,0xCC,0xFF,0xEC,0x7F,0x8C,0xD9,0x8C,0xCD,
/* 1537 */ 
0x00,0x00,0x00,0x18,0xC0,0x1B,0xCC,0xFF,0xCC,0x3F,0xF6,0x6F,0xDE,0xC7,0x1F,0x1F,
0xD8,0x71,0xCC,0x66,0xC6,0x66,0xFE,0x6E,0xC0,0x6F,0xF0,0xEF,0x9E,0xCD,0xE0,0xFC,
/* 1538 */ 
0x00,0x00,0x18,0x60,0x18,0x63,0x78,0x33,0x7E,0x36,0xFE,0xFF,0x3E,0x00,0x1E,0x00,
0x1E,0x00,0x18,0x00,0xD8,0x7F,0x38,0x00,0x3C,0x00,0x3C,0x00,0x66,0x00,0xE6,0xFF,
/* 1539 */ 
0x00,0x00,0x00,0x00,0xEE,0x0D,0xFC,0x0D,0xF8,0xFD,0xE0,0x37,0xE3,0x37,0xEE,0x67,
0x1C,0x00,0x00,0x00,0xF8,0x7F,0xF8,0x6D,0xEC,0x6D,0xEC,0x6D,0xE6,0x6D,0xF8,0xFF,
/* 1540 */ 
0x00,0x00,0x00,0x0C,0x00,0x0C,0xFE,0x7F,0x98,0xC1,0x98,0xC1,0x98,0xFF,0xFE,0xC1,
0x98,0xFF,0x98,0x6D,0x98,0x6D,0x98,0x39,0xF8,0x31,0xBC,0x31,0x86,0x6D,0x80,0xC7,
/* 1541 */ 
0x00,0x00,0x00,0x00,0xCC,0x30,0x8C,0xF9,0xEC,0xDF,0x7E,0x7E,0x6C,0x7E,0xFC,0x7F,
0x7C,0x7E,0x7E,0x7E,0xEE,0xDB,0xEF,0xD9,0x6C,0xDB,0x6C,0xFB,0xEC,0x1F,0x0C,0x18,
/* 1542 */ 
0x00,0x00,0x00,0x06,0x36,0x0C,0x3C,0x3F,0xD8,0x61,0xDC,0x60,0xDE,0x7F,0xF0,0x60,
0xF0,0x60,0xF8,0x7F,0xFC,0xC6,0xF6,0x6C,0xF0,0x38,0xF0,0x38,0xF0,0x6C,0xDE,0xC7,
/* 1543 */ 
0x00,0x00,0x00,0x03,0x00,0x03,0xFC,0xFF,0x6C,0x00,0xCC,0xFC,0xFC,0xCF,0x3C,0x6F,
0xFC,0x3F,0x3C,0x3F,0xFC,0x6F,0x3C,0xCC,0xBC,0xCD,0xB6,0xCD,0xF6,0x7F,0x76,0x0C,
/* 1544 */ 
0x00,0x00,0x00,0x00,0x30,0x7E,0x7C,0x66,0xC6,0x67,0x86,0x67,0xFE,0x37,0x86,0x37,
0x86,0x37,0xFE,0x67,0x06,0xC6,0x36,0xC6,0x66,0xC6,0xF6,0xC6,0x9E,0x7F,0x00,0x06,
/* 1545 */ 
0x00,0x00,0x00,0x00,0x30,0xFE,0xFC,0xC6,0x86,0xC7,0x86,0xC7,0xFE,0xFF,0x86,0xC7,
0x86,0xC7,0xFE,0xC6,0x06,0xFE,0x66,0xC6,0xC6,0xC3,0xE6,0xC3,0xBE,0xC3,0x0C,0xFB,
/* 1546 */ 
0x00,0x00,0x00,0x03,0x06,0x06,0xEC,0x7F,0x78,0x60,0x60,0x60,0xE3,0x7F,0x66,0x60,
0x6C,0x60,0xE0,0x7F,0x78,0xC6,0x78,0x66,0x6C,0x3C,0x6C,0x18,0x66,0x76,0xE6,0xC3,
/* 1547 */ 
0x00,0x00,0x0C,0x00,0x8C,0x31,0xEC,0xFF,0x8C,0x31,0x9E,0x31,0xEC,0xFF,0x6C,0xC0,
0x7C,0xC0,0xDC,0x3F,0x0E,0x63,0x0C,0x63,0x0C,0x63,0x8C,0x61,0xCC,0x60,0x6F,0x3C,
/* 1548 */ 
0x00,0x00,0x00,0x00,0x30,0x0C,0xFE,0xFF,0x30,0x0C,0x30,0x0C,0xFE,0xFF,0xC6,0xC0,
0xC6,0xC0,0xF8,0x3F,0xC0,0x30,0x60,0x30,0x60,0x30,0x30,0x30,0x38,0x30,0x0C,0x1F,
/* 1549 */ 
0x00,0x00,0x80,0x01,0x00,0x03,0xFE,0xFF,0x9E,0xC1,0x9E,0xC1,0x98,0x61,0xF8,0x7F,
0x8C,0x01,0x86,0x01,0x80,0x01,0xFE,0xFF,0x80,0x01,0x80,0x01,0x80,0x01,0x00,0x00,
/* 1550 */ 
0x00,0x00,0x80,0x01,0x80,0x01,0xFC,0x7F,0x80,0x31,0x80,0x39,0x80,0x1D,0xFE,0xFF,
0x00,0x03,0xE0,0x61,0x38,0x3C,0xBF,0x07,0xF0,0xC0,0x30,0xC0,0x30,0xC0,0xF0,0x7F,
/* 1551 */ 
0x00,0x00,0x18,0x03,0x18,0x03,0xEC,0x7F,0x0C,0x33,0x0C,0x3B,0xFC,0xFF,0x0E,0x06,
0x8E,0x03,0xEF,0x30,0xFC,0x1C,0xCC,0xC7,0xCC,0xC1,0xCC,0xC0,0xCC,0xC0,0x8C,0x7F,
/* 1552 */ 
0x00,0x00,0x00,0x06,0x0C,0x66,0xCC,0x7F,0x3F,0x36,0x6C,0x36,0x66,0x1E,0xE6,0xFF,
0x36,0x0E,0x33,0x63,0xF6,0x31,0xFC,0x1F,0x98,0xC3,0xBC,0xC1,0xEC,0xC1,0x06,0x7F,
/* 1553 */ 
0x00,0x00,0x00,0x06,0xFE,0x7E,0x3C,0x63,0x3C,0x67,0xFE,0x37,0xFE,0x3C,0xFE,0x18,
0xFE,0x3E,0xFE,0xE3,0xFE,0x01,0xC6,0x7F,0xC6,0x63,0xFE,0x63,0xC6,0x63,0xFE,0x7F,
/* 1554 */ 
0x00,0x00,0x00,0x03,0x18,0x3F,0xFE,0x61,0xFE,0x63,0x3E,0x33,0x3E,0x1E,0x1E,0x1E,
0x8C,0x33,0xEC,0xE0,0x8C,0x7F,0xDC,0x60,0xDC,0x60,0xFC,0x60,0xF6,0x60,0x86,0x7F,
/* 1555 */ 
0x00,0x00,0x00,0x00,0x86,0x31,0xEC,0xFF,0x98,0x31,0x80,0x31,0xE6,0xFF,0x6C,0xC6,
0x78,0xC6,0xC0,0x7F,0x18,0x63,0x18,0x63,0x0C,0x63,0x8C,0x61,0xC6,0x60,0x76,0x7C,
/* 1556 */ 
0x00,0x00,0xC0,0x18,0xCC,0x18,0xFC,0x19,0xCC,0xFF,0xF8,0xD8,0x30,0xD8,0xFC,0xD9,
0xB6,0xCD,0xB6,0xCD,0xFC,0xCD,0x30,0xCC,0x30,0xC6,0xFC,0xC7,0x30,0xC3,0x80,0x7B,
/* 1557 */ 
0x00,0x00,0x00,0x00,0xC0,0x7F,0x78,0x00,0x0C,0x03,0x0C,0x03,0x0C,0x03,0x0C,0x03,
0x0C,0x03,0xF8,0x7F,0x30,0x1B,0x18,0x33,0x18,0x33,0x0C,0x63,0x06,0x63,0xE6,0xC1,
/* 1558 */ 
0x00,0x00,0x00,0x00,0xF8,0x3F,0x80,0x01,0xFE,0xFF,0xFE,0xFF,0xC6,0xE1,0x80,0x01,
0xF8,0x3D,0xFC,0x3F,0x8C,0x61,0x8C,0x61,0xFC,0x7F,0x8C,0x61,0x8C,0x61,0xFC,0x7F,
/* 1559 */ 
0x00,0x00,0x00,0x00,0x8C,0x7F,0x0C,0x0C,0xFE,0xFF,0xC6,0xCC,0xC3,0xFF,0xFE,0x7F,
0x18,0x0C,0x98,0x7F,0xFE,0xCD,0x98,0xCD,0x98,0xFF,0xF8,0xCD,0xB8,0xCD,0x80,0x7F,
/* 1560 */ 
0x00,0x00,0x00,0x00,0x30,0x0C,0xFC,0x7F,0xFC,0x7F,0x80,0x01,0xFE,0xFF,0xFE,0xFF,
0x86,0xC1,0xFC,0xFF,0x00,0x00,0xFC,0x7F,0x8C,0x61,0xFC,0x7F,0x8C,0x61,0xFC,0x7F,
/* 1561 */ 
0x00,0x00,0x00,0x00,0xFE,0xFF,0x30,0x00,0xF8,0x3F,0x1E,0x30,0x18,0x30,0xF0,0x3F,
0xFE,0xFF,0x8C,0x0D,0x0C,0x06,0xFE,0xFE,0xCC,0xC7,0xCC,0xC6,0xCC,0xC6,0x7C,0x7E,
/* 1562 */ 
0x00,0x00,0x00,0x00,0xFC,0x7F,0x8C,0x61,0xFC,0x7F,0x8C,0x61,0xFC,0x7F,0xC0,0x00,
0x70,0x0E,0xF8,0x33,0xE0,0x60,0xFC,0x7F,0x80,0xC1,0xF0,0x19,0x9C,0x71,0xE6,0xC1,
/* 1563 */ 
0x00,0x00,0x18,0x00,0xF8,0x7F,0x78,0x66,0xEC,0x7F,0x6C,0x66,0x6C,0x66,0xCE,0x3F,
0xFE,0xFD,0xFC,0xFF,0xFC,0xFF,0xFC,0xFF,0xFC,0xFF,0xFC,0xFF,0xFC,0xFF,0xFC,0xFD,
/* 1564 */ 
0x00,0x00,0x80,0x01,0xC0,0x00,0xE0,0x1C,0x30,0x38,0xF8,0x3F,0x30,0x18,0x18,0x6C,
0xCC,0x66,0xFC,0xFE,0x80,0xC3,0x00,0x03,0xFC,0x7F,0x00,0x03,0x00,0x03,0xFE,0xFF,
/* 1565 */ 
0x00,0x00,0x0C,0x00,0xEC,0x7F,0x0C,0x06,0xEC,0xFF,0x3E,0x86,0x8C,0xF7,0x0C,0x06,
0x8C,0x31,0x1C,0x00,0xEE,0xFF,0x6F,0xC6,0xEC,0xFF,0x6C,0xC6,0x6C,0xC6,0xCF,0x7F,
/* 1566 */ 
0x00,0x00,0x00,0x00,0x7C,0x06,0x66,0x06,0xE6,0xFF,0x66,0xC6,0x7E,0xC6,0x66,0xC6,
0x66,0xC6,0x66,0xC6,0x7E,0xC6,0x66,0x63,0x66,0x63,0xE6,0x61,0xE6,0x61,0xFE,0x7E,
/* 1567 */ 
0x00,0x00,0x00,0x30,0x98,0x31,0xB0,0x19,0x80,0x01,0xFC,0x7F,0xC0,0x07,0xF0,0x1D,
0x1C,0x70,0x00,0x00,0x00,0x00,0xFE,0xFF,0x80,0x03,0xC0,0x06,0x70,0x1C,0x1E,0x70,
/* 1568 */ 
0x00,0x00,0x00,0x00,0xCC,0x7F,0xD8,0xC0,0xF0,0xC0,0xC0,0xC0,0xC6,0xFF,0xCC,0xC0,
0xD8,0xC0,0xF0,0xC0,0xF0,0xFF,0xD8,0xC0,0xD8,0xC0,0xCC,0xC0,0xC6,0xC0,0xC6,0x7F,
/* 1569 */ 
0x00,0x00,0x18,0x00,0x18,0x06,0x98,0x3F,0x3F,0x06,0xF8,0xFF,0x1C,0x03,0x1C,0x33,
0xBC,0x61,0xDE,0xC3,0x9E,0x3F,0xDB,0x33,0x78,0x1E,0x18,0x0E,0x18,0x1B,0xF8,0xF1,
/* 1570 */ 
0x00,0x00,0x18,0x00,0xD8,0xFF,0xD8,0xDB,0xFE,0xDB,0xD8,0xFF,0x1C,0x06,0x1C,0x06,
0xFC,0xFF,0x3E,0x03,0x1E,0x03,0x1B,0x7F,0x18,0x63,0x98,0x61,0xD8,0x60,0x78,0x78,
/* 1571 */ 
0x00,0x00,0x00,0x00,0x06,0x0F,0x86,0x19,0xCC,0x30,0x6C,0x63,0x30,0xC6,0x00,0x0C,
0x00,0x00,0xF8,0x7F,0x18,0x30,0x0C,0x30,0xCC,0x19,0x0C,0x0F,0x06,0x06,0x00,0x0C,
/* 1572 */ 
0x00,0x00,0x00,0x00,0xFC,0xFF,0x06,0x00,0xF6,0x7F,0x1E,0x63,0x1E,0x63,0xF6,0x7F,
0x1E,0x63,0x1E,0x63,0xF6,0x3F,0x06,0x03,0xFE,0x7F,0x06,0x03,0x06,0x03,0xFC,0xFF,
/* 1573 */ 
0x00,0x00,0x00,0x00,0xFE,0xCD,0x30,0xCC,0xFE,0xCF,0x70,0xCC,0xF8,0xCC,0xBC,0xC1,
0x36,0xC0,0x30,0x7B,0xFE,0xFF,0x80,0x03,0xC0,0x07,0x70,0x1F,0x1C,0xF3,0x06,0x03,
/* 1574 */ 
0x00,0x00,0x80,0x01,0xFE,0x6C,0x30,0x6C,0xFE,0x6F,0x70,0x6C,0xF8,0x6C,0xBE,0x61,
0x30,0x7F,0x18,0x03,0xF8,0x3F,0x0C,0x03,0x06,0x03,0xFE,0xFF,0x00,0x03,0x00,0x03,
/* 1575 */ 
0x00,0x00,0x00,0x06,0xF8,0x3E,0x3E,0xFB,0xFE,0xDB,0xF0,0xCD,0xF8,0x6C,0xFC,0x66,
0xB6,0x7F,0xF0,0x36,0x30,0x1C,0x9E,0xF9,0xF0,0x0F,0xC0,0x07,0xF0,0x1D,0xFC,0xF1,
/* 1576 */ 
0x00,0x00,0x00,0x06,0xFC,0xFF,0x36,0x1B,0x80,0x19,0x80,0x01,0xFC,0x7F,0xD8,0x37,
0xF8,0x37,0x38,0x3C,0xE0,0x07,0xF8,0x7F,0x6C,0xC6,0x6C,0xCC,0xCC,0xDF,0x0C,0x78,
/* 1577 */ 
0x00,0x00,0x00,0x00,0xF6,0xFF,0xFC,0xCC,0xD8,0xCC,0xDC,0xFF,0xDE,0xCC,0xF0,0xCC,
0xF0,0xCC,0xF8,0x7F,0x3C,0x0C,0x36,0x0C,0xF0,0xFF,0x30,0x0C,0x30,0x0C,0xFE,0xFF,
/* 1578 */ 
0x00,0x00,0x80,0x01,0xFE,0xFF,0x00,0x00,0xEC,0x6E,0x8C,0x63,0xEC,0x6E,0x3C,0x60,
0xF8,0x3F,0xC0,0x00,0xFC,0x7F,0x66,0xC6,0x66,0xCC,0xF6,0xDF,0x06,0xC0,0x06,0x6E,
/* 1579 */ 
0x00,0x00,0x00,0x06,0x0E,0x06,0xFC,0xFF,0xF8,0x79,0x60,0x7F,0x67,0x6E,0xEE,0x7B,
0xF8,0x7F,0x00,0x03,0xF8,0xFF,0x78,0xDB,0xEC,0xF1,0xEC,0xFF,0x66,0xF0,0x66,0xF8,
/* 1580 */ 
0x00,0x00,0x00,0x00,0xFE,0x7F,0xD8,0xCC,0xD8,0xCC,0xD8,0xFF,0xD8,0xCC,0xD8,0xCC,
0xFE,0xCC,0x98,0x7F,0x18,0x0C,0x18,0x0C,0xD8,0xFF,0x78,0x0C,0x1C,0x0C,0xE7,0xFF,
/* 1581 */ 
0x00,0x00,0x00,0x00,0xFE,0xFF,0x80,0x03,0xC0,0x07,0xE0,0x0D,0xB8,0x39,0x8E,0xE1,
0xF8,0x1F,0x00,0x0E,0x80,0x03,0x00,0x03,0xFE,0xFF,0x00,0x06,0x18,0x06,0xF0,0x03,
/* 1582 */ 
0x00,0x00,0x00,0x00,0xFC,0x7F,0x8C,0x61,0x8C,0x61,0xFC,0x7F,0x8C,0x61,0x8C,0x61,
0x8C,0x61,0xFC,0x7F,0x80,0x01,0x80,0x01,0xFC,0x7F,0x80,0x01,0x80,0x01,0xFE,0xFF,
/* 1583 */ 
0x00,0x00,0x00,0x00,0x78,0x7E,0x6C,0xDB,0x6C,0xDB,0xFE,0xDB,0xF7,0xFF,0xF6,0xDB,
0xF6,0xDB,0xFE,0x7F,0xF6,0x18,0xF6,0x18,0xFC,0xFF,0x00,0x18,0xE0,0x18,0xBE,0xFF,
/* 1584 */ 
0x00,0x00,0x18,0x00,0x30,0x03,0x60,0x03,0x7E,0x03,0x60,0x03,0x30,0x03,0x70,0x03,
0xF8,0x03,0xFC,0x03,0xB6,0x03,0x30,0xC3,0x30,0xC3,0x30,0xC3,0x30,0xC6,0x30,0x7E,
/* 1585 */ 
0x00,0x00,0x60,0x18,0x60,0x18,0xFC,0x7F,0x60,0x18,0x80,0x63,0xFE,0x6C,0x30,0x6C,
0xFE,0x6F,0x30,0x6C,0x70,0x6C,0xF8,0x6C,0xBC,0x6D,0x36,0x60,0x33,0x60,0x00,0x7C,
/* 1586 */ 
0x00,0x00,0x60,0x0C,0x60,0x0C,0xFE,0xFF,0xE0,0x0D,0xFC,0x3F,0xC0,0x60,0x60,0x60,
0x3C,0x3E,0x18,0x18,0xFE,0x7F,0x98,0xCD,0xD8,0xCC,0xD8,0xCC,0xCC,0xC6,0xF6,0x7B,
/* 1587 */ 
0x00,0x00,0x00,0x00,0x80,0x01,0xFE,0xFF,0x80,0x01,0xFC,0x7F,0x8C,0x61,0x8C,0x61,
0x8C,0x61,0xFC,0x7F,0x80,0x01,0x98,0x01,0xB0,0x01,0xE0,0x00,0xE0,0x03,0x3E,0xFE,
/* 1588 */ 
0x00,0x00,0x00,0x00,0xFE,0xFF,0x60,0x06,0xFC,0x7F,0x6C,0x66,0x6C,0x66,0x6C,0x66,
0xFC,0x7F,0x80,0x01,0xFE,0xFF,0x80,0x07,0xE0,0x0D,0xB0,0x39,0x9E,0xE1,0x00,0x00,
/* 1589 */ 
0x00,0x00,0x00,0x00,0xFE,0xFF,0x00,0x00,0xFC,0x7E,0xCC,0x63,0xDC,0x6F,0xDC,0x6F,
0xFC,0x7B,0xFC,0x7B,0xFC,0x7B,0xEC,0x63,0xCC,0x63,0xCC,0x63,0xCC,0x63,0xFC,0x78,
/* 1590 */ 
0x00,0x00,0x00,0x00,0xFC,0xFF,0x0C,0x00,0xFC,0xFF,0xCC,0x00,0xCC,0x00,0x8C,0x3F,
0xCC,0x60,0xCC,0x60,0xCC,0x60,0x6C,0x60,0x66,0x60,0x66,0x60,0x36,0x30,0x18,0x3E,
/* 1591 */ 
0x00,0x00,0x00,0x18,0xFC,0x1B,0x06,0x18,0x06,0x18,0xFE,0xFF,0x36,0xD8,0xF6,0xD9,
0xB6,0xD9,0xB6,0xCD,0xB6,0xCD,0x9E,0xCD,0x9E,0xCD,0x9E,0xC7,0x8F,0xC7,0xFF,0x7B,
/* 1592 */ 
0x00,0x00,0x00,0x00,0xFE,0x7C,0x98,0x07,0x8C,0x01,0x8C,0x19,0xFC,0x19,0xEE,0x19,
0xEF,0xFF,0x6C,0x18,0x6C,0x7B,0x6C,0x7B,0xEC,0xD9,0xEC,0xD9,0xFC,0x18,0x00,0x0F,
/* 1593 */ 
0x00,0x00,0x00,0x00,0xFC,0xFF,0x8C,0x01,0x8C,0x01,0x8C,0x01,0xFC,0x7F,0x8C,0x61,
0x8C,0x61,0x8C,0x61,0x8C,0x61,0xCC,0x60,0xC6,0x60,0x66,0x60,0x36,0x60,0x18,0x3E,
/* 1594 */ 
0x00,0x00,0x00,0x00,0xFE,0x01,0x30,0x6C,0x30,0x6C,0xFE,0x6F,0x70,0x6C,0xF0,0x6C,
0xF8,0x6C,0xB8,0x6D,0x3C,0x6F,0x36,0x6C,0x30,0x6C,0x30,0x60,0x30,0x60,0x00,0x7C,
/* 1595 */ 
0x00,0x00,0x00,0x00,0xF8,0xFF,0x18,0x1B,0x98,0x3F,0xEC,0x7B,0x6C,0xDB,0x6E,0xDB,
0xCE,0x7F,0x0C,0x06,0xEC,0xFF,0x0C,0x0F,0x0C,0x1F,0xCC,0x37,0x6C,0xE6,0x00,0x06,
/* 1596 */ 
0x00,0x00,0x00,0x00,0xFC,0xDF,0x6C,0xD8,0xCC,0xDB,0x6C,0xDE,0x6E,0xDE,0x6E,0xDE,
0xEF,0xDE,0xBC,0xDB,0x1C,0xDB,0x0C,0xDB,0x8C,0xD9,0xCC,0xC0,0x6C,0xC0,0x3C,0x7C,
/* 1597 */ 
0x00,0x00,0x18,0xC0,0xF8,0xDF,0x98,0xD9,0x8C,0xD9,0x8C,0xD9,0xFC,0xDF,0xCE,0xD9,
0xCE,0xDB,0xEC,0xDF,0xEC,0xDF,0xBC,0xD9,0x8C,0xD9,0x8C,0xD9,0x8C,0xC1,0x8C,0xFD,
/* 1598 */ 
0x00,0x00,0x00,0x03,0x00,0x03,0xF8,0xFF,0x1E,0x00,0xDE,0xDF,0xFE,0xD9,0x98,0xD9,
0xF8,0xDF,0x8C,0xD9,0xCF,0xDB,0xEC,0xDF,0xEC,0xDF,0xBC,0xDD,0x86,0xC1,0x86,0x79,
/* 1599 */ 
0x00,0x00,0x00,0x00,0x80,0x01,0x80,0x01,0x00,0x03,0xFC,0x7F,0x18,0x00,0x18,0x18,
0x18,0x18,0x30,0x18,0x30,0x18,0x30,0x18,0x30,0x18,0x30,0x18,0x60,0x0C,0xFE,0xFF,
/* 1600 */ 
0x00,0x00,0x00,0x00,0x18,0x0C,0x7E,0x0C,0xFE,0xFF,0x7C,0x00,0x7C,0x63,0x18,0x63,
0xFF,0x63,0x38,0x63,0x38,0x63,0x7C,0x33,0xDC,0x36,0x1E,0x36,0x18,0x36,0xD8,0xFF,
/* 1601 */ 
0x00,0x00,0x00,0x00,0xCC,0xFF,0x78,0x00,0x60,0x00,0x60,0x06,0xE7,0xFF,0x6C,0xC6,
0x78,0xC6,0x60,0xC6,0x78,0xC6,0x78,0xC6,0x6C,0xC3,0x6C,0xC3,0xB6,0xCD,0xC6,0x78,
/* 1602 */ 
0x00,0x00,0x00,0x00,0x80,0x01,0xF8,0x3F,0x80,0x61,0xFE,0xFF,0x80,0x61,0x80,0x31,
0xF8,0x1F,0x8C,0x71,0xB8,0x1F,0xB0,0x07,0xE0,0x0D,0xB8,0x19,0x8E,0x31,0xB0,0x61,
/* 1603 */ 
0x00,0x00,0x80,0x01,0x80,0x01,0x80,0x01,0xFE,0xFF,0x80,0xC1,0x80,0xC1,0x80,0xC1,
0xC0,0xC0,0xC0,0xC0,0xC0,0xC0,0x60,0xC0,0x60,0xC0,0x30,0xC0,0x18,0x60,0x0C,0x7E,
/* 1604 */ 
0x00,0x00,0x00,0x06,0x3E,0x06,0xEC,0xFF,0xEC,0xF9,0x6C,0xCF,0x6C,0xDF,0xEC,0xF1,
0xFE,0x7F,0x0C,0x06,0xEC,0xFF,0x6C,0xDB,0xEC,0xF1,0xFC,0xFF,0x7C,0xF0,0x66,0xF8,
/* 1605 */ 
0x00,0x00,0x00,0x00,0xDE,0x7F,0xF6,0x66,0xF6,0x66,0xF6,0x7F,0xF6,0x66,0xF6,0x66,
0xF6,0x66,0xF6,0x7F,0x36,0x06,0x36,0x06,0xF6,0xFF,0x1E,0x06,0x00,0x06,0xF0,0xFF,
/* 1606 */ 
0x00,0x00,0x18,0x00,0xF8,0xFF,0x18,0x1B,0x0C,0x1B,0x0C,0x1B,0xEC,0xFF,0xEE,0xD9,
0xEE,0xD9,0xEC,0xDF,0xEC,0xFF,0xEC,0xFF,0xEC,0xEF,0x6C,0xC6,0x6C,0xC0,0x6C,0x70,
/* 1607 */ 
0x00,0x00,0x00,0x63,0x00,0x63,0x7E,0x36,0x66,0x36,0xE6,0xFF,0x7C,0x0C,0x66,0x0C,
0x66,0x0C,0xFC,0xFF,0x66,0x1C,0x66,0x3C,0x66,0x36,0x7C,0x63,0xE7,0xC1,0xE0,0x80,
/* 1608 */ 
0x00,0x00,0x00,0x00,0x30,0x18,0xFE,0xFF,0x00,0x1B,0x0C,0x03,0xF8,0x7F,0x98,0x07,
0xC0,0x06,0xDE,0x7F,0x18,0x06,0x18,0x06,0xF8,0xFF,0x18,0x06,0x3C,0x06,0xEE,0xFF,
/* 1609 */ 
0x00,0x00,0x00,0x00,0x0C,0x03,0xEC,0xFF,0xB8,0x01,0x80,0x0D,0xC0,0x0C,0xDE,0x7F,
0x18,0x0C,0x18,0x0C,0xF8,0xFF,0x18,0x0C,0x18,0x0C,0x18,0x0C,0x3C,0x0C,0xE6,0xFF,
/* 1610 */ 
0x00,0x00,0x0C,0x06,0x0C,0x0C,0xFC,0xFF,0xC6,0x33,0xC3,0xFF,0xC0,0x1E,0xFE,0x7F,
0xCC,0xDE,0xCC,0xFF,0xFE,0xDE,0xCC,0xFF,0xCC,0x3E,0x6C,0x3F,0x7C,0x7F,0xF8,0xDF,
/* 1611 */ 
0x00,0x00,0x00,0x00,0x00,0x03,0xFC,0xFF,0xCC,0x0C,0xFC,0xFF,0xCC,0x0C,0xFC,0x7F,
0xCC,0x6C,0xFC,0xFF,0xCC,0x6C,0xF6,0x3F,0xC6,0x1C,0xE6,0x3C,0xF6,0x6C,0xDE,0xCC,
/* 1612 */ 
0x00,0x00,0x00,0x0C,0x18,0x1E,0x18,0x1B,0x98,0x31,0xFE,0xE0,0x7E,0x0E,0x3E,0x18,
0x7E,0x00,0xDB,0xFF,0x1B,0x60,0x18,0x30,0x98,0x31,0x18,0x1F,0x18,0x0E,0x18,0x18,
/* 1613 */ 
0x00,0x00,0x00,0x00,0x36,0x0C,0xFC,0xFF,0xD8,0x06,0x00,0x0E,0x00,0x0F,0xFE,0x0D,
0xFC,0x7F,0x60,0x0C,0x78,0x0C,0xF8,0xFF,0x6C,0x0C,0xEC,0x0C,0xF6,0x0D,0x3E,0xFF,
/* 1614 */ 
0x00,0x00,0x80,0x01,0x80,0x01,0xFE,0xFF,0x66,0xCC,0x36,0xD8,0x98,0x31,0x8C,0x31,
0xF8,0x3F,0x8C,0x61,0x8C,0x61,0x8C,0x61,0x8C,0x61,0x8C,0x61,0x8C,0x3D,0x80,0x01,
/* 1615 */ 
0x00,0x00,0x00,0x0C,0x70,0x0C,0xD8,0xFC,0x8C,0x67,0x8E,0x67,0x06,0x67,0xFC,0x6F,
0x00,0x6F,0x98,0x6D,0xBC,0x39,0xFC,0x38,0xD8,0x38,0x78,0x6F,0xFE,0x67,0x00,0xC3,
/* 1616 */ 
0x00,0x00,0x00,0x0C,0x3C,0x0E,0x66,0x1E,0x66,0x33,0xE6,0x61,0xFE,0xC0,0xE6,0x7F,
0x66,0x00,0x66,0x66,0xFC,0x67,0xE6,0x6D,0x66,0x3F,0x66,0x33,0xE6,0xFF,0x3B,0x00,
/* 1617 */ 
0x00,0x00,0x0C,0x00,0x6C,0x18,0xFC,0xFF,0xE6,0x0D,0x06,0x06,0x3E,0x1E,0xEC,0xFF,
0x8C,0x19,0x8C,0x19,0xBE,0xFF,0x8C,0x19,0x8C,0x19,0x8C,0x19,0xFC,0x1B,0x78,0xFE,
/* 1618 */ 
0x00,0x00,0x00,0x00,0x80,0x01,0xFE,0xFF,0x60,0x06,0x78,0x1E,0x78,0x36,0x6C,0x66,
0x6C,0x66,0x06,0x06,0x80,0x01,0xBC,0x31,0x3C,0x7B,0x3C,0xDE,0x36,0xD8,0xE6,0x0F,
/* 1619 */ 
0x00,0x00,0x18,0x00,0x18,0x06,0xF8,0xFF,0x7E,0x03,0x3E,0x03,0xFE,0x1F,0x9E,0x19,
0xDB,0x18,0xD8,0xFF,0x18,0x38,0x18,0x7B,0xBC,0x79,0xBC,0xD9,0xCC,0xD8,0x06,0x1F,
/* 1620 */ 
0x00,0x00,0x00,0x00,0x18,0x06,0xCC,0xFF,0x0C,0x03,0x36,0x03,0xF6,0x0F,0x9E,0x19,
0xD8,0x18,0xCC,0xFF,0x0C,0x18,0x7E,0x7B,0x80,0x79,0xE0,0xD9,0xFE,0xD8,0xC0,0x0F,
/* 1621 */ 
0x00,0x00,0x18,0x00,0x18,0x0C,0x7E,0x3E,0xFE,0xE3,0xFC,0xC1,0xFC,0xFF,0x98,0xC1,
0xFE,0xC1,0xB8,0xFF,0xB8,0x07,0xFC,0xCD,0xFC,0x79,0xDE,0x39,0x98,0x7D,0x98,0xC7,
/* 1622 */ 
0x00,0x00,0x00,0x03,0x00,0x06,0x06,0x06,0xEC,0x7F,0x18,0x00,0xF8,0x7F,0x60,0x60,
0x60,0x60,0x60,0x60,0xD8,0x3F,0x18,0x36,0xCC,0x36,0x6C,0x66,0x66,0xC6,0xF6,0xC7,
/* 1623 */ 
0x00,0x00,0x00,0x00,0xD8,0x3F,0xB0,0x37,0xC6,0xF6,0xDC,0xF3,0x00,0xF3,0xB8,0xF1,
0xCC,0x1F,0x07,0x03,0xFE,0xFF,0x80,0x03,0xC0,0x07,0x70,0x1F,0x1E,0x73,0x00,0xC3,
/* 1624 */ 
0x00,0x00,0x0C,0x00,0xD8,0x3F,0xB0,0x37,0x8E,0xF7,0xD8,0xF3,0x60,0xF3,0xB8,0x1F,
0xDE,0x3D,0xB0,0x39,0xE0,0x19,0xFE,0xFF,0xC0,0x07,0xF0,0x1D,0x9C,0x71,0x06,0xC0,
/* 1625 */ 
0x00,0x00,0xC0,0x00,0x80,0x01,0xFC,0x3F,0x06,0x30,0x06,0x30,0xFE,0x3F,0x06,0x30,
0x06,0x30,0xFE,0x3F,0xC6,0x00,0x86,0x61,0x06,0x3B,0x06,0x0E,0xC6,0x0D,0x7E,0x78,
/* 1626 */ 
0x00,0x00,0x00,0x00,0xFE,0xFF,0x60,0x0C,0x60,0x0C,0xFC,0xFF,0x66,0xCC,0x66,0xCC,
0xE6,0xDC,0xE6,0xF7,0xB6,0xF7,0x36,0xE3,0x1E,0xC3,0x06,0xC0,0x06,0xC0,0x06,0x70,
/* 1627 */ 
0x00,0x00,0x00,0x00,0x98,0xFF,0x18,0x36,0x7E,0x36,0x8C,0xFF,0xBC,0xF7,0xB6,0xF7,
0xB6,0xF7,0xFC,0xFF,0xB0,0xFF,0xF0,0xFB,0xBF,0xCD,0xB0,0xC1,0xB0,0xC1,0xB0,0xE1,
/* 1628 */ 
0x00,0x00,0x00,0x00,0xFC,0x3F,0xFC,0x3F,0x0C,0x30,0xF8,0x3F,0xFE,0xFF,0x00,0x00,
0xF8,0x3F,0x0C,0x63,0xFC,0x7F,0xFC,0x7F,0x00,0x03,0xFC,0x7F,0x00,0x03,0xFE,0xFF,
/* 1629 */ 
0x00,0x00,0x00,0x06,0x3C,0x06,0xF6,0xFF,0x76,0x00,0xB6,0x7F,0xF6,0x60,0xF6,0x60,
0xFE,0x60,0xB6,0x7F,0x36,0x0C,0xB6,0x3D,0xB6,0x6D,0xF6,0x6C,0xF6,0xCC,0xFC,0xCF,
/* 1630 */ 
0x00,0x00,0x80,0x01,0x80,0x01,0xFE,0xFF,0x00,0x00,0xFC,0x3F,0x0C,0x30,0xFC,0x3F,
0xFC,0x3F,0x06,0xE0,0xE6,0xC7,0x36,0x6C,0x30,0x0C,0x30,0xCC,0x18,0xCC,0x0E,0xFC,
/* 1631 */ 
0x00,0x00,0x00,0x00,0x0C,0x0C,0x18,0x0C,0xF0,0xFF,0x00,0x00,0x8E,0xFF,0xD8,0xC0,
0xD8,0xC0,0x98,0xFF,0x18,0x0C,0x18,0x3F,0x98,0x6D,0xF8,0x6D,0xF8,0xCC,0xD8,0x0F,
/* 1632 */ 
0x00,0x00,0x0C,0x06,0x0C,0x06,0xEC,0xFF,0x6C,0xDE,0xFE,0x7B,0x8C,0x31,0xEC,0xFF,
0xFC,0x60,0xFC,0x7F,0xDC,0x30,0x8F,0x1F,0x8C,0x3D,0xCC,0x6C,0x6C,0x6C,0x8E,0xC7,
/* 1633 */ 
0x00,0x00,0x00,0x06,0xFF,0x73,0xF6,0xDE,0xF6,0xDE,0xF6,0xDE,0xFE,0xDE,0xF6,0xDE,
0xF6,0xDE,0xFE,0xDE,0xF6,0xDE,0xB6,0xDF,0x36,0xDE,0x7E,0xFE,0xBF,0x1B,0xF0,0x18,
/* 1634 */ 
0x00,0x00,0x00,0x06,0x18,0x06,0xF8,0xFF,0xD8,0x7B,0x8C,0x31,0xEC,0xE0,0xCE,0x3F,
0xCE,0x60,0xCC,0x7F,0xCC,0x60,0xCC,0x7F,0x8C,0x07,0x8C,0x37,0xEC,0x66,0xB0,0xC7,
/* 1635 */ 
0x00,0x00,0x00,0x00,0x06,0x06,0xF6,0xFF,0x1E,0x00,0xFC,0x7F,0x1C,0x60,0x18,0x30,
0x18,0x1C,0x18,0x06,0x1C,0x1C,0x1F,0x30,0x18,0x30,0x18,0x30,0x0C,0x30,0x86,0x1F,
/* 1636 */ 
0x00,0x00,0x00,0x00,0xCC,0xFF,0x7E,0x0E,0xFE,0x7B,0xBE,0x31,0xFE,0x7F,0xDF,0xE0,
0xCF,0x60,0xCC,0x7F,0xCC,0x60,0x9C,0x3F,0x9C,0x3D,0xB6,0x6D,0xF6,0x6C,0xE0,0xCF,
/* 1637 */ 
0x00,0x00,0x80,0x01,0x00,0x03,0xFE,0xFF,0xFE,0xFF,0xDE,0xF6,0xF6,0xFC,0xF0,0x3C,
0x1C,0x06,0xC0,0x07,0xF8,0x3D,0xCE,0xE6,0x70,0x06,0xC0,0x3B,0x78,0x0E,0xF8,0x03,
/* 1638 */ 
0x00,0x00,0x00,0x00,0xFC,0x7F,0x0C,0x60,0x18,0x30,0x00,0x1C,0x0F,0x06,0x0C,0x06,
0x0C,0x0C,0x0C,0x0C,0x0C,0x18,0x0C,0x18,0x0C,0x18,0xD8,0x0C,0xFC,0x07,0xC6,0xFF,
/* 1639 */ 
0x00,0x00,0x00,0x00,0x06,0x06,0xFC,0xFF,0x78,0x6F,0xC0,0x39,0xE6,0x3F,0xFC,0xE0,
0x78,0x60,0xC0,0x7F,0x78,0x60,0xD8,0x3F,0x8C,0x37,0xCC,0x76,0x66,0x66,0xB6,0xC7,
/* 1640 */ 
0x00,0x00,0x00,0x00,0xFC,0x7F,0x00,0x70,0x00,0x18,0x00,0x0E,0x00,0x03,0x80,0x03,
0x00,0x03,0x00,0x06,0x00,0x06,0x00,0x0C,0x00,0x0C,0x00,0x06,0x00,0x06,0xE0,0x03,
/* 1641 */ 
0x00,0x00,0x00,0x00,0xCC,0xFF,0xCC,0xFF,0xCC,0xC6,0xFE,0x7F,0x0C,0x03,0x8C,0x7F,
0xFC,0x63,0x7C,0x3E,0x0F,0x3F,0xEC,0xE1,0x8C,0x7F,0xCC,0x60,0xCC,0x60,0x8F,0x7F,
/* 1642 */ 
0x00,0x00,0x0C,0x00,0x0C,0x0C,0xFC,0xFF,0x86,0xDF,0x03,0x73,0xFE,0xFF,0xF8,0x61,
0x98,0x7F,0xD8,0x60,0xBE,0x61,0x18,0x3F,0x18,0x3F,0x98,0x6D,0xF8,0xCC,0x18,0xCF,
/* 1643 */ 
0x00,0x00,0x80,0x01,0x00,0x03,0xFC,0xFF,0xFE,0x3E,0x9E,0xED,0xB6,0xD9,0xE6,0xF1,
0x3E,0xDF,0xC6,0x1D,0x76,0x77,0xDE,0xCD,0x76,0x76,0xC6,0x1B,0x76,0x0E,0xE3,0x03,
/* 1644 */ 
0x00,0x00,0x18,0x00,0xD8,0x63,0xDE,0x66,0x7E,0x6C,0x7E,0x78,0x7C,0x60,0x18,0x63,
0xFF,0x66,0x38,0x6C,0x7C,0x78,0x7C,0x60,0x1E,0xFC,0x9B,0x67,0x18,0x60,0x18,0x60,
/* 1645 */ 
0x00,0x00,0x00,0x00,0xFE,0xDF,0x30,0xD8,0x30,0xD8,0xF0,0xDB,0x18,0xDB,0x18,0xDB,
0x1C,0xDB,0x3C,0xDB,0x30,0xDB,0xE0,0xD9,0xC0,0xD9,0xC0,0xC0,0x70,0xC0,0x1E,0xF8,
/* 1646 */ 
0x00,0x00,0x00,0xC0,0xFE,0xDB,0x30,0xD8,0xF8,0xDB,0x1E,0xDB,0xB0,0xD9,0xE0,0xCC,
0xBE,0x79,0xFE,0xFF,0x80,0x63,0xE0,0x73,0x38,0x1E,0x3F,0x0C,0x30,0x3E,0xE0,0xE3,
/* 1647 */ 
0x00,0x00,0x00,0x00,0xFE,0xCF,0x18,0xCC,0xF8,0xCF,0x18,0xCF,0x9C,0xCD,0xB6,0xCD,
0xE0,0xCC,0xE0,0xCC,0x30,0xCC,0x1E,0x78,0xCC,0x66,0xCC,0x6C,0xC6,0xCC,0xC6,0xCC,
/* 1648 */ 
0x00,0x00,0x00,0x00,0x60,0x1B,0x30,0x33,0x18,0x63,0x1C,0x73,0x0E,0xDB,0x00,0x0E,
0xC0,0x03,0x7F,0x03,0xFC,0x7F,0x80,0x61,0x80,0xC1,0xC0,0x60,0x60,0x60,0x3F,0x7E,
/* 1649 */ 
0x00,0x00,0x00,0x30,0x36,0x33,0xFC,0xFF,0x18,0x33,0x1C,0x33,0x1E,0x33,0xF0,0xFF,
0x30,0x00,0xB8,0x7F,0xFC,0x60,0xF6,0x60,0xB0,0x7F,0xF0,0x60,0xF0,0x60,0x9E,0x7F,
/* 1650 */ 
0x00,0x00,0x00,0x00,0x80,0x19,0xBE,0x19,0xEC,0xFF,0x8C,0x1F,0xCC,0x39,0xCC,0x3B,
0xFE,0x3B,0xEC,0x7F,0xEC,0x7D,0xBC,0x7F,0xBC,0xDF,0xFC,0x19,0x9E,0x19,0x80,0x01,
/* 1651 */ 
0x00,0x00,0x00,0x0C,0x18,0x0C,0x18,0x0C,0xFE,0xFF,0x38,0x0C,0x38,0x1C,0x7C,0x1E,
0xDC,0x3E,0xDC,0x3F,0x1C,0x6F,0x9E,0x6D,0x9E,0xCD,0xD8,0x8C,0x18,0x0C,0x00,0x0C,
/* 1652 */ 
0x00,0x00,0xC0,0x0C,0xFF,0x6D,0x8C,0x3D,0xEC,0xFF,0x0C,0x1E,0x9C,0x3F,0xF6,0xEC,
0xF6,0x3D,0xF7,0xFF,0x77,0x3F,0x76,0x3F,0xF6,0x3F,0xB6,0xFD,0x9C,0x31,0xE0,0x30,
/* 1653 */ 
0x00,0x00,0xFC,0x7F,0x80,0x01,0xFE,0xFF,0x86,0xC1,0xFE,0xFF,0x86,0xC1,0xFC,0x7F,
0x30,0x18,0xFE,0xFF,0x70,0x18,0x78,0x3C,0xFC,0x7E,0xF6,0x7B,0xB0,0xD9,0x30,0x18,
/* 1654 */ 
0x00,0x00,0x00,0x00,0x80,0x01,0x9E,0xFF,0x9E,0x01,0x9E,0x07,0xDE,0x0C,0xDE,0x38,
0x1E,0x60,0x1E,0x3F,0xDE,0x6D,0xDE,0x6C,0xDE,0x6C,0xDE,0x6C,0xDE,0x6C,0xC0,0x7F,
/* 1655 */ 
0x00,0x00,0x30,0x00,0x70,0xFC,0xD8,0xCC,0x8C,0xCD,0x36,0x6F,0x63,0x3F,0x60,0x3C,
0x00,0x3C,0xFE,0x6D,0x80,0xCD,0x80,0xCD,0xD8,0xCC,0x70,0xCC,0x60,0x7C,0xC0,0x0C,
/* 1656 */ 
0x00,0x00,0x18,0x00,0x78,0x7B,0x6C,0x7E,0xE6,0xFF,0x7E,0x1C,0xDE,0x3E,0xDE,0xFB,
0xDE,0x6F,0xFE,0xFF,0xDE,0x7D,0xDE,0x7F,0x7E,0x7E,0x00,0xFE,0xF0,0x63,0x9E,0x61,
/* 1657 */ 
0x00,0x00,0xC0,0x18,0xC6,0x18,0xFC,0xFF,0xD8,0x18,0xC0,0x18,0xC6,0x39,0xCE,0x3B,
0xEC,0x3F,0xE0,0x7E,0xF8,0x7C,0xF8,0xDE,0xFC,0xDE,0xDC,0x9B,0xC6,0x18,0xC6,0x18,
/* 1658 */ 
0x00,0x00,0x00,0x06,0xF6,0xFF,0x06,0x00,0xEC,0x7F,0x3C,0xCF,0xFC,0xF9,0xB0,0xFF,
0x60,0xC0,0xD8,0x7F,0xD8,0x7F,0x18,0x00,0xFC,0xFF,0xCC,0x36,0x66,0x66,0xB6,0xC7,
/* 1659 */ 
0x00,0x00,0x00,0x00,0xF8,0x3F,0x0C,0x06,0xFE,0xFF,0x0C,0x06,0x0C,0x06,0xEC,0x7F,
0x00,0x00,0xF8,0x3F,0x18,0x33,0x98,0x31,0x98,0x31,0x98,0x37,0xE0,0x1C,0x3C,0x70,
/* 1660 */ 
0x00,0x00,0x00,0x00,0x80,0x01,0xFE,0xFF,0x30,0x18,0x60,0x1C,0xC0,0x0E,0x80,0x03,
0xC0,0x0F,0x7E,0xF8,0xF8,0x3F,0x18,0x30,0x18,0x30,0x18,0x30,0x18,0x30,0xF8,0x3F,
/* 1661 */ 
0x00,0x00,0x18,0x00,0x18,0x0E,0x18,0x3F,0x98,0x73,0xFC,0xC6,0x78,0x8C,0x18,0x18,
0x78,0x00,0xF8,0xFF,0x1E,0xC0,0x18,0x60,0x98,0x33,0x18,0x1E,0x18,0x0C,0x1E,0x18,
/* 1662 */ 
0x00,0x00,0x00,0x00,0x7E,0x0E,0x0C,0x1B,0x8C,0x33,0xCC,0x66,0x0C,0xCC,0x0C,0x18,
0x3E,0x00,0xCC,0xFF,0x0C,0x60,0x0C,0x60,0xEC,0x33,0x3C,0x1E,0x1C,0x0C,0x06,0x18,
/* 1663 */ 
0x00,0x00,0x00,0x00,0x30,0x0C,0xFE,0xFF,0xB0,0x0D,0xFC,0x7F,0x80,0x01,0xFE,0xFF,
0x60,0x0C,0x30,0x38,0x7C,0x60,0xF6,0xDF,0x78,0x0C,0xCE,0x07,0xC0,0x07,0x7C,0xFC,
/* 1664 */ 
0x00,0x00,0x00,0x00,0xF8,0x3F,0xFC,0x7F,0x86,0xC1,0xFE,0xFF,0x86,0xC1,0xFC,0x1C,
0xE0,0x07,0xF8,0x3C,0x8E,0xE3,0x00,0x00,0xF8,0x3F,0x30,0x18,0xE0,0x0E,0x80,0x03,
/* 1665 */ 
0x00,0x00,0x30,0x18,0x30,0x3C,0x3C,0x3C,0xFC,0x67,0x3C,0xCF,0xBC,0x19,0xFF,0x30,
0x30,0x00,0x9E,0xFF,0xBE,0xC1,0xBE,0xC1,0xEE,0x61,0xEE,0x3F,0xE6,0x1D,0xBE,0x39,
/* 1666 */ 
0x00,0x00,0x00,0x00,0x0C,0x1E,0x7C,0x1E,0x06,0x33,0x83,0x67,0xC0,0xCC,0x7C,0x18,
0x18,0x00,0xD8,0xFF,0x7E,0xC0,0x18,0x60,0x98,0x31,0x18,0x1F,0x78,0x0C,0x38,0x18,
/* 1667 */ 
0x00,0x00,0x00,0x06,0x18,0x0F,0x98,0x19,0xD8,0x31,0xEC,0x63,0x3C,0xC6,0x0E,0x0C,
0x0E,0x00,0xCC,0x7F,0x0C,0x60,0x0C,0x30,0x8C,0x19,0x0C,0x0F,0x0C,0x06,0x0C,0x0C,
/* 1668 */ 
0x00,0x00,0x06,0x00,0x66,0x1C,0x6C,0x1E,0xFF,0x33,0x98,0x61,0xD8,0xCC,0x18,0x18,
0x7E,0x00,0xD8,0xFF,0x18,0xC0,0x7E,0x60,0x18,0x33,0x18,0x1E,0x0C,0x0C,0x0C,0x18,
/* 1669 */ 
0x00,0x00,0x00,0x06,0xF6,0x7F,0x06,0x06,0x0C,0x06,0xFC,0xFF,0x8C,0x19,0xC0,0x30,
0x78,0x60,0xB8,0xFF,0xD8,0x30,0xEC,0x30,0xFC,0x1B,0x06,0x0E,0x06,0x1F,0xE0,0xF1,
/* 1670 */ 
0x00,0x00,0x00,0x00,0xF8,0x7F,0x00,0x60,0xFC,0x7F,0x00,0x60,0x00,0x60,0xFC,0x3F,
0x98,0x31,0x98,0x31,0x98,0x31,0x8C,0x1B,0xC0,0x06,0xE0,0x0C,0x30,0x38,0x1E,0xE0,
/* 1671 */ 
0x00,0x00,0x00,0x06,0x3E,0x06,0xF6,0xFF,0x36,0x06,0x1E,0x06,0xFE,0xFF,0x9E,0x33,
0x9E,0x61,0xF6,0xC3,0xF6,0x7F,0xF6,0x61,0x7E,0x33,0x36,0x1E,0x06,0x1E,0xF6,0x73,
/* 1672 */ 
0x00,0x00,0x00,0x0C,0x18,0x1E,0x7E,0x3E,0x7E,0x33,0xFE,0x67,0xFE,0xCC,0x7E,0x18,
0x7E,0x00,0xFE,0x7F,0x7E,0xC0,0x7E,0x60,0x7E,0x33,0x7E,0x1E,0x7E,0x0C,0x00,0x18,
/* 1673 */ 
0x00,0x00,0x30,0x00,0x78,0xFF,0xD8,0x18,0x8C,0xFF,0x9E,0xC3,0x30,0xC3,0x60,0xDB,
0x7E,0xDB,0xC0,0xDB,0xC0,0xDB,0xC0,0xDB,0x6C,0x3C,0x38,0x6C,0x30,0xC6,0x60,0xC3,
/* 1674 */ 
0x00,0x00,0x00,0x00,0xFC,0x7F,0x0C,0x60,0x0C,0x60,0x0C,0x60,0x0C,0x60,0xF8,0x3F,
0xC0,0x00,0xFE,0x7F,0xC0,0xC0,0x60,0xC0,0x60,0xC0,0x30,0xC0,0x18,0xC0,0x0E,0x7E,
/* 1675 */ 
0x00,0x00,0x00,0x00,0x80,0x07,0xC0,0x0E,0x70,0x18,0xD8,0x31,0x0E,0xE3,0x00,0x03,
0x00,0x00,0xFC,0x7F,0x00,0x30,0x00,0x18,0x00,0x0C,0xE0,0x06,0x80,0x03,0x00,0x06,
/* 1676 */ 
0x00,0x00,0x00,0x00,0xE6,0xFF,0xBC,0xD9,0xB8,0xD9,0x30,0xDB,0xB3,0xCF,0xEE,0xCF,
0x18,0x7E,0x80,0x3F,0xF8,0x66,0x78,0x66,0xEC,0x7F,0x6C,0x66,0x66,0x66,0xE6,0x7F,
/* 1677 */ 
0x00,0x00,0x00,0x06,0x00,0x06,0xFE,0xFF,0x0C,0x1B,0x8C,0x31,0x8C,0x61,0xCC,0x78,
0xBE,0xCF,0xCC,0x36,0xCC,0x36,0xCC,0x36,0xCC,0x36,0xF8,0xF6,0x6F,0xF6,0x30,0xF6,
/* 1678 */ 
0x00,0x00,0x00,0x00,0x98,0x7F,0xD8,0xF0,0x78,0xDB,0x7C,0xDB,0x7C,0xDF,0xFC,0xCD,
0xFC,0x76,0xFE,0x7F,0xDE,0xCC,0xDB,0xCC,0xD8,0xFF,0xD8,0xCC,0xD8,0xCC,0xD8,0xFF,
/* 1679 */ 
0x00,0x00,0x00,0x00,0x7E,0x0C,0xD8,0xFF,0x0C,0x06,0x0C,0x33,0x8C,0x61,0xFC,0x79,
0xEE,0xCF,0xEE,0x3D,0xEC,0x3D,0xEC,0x3D,0xEC,0xFD,0xEC,0xFD,0xFC,0xFC,0xC0,0xFC,
/* 1680 */ 
0x00,0x00,0x00,0x00,0x0C,0x07,0xC6,0xFD,0xFE,0xF3,0xE6,0xF6,0xFF,0xDE,0xCC,0xDF,
0x0C,0x7C,0x8C,0x7F,0xCC,0xCC,0xCC,0xCC,0xCC,0xFF,0xEC,0xCC,0xFC,0xCC,0x98,0x7F,
/* 1681 */ 
0x00,0x00,0x00,0x00,0xFE,0xFF,0x66,0xCC,0x66,0xCC,0xC6,0xC6,0xE6,0x66,0xFE,0x63,
0x80,0x39,0xFC,0x3F,0x8C,0x61,0x8C,0x61,0xFC,0x7F,0x8C,0x61,0x8C,0x61,0xFC,0x7F,
/* 1682 */ 
0x00,0x00,0x00,0x00,0x30,0x0C,0x60,0x6C,0xFE,0x6F,0x80,0x6D,0xCC,0x6C,0xD8,0x6C,
0xD8,0x6C,0xF0,0x6C,0x60,0x6C,0x60,0x6C,0xF0,0x6C,0x98,0x61,0x0C,0x60,0x06,0x78,
/* 1683 */ 
0x00,0x00,0x00,0x03,0x00,0x03,0xFE,0xFF,0x9E,0x03,0xFE,0xFD,0x3E,0xDB,0x38,0xDB,
0xB8,0xCF,0xF8,0xFE,0xDC,0x7F,0x7F,0xC6,0x6C,0xC6,0xEC,0xFF,0x6C,0xC6,0xE6,0xFF,
/* 1684 */ 
0x00,0x00,0x00,0x00,0x06,0x06,0xFC,0xFF,0x30,0x03,0x80,0x19,0x87,0x31,0xCC,0x60,
0xF8,0x7F,0xC0,0xF6,0xD8,0x36,0xD8,0x36,0xCC,0xF6,0x66,0xF6,0x66,0xF6,0x33,0xF6,
/* 1685 */ 
0x00,0x00,0x18,0x06,0xD8,0xFB,0xD8,0xDE,0xFE,0xDE,0xD8,0xDE,0xD8,0xDE,0xFC,0xDE,
0xFC,0xDE,0xDE,0xDE,0xDE,0xDF,0x9B,0xDF,0x18,0xDB,0x18,0xFB,0x98,0x19,0xD8,0x18,
/* 1686 */ 
0x00,0x00,0x00,0x00,0x80,0x01,0x80,0x01,0x00,0x03,0x00,0x03,0xFE,0xFF,0x00,0x0C,
0x60,0x0C,0x60,0x18,0x30,0x18,0x30,0x30,0x18,0x60,0x18,0x60,0x0C,0xC0,0x06,0xC0,
/* 1687 */ 
0x00,0x00,0x00,0x00,0xC0,0x0E,0xC0,0x38,0xFE,0xFF,0xC0,0x03,0xC0,0x03,0xC0,0x03,
0xC0,0x33,0x60,0x1B,0x60,0x1F,0x30,0x07,0x30,0xC3,0xD8,0xC3,0x7E,0xC3,0x00,0x7F,
/* 1688 */ 
0x00,0x00,0xC0,0x30,0xC0,0x60,0xFE,0xFF,0x60,0xDB,0x60,0x0F,0x38,0xC7,0xFE,0xC3,
0x00,0x7E,0xFE,0xFF,0x18,0x30,0xF8,0x3F,0xF8,0x3F,0x18,0x30,0x18,0xFF,0xFE,0x31,
/* 1689 */ 
0x00,0x00,0x00,0x03,0x00,0x1B,0x1E,0x33,0x36,0x03,0xF6,0xFF,0x36,0x0F,0x36,0x0F,
0x36,0x6F,0x36,0x3F,0xB6,0x3D,0xB6,0x1D,0xF6,0xCC,0xF6,0xCE,0x7E,0xCF,0xB0,0x7D,
/* 1690 */ 
0x00,0x00,0x18,0x06,0x0C,0x06,0xFC,0xFF,0x6C,0x1B,0x66,0x1F,0xC0,0x1C,0xC0,0x18,
0xFE,0xFF,0xC0,0x03,0x60,0x63,0x60,0x33,0x30,0xDF,0x38,0xC7,0xDC,0xC3,0x76,0xFE,
/* 1691 */ 
0x00,0x00,0x80,0x01,0x00,0x03,0xFE,0xFF,0x76,0xDC,0x9E,0xF1,0xBC,0x3F,0xF6,0x33,
0x76,0x1E,0xFE,0x7F,0x9E,0x3F,0xB6,0x0D,0xF6,0xFF,0x36,0x0C,0x3E,0x3F,0xC6,0xFF,
/* 1692 */ 
0x00,0x00,0x00,0x03,0x3E,0x1F,0xB6,0x33,0xF6,0x37,0x7E,0x1C,0x1E,0x3E,0xFE,0xE3,
0x36,0x3F,0xF6,0x0C,0xF6,0xFF,0x76,0x0C,0x1E,0x0C,0xC6,0x7F,0x06,0x0C,0xE6,0xFF,
/* 1693 */ 
0x00,0x00,0x00,0x00,0x80,0x3D,0x80,0x01,0xFE,0xFF,0xC0,0x06,0xC0,0x36,0x60,0x1E,
0x30,0xC7,0xD8,0xC7,0x6E,0xC6,0x80,0x7D,0xFC,0x7F,0x80,0x01,0x80,0x01,0xFE,0xFF,
/* 1694 */ 
0x00,0x00,0x18,0x03,0x18,0x3B,0x18,0x63,0xD8,0xFF,0x7E,0x0F,0x18,0x0F,0x18,0x0F,
0x18,0x6F,0xB8,0x3D,0x9E,0x3D,0x98,0x1D,0xD8,0xCC,0xD8,0xCE,0x78,0xCF,0x3E,0x78,
/* 1695 */ 
0x00,0x00,0x00,0x00,0x7E,0x3E,0x66,0x66,0xF6,0x7F,0x36,0x0F,0x36,0x0F,0x36,0x0F,
0x36,0x6F,0x66,0x3F,0xE6,0x3D,0xE6,0xDD,0xFE,0xCC,0xC6,0xCE,0x66,0xCF,0x86,0x79,
/* 1696 */ 
0x00,0x00,0x00,0x00,0xCC,0x6C,0x8C,0x3D,0xFE,0xFF,0x18,0x0E,0x1C,0x1F,0xBC,0x7D,
0xFE,0xCC,0x0E,0x03,0xEE,0xFF,0x8F,0x31,0x8C,0x19,0x0C,0x1F,0x0C,0x3E,0xC0,0xE3,
/* 1697 */ 
0x00,0x00,0x00,0x30,0x98,0x19,0xB0,0x0D,0xFE,0xFF,0x80,0x03,0xE0,0x07,0xB8,0x3D,
0x8E,0xE1,0x80,0x01,0xFE,0xFF,0x60,0x0C,0x60,0x0C,0xE0,0x06,0x80,0x0F,0xF8,0xF9,
/* 1698 */ 
0x00,0x00,0x18,0x0C,0xD8,0x6C,0x98,0x3D,0x18,0x0C,0xFC,0x7F,0x18,0x1E,0x98,0x7F,
0xD8,0xCC,0x38,0x06,0xFF,0xFF,0x18,0x33,0x98,0x31,0x18,0x1F,0x18,0x3C,0xCE,0xE7,
/* 1699 */ 
0x00,0x00,0x18,0x06,0xFC,0xFF,0x3C,0x1B,0x36,0x18,0x38,0x1B,0x30,0x0F,0xFC,0x7F,
0xC0,0x0F,0x78,0x3B,0x0E,0xE3,0xFE,0xFF,0x60,0x18,0x60,0x0C,0xC0,0x07,0xFC,0x7D,
/* 1700 */ 
0x00,0x00,0x00,0x00,0xEC,0x7F,0x78,0xC0,0x60,0xC0,0xE0,0x7F,0x67,0x00,0xEC,0xFF,
0x78,0x3F,0xF8,0xED,0xF8,0xDF,0xFC,0xFE,0xFC,0xCD,0xFC,0xFF,0xDE,0xEE,0xC6,0x7C,
/* 1701 */ 
0x00,0x00,0x0C,0x00,0xFE,0xFF,0x1E,0x0C,0xFE,0x7F,0xFE,0xCD,0xEE,0xCD,0xFE,0xCD,
0xFE,0xDF,0xF6,0xDF,0xF6,0xF7,0xF6,0xC3,0xFE,0xC1,0xE6,0xD9,0x66,0x70,0xC6,0xFF,
/* 1702 */ 
0x00,0x00,0x00,0x18,0x30,0x18,0xFE,0xFF,0xB0,0x19,0x00,0x03,0xF8,0x7F,0x0C,0x60,
0x0C,0x60,0xFC,0x7F,0x0C,0x00,0x0C,0x00,0x0C,0x00,0x0C,0x00,0x06,0x00,0x06,0x00,
/* 1703 */ 
0x00,0x00,0x00,0x00,0x80,0x7F,0x80,0x01,0x80,0x01,0xFC,0x7F,0x0C,0x60,0x0C,0x60,
0x0C,0x60,0xFC,0x3F,0x0C,0x00,0x0C,0x00,0x0C,0x00,0x0C,0x00,0x06,0x00,0x06,0x00,
/* 1704 */ 
0x00,0x00,0x00,0x00,0xF0,0xFF,0x30,0x18,0x30,0x18,0xFE,0x7F,0x86,0xC3,0xC6,0xC3,
0xFE,0xDB,0x06,0xDB,0x06,0xCF,0x06,0xCF,0x06,0x0F,0x06,0x3E,0x03,0x63,0x83,0xC1,
/* 1705 */ 
0x00,0x00,0x00,0x03,0x00,0x03,0xFC,0xFF,0x0C,0x06,0xEC,0x7F,0x3C,0xC0,0x3C,0xC0,
0x3C,0xC0,0xFC,0x7F,0x3C,0x00,0x36,0x00,0x36,0x00,0x36,0x00,0x1E,0x00,0x1E,0x00,
/* 1706 */ 
0x00,0x00,0x18,0x00,0x18,0x0C,0x7E,0x18,0xFE,0xFF,0xFE,0xC1,0xBE,0xC1,0xBE,0xC1,
0x9E,0xFF,0x98,0x01,0x98,0x01,0xB8,0x01,0xB8,0x01,0xEC,0x01,0xEC,0x01,0xC6,0x00,
/* 1707 */ 
0x00,0x00,0x00,0x00,0x0C,0x7E,0x0C,0x06,0xFE,0xFF,0x6C,0xC6,0xEC,0xFF,0x6C,0x66,
0x6C,0x3C,0x7C,0x06,0x6E,0x06,0xEC,0xFF,0x6C,0xC6,0x6C,0xC6,0x3C,0x63,0xBE,0x7D,
/* 1708 */ 
0x00,0x00,0x80,0x01,0x80,0x01,0x80,0xFF,0x80,0x01,0xFC,0x7F,0x06,0x60,0x36,0x78,
0x66,0x6C,0xC6,0x66,0x86,0x63,0x86,0x63,0xC6,0x6E,0x76,0x78,0x1E,0x70,0xFC,0x7F,
/* 1709 */ 
0x00,0x00,0x00,0x00,0x00,0x7F,0x80,0x01,0xFC,0xFF,0x0C,0xC0,0xFC,0x7F,0x8C,0x31,
0x0C,0x3F,0x8C,0x01,0xFC,0x7F,0x8C,0x61,0x8C,0x61,0xCC,0x60,0x66,0x60,0x3E,0x7E,
/* 1710 */ 
0x00,0x00,0x00,0x00,0xF0,0x0F,0x1C,0x0C,0xFE,0x7F,0x0C,0x63,0xFC,0x7F,0x0C,0x63,
0xF8,0x7F,0x00,0x00,0xFC,0x7F,0xF8,0x3F,0x0C,0x60,0xFC,0x7F,0x0C,0x60,0xF8,0x3F,
/* 1711 */ 
0x00,0x00,0x30,0x00,0x30,0x18,0xFC,0x7C,0xF8,0x3E,0x3C,0xFB,0x36,0x03,0xFC,0x7F,
0xFC,0x7F,0xCC,0x66,0xFC,0x7F,0x3C,0x06,0xFC,0x77,0x36,0x1E,0x36,0xC6,0xF6,0xFF,
/* 1712 */ 
0x00,0x00,0x00,0x00,0xFF,0x7F,0x0C,0x60,0x8C,0x7F,0x0C,0x60,0xCC,0xFF,0x7E,0x0C,
0xEF,0xCD,0xEC,0x6D,0xEC,0x3D,0x6C,0x1F,0xEC,0x3F,0xEC,0x6C,0x3C,0xCC,0x80,0x07,
/* 1713 */ 
0x00,0x00,0x00,0x00,0xF8,0x3F,0xFE,0xFF,0x83,0xC1,0xF8,0xDD,0xFC,0x3F,0x80,0x07,
0xFE,0x7E,0xC6,0x67,0xFC,0x3C,0xB0,0x7F,0xF0,0x3E,0x36,0x63,0xF6,0x63,0xFE,0x7F,
/* 1714 */ 
0x00,0x00,0x00,0x00,0x7C,0x03,0x66,0x7F,0xE6,0x63,0xE6,0x66,0x66,0x36,0x3C,0x1C,
0x18,0x36,0x9E,0xE3,0xFE,0x3F,0x9E,0x61,0x9E,0x61,0x9E,0x61,0xFE,0x61,0x0F,0x7F,
/* 1715 */ 
0x00,0x00,0x00,0x00,0x3C,0x03,0x66,0x7F,0xE6,0x63,0xFE,0x36,0x7E,0x1C,0x7E,0x1C,
0x7E,0x36,0xFE,0xE3,0x6E,0x7F,0x8C,0x61,0xBC,0x61,0xBC,0x61,0xE6,0x61,0x63,0x7F,
/* 1716 */ 
0x00,0x00,0x80,0x01,0x00,0x03,0xFC,0xFF,0x66,0x0C,0xFC,0x7F,0x66,0xCC,0x66,0xCC,
0xFC,0x7F,0x06,0x00,0x1E,0xE6,0xFE,0x3F,0x1E,0x0E,0x1E,0x06,0x1E,0xC7,0xF3,0xFF,
/* 1717 */ 
0x00,0x00,0x00,0x00,0xF6,0x0F,0x3C,0x7F,0x38,0x6F,0x30,0x7F,0xF6,0x33,0xCE,0x38,
0xFC,0x6C,0xF0,0xC7,0xF0,0x7F,0xFC,0xC6,0xFC,0xC6,0xF6,0xC6,0xF6,0xC7,0x7E,0x7C,
/* 1718 */ 
0x00,0x00,0x0C,0x00,0x98,0x7F,0x18,0x60,0xBE,0x7F,0x60,0x60,0xF0,0xFF,0x18,0x0C,
0xD8,0xCC,0xBC,0x6D,0x7F,0x3C,0x18,0x1E,0x98,0x3F,0xD8,0x6C,0x18,0xCC,0x98,0x0F,
/* 1719 */ 
0x00,0x00,0x00,0x00,0xF8,0x1F,0x00,0x30,0xF8,0x1F,0x00,0x18,0x00,0x18,0xFE,0xFF,
0x0C,0x63,0x18,0x33,0x30,0x1F,0xE0,0x07,0x60,0x1F,0x30,0x33,0x1C,0xE3,0xE0,0x03,
/* 1720 */ 
0x00,0x00,0x00,0x00,0x3E,0x06,0x36,0x06,0xF6,0x7F,0x1E,0x06,0x1E,0x06,0xFE,0xFF,
0x36,0x06,0xF6,0x66,0xF6,0x66,0xF6,0x66,0xDE,0x66,0xC6,0x66,0xC6,0x66,0x86,0x3F,
/* 1721 */ 
0x00,0x00,0x00,0x00,0xFE,0x3F,0x76,0x6F,0xFC,0xCF,0xB0,0x0F,0xFE,0xFF,0x60,0x18,
0xF8,0x79,0x6E,0x7B,0xF8,0x7F,0xEC,0x3B,0x30,0x3B,0xDC,0xB9,0x60,0xFC,0x3C,0xE6,
/* 1722 */ 
0x00,0x00,0x00,0x00,0x3E,0x0C,0x60,0x7F,0x6C,0xC3,0x6C,0xC3,0x66,0xC3,0x66,0xC3,
0xFC,0xFF,0xC0,0x01,0xC0,0x01,0xFF,0x01,0xC0,0x01,0xE0,0x01,0xE0,0x01,0xF8,0x00,
/* 1723 */ 
0x00,0x00,0x00,0x00,0xF8,0x3F,0x0C,0x30,0x0C,0x30,0x0C,0x30,0x0C,0x30,0xF8,0x3F,
0x00,0x00,0xFC,0x7F,0x06,0x60,0x06,0x60,0x06,0x60,0x06,0x60,0x06,0x60,0xFC,0x7F,
/* 1724 */ 
0x00,0x00,0x00,0x00,0x0C,0x3E,0xFC,0x63,0x86,0xC1,0x86,0xC1,0x83,0xC1,0x7E,0x7F,
0x18,0x00,0x18,0x3E,0x7E,0xE3,0x98,0xC1,0x98,0xC1,0x98,0xC1,0xF8,0xC1,0x38,0xFF,
/* 1725 */ 
0x00,0x00,0x00,0x00,0xD8,0x7F,0x78,0x60,0x6C,0x60,0x6C,0x60,0x6C,0x60,0xCE,0x3F,
0x0E,0x00,0xEC,0x7F,0x6C,0xC0,0x3C,0xC0,0x3C,0xC0,0x3C,0xC0,0x3C,0xC0,0xEC,0x7F,
/* 1726 */ 
0x00,0x00,0x18,0x03,0x18,0x03,0xFE,0xFF,0x8C,0x61,0xCC,0x38,0x7C,0x0F,0x6C,0x0F,
0x6C,0xCF,0x6C,0x7B,0x6C,0x3B,0x6C,0x33,0x6C,0x33,0x66,0x7B,0x66,0x6F,0x3E,0xC7,
/* 1727 */ 
0x00,0x00,0xF8,0x3F,0x0C,0xE0,0x0C,0xC0,0xFC,0x7F,0xEC,0xFF,0xBC,0x01,0xDC,0x7F,
0xFC,0x7F,0xEC,0x61,0xBC,0x7F,0x3E,0x03,0xB6,0xFF,0xF6,0x63,0x76,0x3E,0xF3,0xF7,
/* 1728 */ 
0x00,0x00,0x00,0x00,0xFC,0xFF,0x0C,0xC0,0xFC,0x7F,0x6C,0x33,0xCC,0x1B,0xFC,0x7F,
0x8C,0x0F,0xEC,0x3B,0x3C,0xE3,0xFC,0xFF,0x8C,0x19,0xC6,0x0D,0x06,0x1F,0xFE,0xF3,
/* 1729 */ 
0x00,0x00,0x00,0x00,0xD8,0x66,0x8C,0x37,0xCC,0xFF,0x36,0x0E,0x36,0x1F,0x9C,0x77,
0xF8,0xC6,0x0C,0x06,0xC6,0xFF,0x3E,0x33,0x80,0x31,0x60,0x1F,0x3E,0x7E,0xC0,0xC3,
/* 1730 */ 
0x00,0x00,0x00,0x03,0x00,0x3F,0x00,0x03,0xFC,0xFF,0x0C,0xC3,0x0C,0xDF,0xFC,0x03,
0x0C,0x33,0x0C,0x3F,0x0C,0x30,0xFC,0x63,0xF6,0xF6,0xDE,0xFC,0xDE,0xF0,0x80,0x1F,
/* 1731 */ 
0x00,0x00,0x00,0x00,0xF8,0x7F,0x0C,0x00,0xF6,0x3F,0xFC,0x1F,0x00,0x30,0xF8,0x37,
0xF8,0x37,0x00,0x36,0xFE,0x3F,0xCE,0x3C,0xF8,0xF7,0xF0,0xF7,0xD8,0xEE,0xFE,0xF8,
/* 1732 */ 
0x00,0x00,0x00,0x06,0x18,0x06,0xF8,0x7F,0x0C,0x66,0xE6,0xFF,0x38,0x66,0x18,0x66,
0xEC,0x3F,0x0E,0x06,0xEF,0x7F,0x0C,0x06,0x0C,0x06,0xEC,0xFF,0x0C,0x06,0x0C,0x06,
/* 1733 */ 
0x00,0x00,0x80,0x01,0x80,0x01,0xFE,0x7F,0x86,0x61,0xCC,0x38,0xD8,0x0F,0xF0,0x0D,
0xB8,0x19,0xDC,0x37,0xE6,0x6F,0x80,0x01,0xFE,0xFF,0x80,0x01,0x80,0x01,0x80,0x01,
/* 1734 */ 
0x00,0x00,0x00,0x00,0x06,0x7F,0x0C,0x03,0xF8,0xFF,0x30,0xC3,0x33,0xFF,0xFE,0x63,
0x38,0x66,0x30,0x3C,0xFC,0x61,0xFC,0x6D,0xFC,0x7D,0xFE,0xF9,0xFE,0xF1,0x18,0x1F,
/* 1735 */ 
0x00,0x00,0x00,0x00,0x98,0x3F,0x18,0x60,0x6C,0x60,0x6C,0x3F,0x3E,0x30,0xF0,0xFF,
0xD8,0xCC,0x8C,0xCD,0xF6,0x6D,0x1E,0x3F,0x00,0x3F,0xE0,0x6D,0xFC,0xCC,0x06,0x0F,
/* 1736 */ 
0x00,0x00,0x80,0x01,0x80,0x01,0xFE,0xFF,0xC0,0x06,0xF0,0x3E,0xD8,0x36,0xCC,0x66,
0xC6,0xC6,0xC0,0x06,0x00,0x03,0x0C,0x63,0x0C,0x63,0x0C,0x63,0x0C,0x63,0xFC,0x7F,
/* 1737 */ 
0x00,0x00,0x80,0x01,0x80,0x01,0xFE,0xFF,0xC0,0x06,0xD8,0x36,0xCC,0x66,0xC6,0x66,
0x60,0x66,0xFC,0x3F,0x80,0x01,0xFC,0x7F,0x00,0x03,0xFC,0x7F,0x00,0x03,0x70,0x03,
/* 1738 */ 
0x00,0x00,0x80,0x01,0x80,0x01,0xFE,0xFF,0xC0,0x36,0xF0,0x36,0xD8,0x66,0xCC,0x66,
0xC0,0x06,0xFC,0x3F,0x00,0x3C,0x00,0x07,0xFE,0xFF,0x00,0x06,0x00,0x06,0xF0,0x07,
/* 1739 */ 
0x00,0x00,0x00,0x03,0x06,0x03,0xFC,0xFF,0x98,0x19,0xE0,0x79,0xE3,0x79,0xBE,0xD9,
0x9C,0x19,0x00,0x06,0xF0,0xFF,0x0C,0x0F,0x8C,0x1F,0xCC,0x36,0x66,0x66,0x3E,0xC6,
/* 1740 */ 
0x00,0x00,0x00,0x00,0xFC,0x7E,0x0C,0xC6,0xDC,0xC6,0xDC,0xCE,0xFC,0xDE,0xFC,0xDE,
0xFC,0xDE,0xCC,0xF6,0xCC,0xF6,0xFC,0xF6,0xC0,0xC6,0x60,0x66,0x70,0x3E,0x1C,0x06,
/* 1741 */ 
0x00,0x00,0x00,0x00,0xFE,0x0D,0x30,0x0C,0x30,0x0C,0x30,0x0C,0xFE,0x0D,0x30,0x0C,
0x30,0x0C,0x30,0x0C,0xFC,0x0D,0x86,0xCD,0x86,0xCD,0x86,0xCD,0x86,0xCD,0xFC,0x7D,
/* 1742 */ 
0x00,0x00,0x00,0x06,0x18,0x06,0xF8,0xFF,0x3E,0x00,0xF8,0x3F,0xD8,0x60,0xD8,0x60,
0xD8,0x60,0xF8,0x7F,0x1C,0x1E,0x9E,0x37,0xD8,0x66,0x78,0x66,0x78,0xC6,0xBE,0x07,
/* 1743 */ 
0x00,0x00,0x00,0x00,0x3C,0x3F,0x7E,0x63,0xFE,0x63,0xFE,0x36,0x7E,0x1C,0x7E,0x1C,
0x7E,0x36,0xFE,0xE3,0x7E,0x7F,0xFE,0x61,0xFE,0x61,0xFE,0x61,0xFE,0x61,0x00,0x7F,
/* 1744 */ 
0x00,0x00,0x18,0x00,0x18,0x0E,0x18,0x1B,0xFE,0x31,0xD8,0x61,0x78,0xC0,0x98,0x01,
0xF8,0x31,0xB8,0x19,0x9E,0x0F,0x98,0x63,0x98,0x61,0x98,0x61,0x98,0x61,0x9E,0x3F,
/* 1745 */ 
0x00,0x00,0x00,0x00,0x18,0x1C,0x18,0x3E,0xFE,0x33,0xBC,0xE1,0xFC,0x80,0x36,0x03,
0xFE,0x63,0x30,0x3B,0x30,0x0F,0x30,0xC7,0xFE,0xC3,0x30,0xC3,0x30,0xC3,0x30,0x7E,
/* 1746 */ 
0x00,0x00,0x00,0x00,0x18,0x07,0x98,0x0D,0x8C,0x39,0xCC,0x70,0x6C,0xC0,0xFE,0x00,
0xCE,0x30,0xCF,0x1C,0xCC,0x06,0xCC,0x03,0xCC,0xC0,0xCC,0xC0,0xCC,0xC0,0x8C,0x7F,
/* 1747 */ 
0x00,0x00,0x80,0x01,0x80,0x03,0xC0,0x06,0x70,0x0C,0x18,0x38,0x0E,0xE0,0x30,0x00,
0x30,0x1C,0x30,0x07,0xF0,0x01,0x30,0x60,0x30,0x60,0x30,0x60,0x30,0x60,0xF0,0x3F,
/* 1748 */ 
0x00,0x00,0x00,0x06,0x06,0x0F,0x9C,0x1D,0xC0,0x39,0xE0,0x70,0x36,0xC0,0xCC,0x00,
0xD8,0x00,0xD8,0x38,0xD8,0x0C,0xD8,0x07,0xCC,0xC1,0xCC,0xC0,0xC6,0xC0,0xC0,0x7F,
/* 1749 */ 
0x00,0x00,0x00,0x00,0x18,0x0E,0x18,0x1E,0x0C,0x33,0xEC,0x61,0xF6,0xC1,0x1E,0x03,
0x18,0x63,0x0C,0x3B,0x06,0x0F,0x7E,0x07,0x00,0xC3,0x00,0xC3,0x3E,0xC3,0x00,0x7F,
/* 1750 */ 
0x00,0x00,0x00,0x00,0x00,0x0E,0x0C,0x1B,0x98,0x31,0xC0,0x60,0x60,0xC0,0x8E,0x01,
0x98,0x01,0x98,0x39,0x98,0x0D,0x98,0x07,0x98,0xC1,0xF8,0x61,0xB8,0x61,0x98,0x7F,
/* 1751 */ 
0x00,0x00,0x60,0x0C,0xFE,0xFF,0x60,0x0C,0x30,0x0C,0xFC,0x7F,0xCC,0x66,0xFC,0x7F,
0xD8,0x30,0xE0,0x1F,0x30,0x70,0x7C,0x30,0xC0,0x30,0x80,0x1B,0x00,0x0E,0xE0,0x03,
/* 1752 */ 
0x00,0x00,0x18,0x00,0x98,0xFF,0xD8,0xCC,0xFE,0xFF,0xFE,0xCC,0xFE,0xFF,0x7E,0x06,
0x7E,0x3B,0xFE,0x6F,0x7E,0x67,0xBC,0xFF,0x38,0x3F,0x78,0x6F,0xF8,0x6D,0xEF,0xCF,
/* 1753 */ 
0x00,0x00,0x00,0x00,0xFC,0x7F,0x66,0x66,0x66,0x66,0xFC,0x7F,0xC0,0x00,0xE0,0x1F,
0x30,0x70,0x38,0x60,0xEC,0x30,0x80,0x19,0x00,0x0F,0x00,0x06,0xC0,0x03,0x7C,0x00,
/* 1754 */ 
0x00,0x00,0x00,0x00,0xEC,0x7F,0xBC,0xCD,0xB0,0xCD,0xE0,0x7F,0x80,0x01,0x8E,0x7F,
0xCC,0x60,0xEC,0x61,0x0C,0x37,0x0C,0x1C,0x0C,0x0C,0x9C,0x07,0xFC,0x00,0xE6,0xFF,
/* 1755 */ 
0x00,0x00,0x00,0x00,0x8C,0x7F,0xFC,0xDE,0xC6,0xDE,0xC6,0xDE,0x83,0xFF,0x7E,0x06,
0x18,0xFF,0x18,0xC3,0xFE,0xC7,0xD8,0x7C,0x18,0x70,0x18,0x38,0x78,0x0C,0xB8,0x07,
/* 1756 */ 
0x00,0x00,0x18,0x06,0xFC,0xFE,0xBC,0x1B,0x86,0x19,0xFC,0x7F,0x6C,0x66,0x6C,0x66,
0xF8,0x3F,0x60,0x00,0xF0,0x7F,0x78,0x60,0xCC,0x31,0x00,0x1F,0x00,0x07,0xF0,0x01,
/* 1757 */ 
0x00,0x00,0x00,0x00,0xBE,0xFF,0xE0,0xCD,0xE6,0xFF,0xB6,0xCD,0xB6,0xFF,0x36,0x3C,
0x7C,0x37,0xC0,0x3F,0xC0,0x66,0xFC,0xFF,0xC0,0x3B,0x60,0x7B,0xE0,0xD9,0xB8,0xDF,
/* 1758 */ 
0x00,0x00,0x00,0x00,0x98,0x7F,0xF0,0x6C,0xC0,0x6C,0xFC,0x7F,0xF0,0x6C,0xF8,0x6C,
0xF8,0x7F,0x3C,0x0C,0xFE,0xFF,0x18,0x1E,0x18,0x3F,0x98,0x7D,0xD8,0xEC,0x78,0x0C,
/* 1759 */ 
0x00,0x00,0x30,0x00,0x30,0x0C,0xFE,0x7F,0x30,0x03,0x8C,0x01,0xB8,0x7F,0xC0,0x33,
0x66,0x1E,0x1C,0x0E,0xC0,0x7B,0x70,0xC0,0xD8,0x7F,0x78,0x60,0x6C,0x60,0xC6,0x7F,
/* 1760 */ 
0x00,0x00,0x00,0x00,0x8E,0x03,0x9C,0x7F,0xD8,0x71,0x60,0x3B,0x03,0x0E,0x0E,0x1E,
0x98,0x73,0xF0,0xC0,0xD8,0x7F,0x78,0x60,0x6C,0x60,0x6C,0x60,0x66,0x60,0xC6,0x7F,
/* 1761 */ 
0x00,0x00,0x00,0x06,0x7E,0x06,0x60,0x7F,0xE6,0x67,0x36,0x3C,0x36,0x1C,0x36,0x3C,
0xFE,0x67,0xC0,0xC1,0xC0,0x7F,0xFC,0x63,0xC6,0x63,0xC0,0x63,0xC0,0x63,0x7C,0x7F,
/* 1762 */ 
0x00,0x00,0x00,0x03,0x18,0x3F,0x8C,0x63,0xEC,0x63,0xF6,0x36,0x3E,0x1C,0x18,0x1E,
0x0C,0x33,0xCC,0xE1,0xFE,0x7F,0x80,0x61,0x80,0x61,0xE0,0x61,0xBE,0x61,0x80,0x7F,
/* 1763 */ 
0x00,0x00,0x18,0x00,0x98,0x3F,0x18,0x60,0x7F,0x63,0x6C,0x63,0x6C,0x63,0xEC,0x31,
0xEC,0x31,0x66,0xFF,0x6C,0xC0,0x38,0xC0,0xB0,0xDF,0x78,0xC0,0xCC,0xC0,0x06,0x7C,
/* 1764 */ 
0x00,0x00,0x80,0x01,0x00,0x03,0xFC,0xFF,0x6C,0x18,0xFC,0xFF,0x6C,0x1B,0xEC,0x1C,
0xEC,0x3C,0xFC,0x3E,0xFC,0x3F,0x7C,0x7E,0x7C,0x7B,0x7E,0xDB,0x66,0x18,0x66,0x18,
/* 1765 */ 
0x00,0x00,0x00,0x00,0x80,0x1F,0x7E,0x70,0x98,0x61,0x98,0x31,0x98,0x31,0x98,0x31,
0x7E,0xFF,0x18,0xC0,0x18,0xC0,0x98,0xFF,0x18,0xC0,0x78,0xC0,0x1E,0xC0,0x00,0x78,
/* 1766 */ 
0x00,0x00,0x00,0x00,0xFE,0x3F,0x98,0x31,0x98,0x31,0x8C,0x31,0x8C,0x31,0xFC,0x31,
0x6E,0xFF,0x6F,0xC0,0x6C,0xC0,0xEC,0xFF,0x6C,0xC0,0x6C,0xC0,0x6C,0xC0,0x3C,0xFC,
/* 1767 */ 
0x00,0x00,0x00,0x00,0x98,0x3F,0x18,0x60,0x7E,0x63,0xDE,0x63,0xDE,0x63,0xDE,0x33,
0xDE,0x3F,0xDE,0xE0,0x7E,0xC0,0x3C,0xC0,0x98,0xFF,0xD8,0xC0,0xF8,0xC0,0xFE,0x7C,
/* 1768 */ 
0x00,0x00,0x00,0x00,0xFC,0x1F,0x00,0x18,0x18,0x18,0x18,0x18,0x18,0x18,0x18,0x18,
0xF8,0x3F,0x00,0x60,0x00,0x60,0x00,0x60,0xFE,0x7F,0x00,0x60,0x00,0x60,0x00,0x3E,
/* 1769 */ 
0x00,0x00,0x00,0x00,0xFC,0x7E,0xC6,0x63,0xC6,0x63,0xFC,0x7E,0x00,0x00,0xFC,0x1F,
0x00,0x18,0x30,0x18,0x30,0x18,0xE0,0xFF,0x00,0xC0,0xFE,0xDF,0x00,0x60,0x00,0x7C,
/* 1770 */ 
0x00,0x00,0x00,0x06,0x00,0x06,0xFE,0x7F,0x7E,0x33,0x7E,0x33,0xFE,0xFF,0x7E,0x33,
0xFE,0x33,0xFE,0x7F,0xFE,0x7F,0xFE,0x7F,0xFE,0xFF,0x7E,0xFF,0x3C,0x37,0x30,0x33,
/* 1771 */ 
0x00,0x00,0x00,0x00,0xC0,0x3F,0x3E,0x60,0xB6,0x31,0xB6,0x31,0xB6,0x31,0xB6,0x31,
0xB6,0xFF,0x36,0xC0,0x36,0xC0,0xF6,0xFF,0x36,0xC0,0x3E,0xC0,0x00,0xC0,0x00,0x7C,
/* 1772 */ 
0x00,0x00,0x00,0x00,0xC0,0x7F,0xCC,0x66,0xCC,0x66,0xFE,0x7F,0xCC,0x66,0xCC,0x66,
0xCC,0x66,0xCC,0x7F,0x0C,0x06,0x3C,0x06,0xF8,0xFF,0x0C,0x06,0x06,0x06,0xE0,0xFF,
/* 1773 */ 
0x00,0x00,0x00,0x00,0xFE,0x7F,0x00,0xC3,0x70,0xC3,0xC0,0x63,0x1C,0x63,0x30,0x03,
0x60,0x03,0xFE,0xFF,0x80,0x01,0x80,0x07,0xC0,0x0C,0x60,0x18,0x30,0x70,0x1C,0x00,
/* 1774 */ 
0x00,0x00,0x00,0x00,0xFC,0x7F,0x80,0x01,0x80,0x01,0xF8,0x3F,0x80,0x01,0xFE,0xFF,
0x60,0x00,0xE0,0x3F,0x70,0x30,0xD8,0x18,0x8C,0x0D,0x00,0x07,0xC0,0x0D,0x7C,0x78,
/* 1775 */ 
0x00,0x00,0x00,0x00,0x80,0x01,0xF8,0x3F,0x80,0x01,0xFE,0xFF,0x30,0xC6,0x60,0xC6,
0xD8,0x66,0x70,0x03,0x60,0x03,0xFE,0xFF,0x80,0x03,0xC0,0x0E,0x70,0x38,0x1C,0x60,
/* 1776 */ 
0x00,0x00,0x00,0x00,0xEC,0xFF,0x0C,0x03,0x18,0x03,0x00,0x03,0x0E,0xFF,0x18,0xC3,
0x18,0xC3,0x18,0xC3,0x98,0xC1,0x98,0xC1,0xD8,0xC0,0x78,0x60,0x3C,0x38,0xE6,0xFF,
/* 1777 */ 
0x00,0x00,0x00,0x03,0x3C,0x1E,0x36,0x00,0xB6,0x0F,0x36,0x0C,0x3E,0xCC,0xF6,0x7F,
0x36,0x3E,0x36,0x3F,0x3E,0x3F,0xB6,0x6D,0xB6,0xCD,0xF6,0x8C,0x36,0x0C,0xBF,0x0F,
/* 1778 */ 
0x00,0x00,0x00,0x33,0x3E,0x33,0xF6,0xFF,0x36,0x33,0x36,0x00,0xFE,0xFF,0x36,0x33,
0xB6,0xFF,0xF6,0xF3,0xFE,0xF3,0xF6,0xFB,0xF6,0xFF,0xF6,0xD9,0xF6,0xC0,0xDC,0xF0,
/* 1779 */ 
0x00,0x00,0x00,0x00,0x8C,0x7F,0x8C,0x7F,0xFE,0x61,0xE6,0x7F,0x6F,0x00,0xCC,0xFF,
0xCC,0xDE,0xCC,0xDE,0x8C,0x7F,0x8C,0x3F,0x8C,0xE1,0x6C,0x73,0x3C,0x1E,0xF8,0xFB,
/* 1780 */ 
0x00,0x00,0x80,0x01,0x80,0x01,0xFE,0xFF,0xC0,0x1E,0xD8,0x36,0xD8,0x66,0xCC,0xC6,
0xC0,0x00,0x80,0x01,0xF8,0x7F,0x8C,0x61,0xF8,0x7F,0x80,0x31,0x80,0x79,0xFE,0xCF,
/* 1781 */ 
0x00,0x00,0x00,0x00,0xC6,0x18,0xFC,0xFF,0xD8,0x18,0x00,0x00,0xE7,0x7F,0x8C,0x19,
0xF8,0x7F,0xB8,0xD9,0xB8,0xD9,0xBC,0xFB,0xFC,0xFE,0xFC,0xEC,0x36,0xC0,0x36,0xF8,
/* 1782 */ 
0x00,0x00,0x60,0x0C,0xFE,0xFF,0x30,0x0C,0xF8,0x3F,0xF8,0x3F,0x18,0x30,0xF8,0x3F,
0xFC,0x7F,0x66,0xCC,0xFC,0x7F,0x00,0x00,0xF8,0x3F,0x60,0x38,0xC0,0x0F,0xFE,0x7E,
/* 1783 */ 
0x00,0x00,0x00,0x00,0xFC,0x3F,0xFC,0x7F,0x0C,0x60,0xFC,0x3F,0x00,0x00,0xFC,0x7F,
0x66,0xCC,0xFE,0xFF,0x0C,0x00,0xFC,0x3F,0x70,0x18,0xC0,0x0E,0x80,0x03,0xFE,0xFE,
/* 1784 */ 
0x00,0x00,0x00,0x00,0xD8,0x7F,0xD8,0x60,0xFE,0x7F,0xFE,0x7F,0xBE,0x01,0xFE,0xFF,
0x7B,0xDB,0x7B,0xDB,0xD8,0x7F,0xD8,0x7F,0x98,0x61,0x18,0x3B,0x18,0x0E,0xF8,0x7B,
/* 1785 */ 
0x00,0x00,0x00,0x00,0xEC,0x7F,0xF8,0x7F,0x60,0x60,0xE0,0x7F,0x06,0x00,0xEC,0xFF,
0x38,0xDB,0xE0,0xFF,0x18,0x00,0xF8,0x7F,0x8C,0x31,0x0C,0x1F,0x86,0x0F,0xF6,0xF8,
/* 1786 */ 
0x00,0x00,0x00,0x00,0xCC,0x7F,0xD8,0x7F,0x78,0x60,0xC0,0x7F,0x0E,0x00,0xEC,0xFF,
0x6C,0xDB,0x6C,0xDB,0xCC,0x7F,0xCC,0x7F,0x8C,0x61,0x6C,0x33,0x38,0x1E,0xE0,0xF3,
/* 1787 */ 
0x00,0x00,0x30,0x18,0x30,0x18,0xFE,0xFF,0x30,0x18,0xB0,0x19,0xB0,0x19,0x00,0x03,
0xFE,0xFF,0x18,0x00,0x18,0x00,0x18,0x00,0x18,0x00,0x18,0x00,0x18,0x00,0xF0,0xFF,
/* 1788 */ 
0x00,0x00,0x30,0x00,0x30,0x30,0xFE,0xFF,0x30,0x30,0x3C,0x06,0x18,0x0C,0xF0,0xFF,
0x86,0x01,0x9C,0x01,0xB0,0x01,0xB0,0x01,0xB0,0x01,0x98,0x01,0x98,0x01,0x0C,0x7F,
/* 1789 */ 
0x00,0x00,0x80,0x01,0x80,0x01,0xFE,0xFF,0x0C,0x00,0x0C,0x00,0xF8,0x7F,0x00,0x00,
0xFC,0x7F,0x0C,0x60,0xFC,0x7F,0x0C,0x60,0x0C,0x60,0xFC,0x7F,0x0C,0x60,0xF8,0x7F,
/* 1790 */ 
0x00,0x00,0x00,0x00,0x8C,0x7F,0xD8,0x60,0xD8,0x60,0xFF,0x60,0xC6,0x3F,0xC6,0x0C,
0xC6,0x0C,0x86,0xFF,0xC6,0x18,0xC6,0x18,0xC6,0xD8,0xC6,0xF0,0xFC,0xEE,0x80,0xE3,
/* 1791 */ 
0x00,0x00,0x00,0x00,0x18,0x06,0x18,0x0C,0x3E,0x0C,0xFE,0xFF,0xBE,0x01,0xBE,0x01,
0x9E,0x01,0x9B,0x01,0x9B,0x01,0x98,0x01,0x98,0x01,0x98,0x01,0x98,0x01,0x98,0xFF,
/* 1792 */ 
0x00,0x00,0x00,0x00,0xFE,0xFF,0x60,0x0C,0x60,0x3C,0x80,0x31,0xFE,0xFF,0xC0,0x06,
0x70,0x1C,0x7C,0x7C,0x66,0xCC,0xFE,0xFF,0x60,0x0C,0x60,0x0C,0x30,0x0C,0x1E,0x0C,
/* 1793 */ 
0x00,0x00,0x00,0x00,0x0C,0x33,0xFC,0xFF,0x18,0x33,0x1C,0x33,0x36,0x00,0xB0,0x7F,
0xF8,0xCC,0xF8,0xCC,0xFC,0xCC,0xF6,0xFF,0xF0,0xCC,0xF0,0xCC,0xF0,0xCC,0x9C,0x7F,
/* 1794 */ 
0x00,0x00,0x00,0x00,0xFE,0xFF,0x30,0x0C,0x30,0x0C,0xFC,0x7F,0x30,0x38,0xE0,0x0E,
0x80,0x03,0xFE,0xFF,0x80,0xC3,0xC0,0xC3,0x70,0x63,0x1C,0x03,0x06,0x03,0xE0,0x03,
/* 1795 */ 
0x00,0x00,0x00,0x00,0x0C,0x63,0x86,0xFF,0xFE,0x63,0x06,0x63,0x03,0x00,0x7E,0xFF,
0x98,0xCD,0x98,0xCD,0xFE,0xCD,0x98,0xFF,0x98,0xCD,0x98,0xCD,0xF8,0xCD,0xB8,0xFF,
/* 1796 */ 
0x00,0x00,0x00,0x00,0xC0,0x3F,0xFC,0x01,0x80,0x01,0x80,0x01,0xFE,0x7F,0x80,0x01,
0x80,0x01,0x80,0x01,0xFE,0xFF,0x80,0x01,0x80,0xC1,0x80,0xC1,0x80,0xC1,0x80,0x7F,
/* 1797 */ 
0x00,0x00,0x00,0x00,0xF8,0x7F,0x00,0x30,0x60,0x18,0xC0,0x0E,0x80,0x03,0xFE,0xFF,
0x00,0xC3,0x80,0xC3,0xC0,0x63,0x70,0x33,0x18,0x1B,0x0E,0x03,0x00,0x03,0xF0,0x03,
/* 1798 */ 
0x00,0x00,0x0C,0x00,0x8C,0xF7,0xFC,0xDE,0xC6,0xDE,0xC6,0xDE,0xFE,0xDE,0xD8,0xDE,
0xD8,0xDE,0xFE,0xDE,0xD8,0xDE,0x98,0xDF,0x18,0xFE,0xD8,0x1E,0x78,0x1B,0xC0,0x19,
/* 1799 */ 
0x00,0x00,0x00,0x00,0xF0,0x7E,0xDC,0xC6,0xC6,0xC6,0xC6,0xC6,0xC6,0xC6,0xC6,0xC6,
0xC6,0xC6,0xC6,0xC6,0xC6,0xC6,0xFE,0xC6,0xCC,0x7E,0x60,0x06,0x30,0x06,0x1E,0x06,
/* 1800 */ 
0x00,0x00,0x60,0x00,0x60,0x0C,0xFE,0xFF,0x60,0x3C,0x60,0x63,0x00,0xC3,0xFC,0xFF,
0x0C,0x33,0x0C,0x36,0x0C,0x1E,0x0C,0x0E,0x0C,0xCE,0x8C,0xDB,0xE6,0xF0,0x06,0xE0,
/* 1801 */ 
0x00,0x00,0x00,0x00,0xFC,0x7F,0x06,0xC0,0xFE,0xFF,0x06,0xC0,0xFE,0xFF,0x00,0x00,
0xF8,0x3F,0x18,0x60,0xF8,0x7F,0x18,0x60,0xF8,0x7F,0x18,0x60,0x18,0x60,0xF8,0x3F,
/* 1802 */ 
0x00,0x00,0x18,0x00,0xD8,0xFF,0xD8,0xC0,0xFE,0xFF,0xFE,0xC0,0xFE,0xFF,0x7E,0x00,
0xFE,0x7F,0xFE,0x61,0xFE,0x7F,0xFE,0x61,0xBE,0x61,0x98,0x7F,0x98,0x61,0x98,0x7F,
/* 1803 */ 
0x00,0x00,0x00,0x00,0x7E,0x0C,0x9B,0x7F,0xDE,0xC1,0xF6,0xC1,0xBE,0xFF,0xBE,0xC1,
0xB0,0xC1,0xF8,0xFF,0x6C,0x1B,0x76,0x1B,0x78,0xDB,0x6E,0xDB,0xE0,0xD9,0xFC,0xF1,
/* 1804 */ 
0x00,0x00,0x00,0x00,0xFC,0x7F,0x66,0xCC,0x66,0xCC,0xE6,0xC6,0x3E,0x7F,0x8C,0x31,
0xF8,0x3F,0x8C,0x31,0x8C,0x31,0x8C,0x31,0xCC,0x36,0xC0,0x0C,0x70,0x38,0x1E,0x60,
/* 1805 */ 
0x00,0x00,0x00,0x00,0x80,0x01,0xC0,0x00,0xC0,0x0C,0x60,0x0C,0x30,0x06,0x30,0x06,
0x18,0x03,0x8C,0x01,0xC6,0x00,0xC0,0x30,0x60,0x30,0x30,0x60,0xF8,0x7F,0x00,0xC0,
/* 1806 */ 
0x00,0x00,0x00,0x03,0xFE,0x01,0x18,0xFF,0x98,0x61,0x98,0x61,0x98,0x31,0xFE,0x31,
0xD8,0x33,0x78,0x33,0x18,0x1B,0x18,0x1E,0x78,0x0C,0x0C,0x1E,0x86,0x73,0xE0,0xC0,
/* 1807 */ 
0x00,0x00,0x18,0x03,0x18,0x03,0x18,0x03,0x18,0x7F,0xBC,0x61,0xB8,0x63,0xB8,0x63,
0xFC,0x33,0xDC,0x36,0x1E,0x36,0x1E,0x1C,0x18,0x1C,0x18,0x36,0x18,0x63,0xD8,0xC1,
/* 1808 */ 
0x00,0x00,0x18,0x00,0x98,0x01,0x98,0xFF,0xD8,0x00,0xFE,0x7F,0x98,0x67,0xBC,0x7D,
0xBC,0x79,0xFE,0xFF,0xDE,0x66,0xDB,0x6C,0xD8,0x78,0x98,0xFF,0x18,0x60,0x18,0x3C,
/* 1809 */ 
0x00,0x00,0x00,0x06,0xFE,0x06,0x3C,0xFF,0x3C,0x03,0xFE,0x7F,0x7E,0x6F,0x7E,0x7B,
0x7E,0x63,0xFE,0xFF,0x6E,0x6F,0x66,0x7B,0x7E,0x63,0x66,0xFE,0x66,0x60,0x3C,0x3C,
/* 1810 */ 
0x00,0x00,0xFC,0x7F,0x80,0x01,0xFE,0xFF,0xFE,0xFF,0x86,0xC1,0xFC,0x7E,0x18,0x00,
0xFC,0x7F,0xFE,0x3F,0xD8,0x61,0x18,0x63,0xFC,0xFF,0x8C,0x37,0xFC,0xFF,0x00,0x36,
/* 1811 */ 
0x00,0x00,0x00,0x00,0xD8,0x60,0xDE,0xFF,0xFE,0x60,0xBE,0x7F,0xDE,0x60,0xDE,0x60,
0x9E,0x3F,0x18,0x06,0xF8,0xFF,0x18,0x0E,0x3C,0x1F,0xBC,0x37,0xF6,0x66,0x66,0xC0,
/* 1812 */ 
0x00,0x00,0x00,0x00,0x8E,0x1F,0x98,0x19,0xB0,0x19,0xC0,0x18,0xC6,0xF0,0x7C,0x00,
0xE0,0x3F,0xD8,0x60,0x98,0x31,0x98,0x19,0x0C,0x0F,0x0C,0x0E,0xC6,0x3B,0x7E,0xE0,
/* 1813 */ 
0x00,0x00,0x00,0x00,0xF8,0xFF,0x0C,0xC3,0x0C,0xC3,0xFC,0x7F,0x0C,0x00,0xEC,0xFF,
0x3C,0xC0,0x3C,0xC0,0xFC,0xFF,0x3C,0xC0,0xFC,0xFF,0x36,0xC0,0x36,0xC0,0xE6,0xFF,
/* 1814 */ 
0x00,0x00,0x80,0x61,0x8C,0x61,0xCC,0xFF,0xFE,0x61,0xEC,0x61,0xEC,0x7F,0xEC,0x61,
0xE6,0x7F,0x36,0x0C,0xF6,0xFF,0x3C,0x0C,0x18,0x1E,0x38,0x3F,0xFC,0xED,0x66,0x8C,
/* 1815 */ 
0x00,0x00,0x0C,0x00,0x0C,0x33,0x7C,0x33,0xC6,0x7F,0x06,0x0C,0xFF,0x7F,0x18,0x0C,
0xD8,0xFF,0x18,0x0C,0x7E,0x0C,0x18,0x7F,0x18,0x1C,0x18,0x36,0x78,0x63,0xF8,0xC1,
/* 1816 */ 
0x00,0x00,0x00,0x00,0xF0,0xFF,0x18,0x00,0x0C,0x00,0xF6,0x7F,0xD8,0x61,0x18,0x63,
0x18,0x66,0xFE,0xFF,0xD8,0x60,0x98,0x31,0x18,0x37,0x18,0x30,0xF0,0x7F,0x00,0x1B,
/* 1817 */ 
0x00,0x00,0x30,0x18,0x30,0x18,0x60,0x0C,0xFC,0x7F,0x80,0x01,0xFC,0x7F,0x80,0x01,
0x80,0x01,0xFE,0xFF,0x80,0x01,0xFE,0xFF,0x80,0x03,0xC0,0x06,0x60,0x1C,0x3E,0xF0,
/* 1818 */ 
0x00,0x00,0x00,0x00,0x3C,0x0C,0xF6,0x7F,0x36,0x0C,0x36,0x0C,0x36,0x0C,0xF6,0xFF,
0x76,0x0E,0x3E,0x1E,0x36,0x1F,0x36,0x3F,0xB6,0x6D,0xF6,0xCC,0x76,0x0C,0x3C,0x0C,
/* 1819 */ 
0x00,0x00,0x80,0x01,0xF8,0x3F,0x0E,0xE0,0x66,0x6C,0x6E,0x0C,0xEC,0x7F,0x6C,0x0C,
0x7C,0x0C,0xE0,0xFF,0x7E,0x0E,0x6C,0x1E,0x6C,0x3F,0xEC,0x3D,0xEC,0x6D,0xE6,0xCC,
/* 1820 */ 
0x00,0x00,0x00,0x0C,0x0C,0x0C,0x0C,0x0C,0xFE,0x7F,0x6C,0x0C,0x6C,0x0C,0xE6,0xFF,
0x66,0x0C,0x66,0x1E,0x36,0x1E,0x3C,0x3F,0xB8,0x6D,0xF8,0xCD,0xCC,0x0C,0x06,0x0C,
/* 1821 */ 
0x00,0x00,0x0C,0x00,0x8C,0xFF,0xCC,0xCC,0xFE,0xCC,0xFC,0x7F,0xF6,0x00,0xF6,0xFF,
0xF6,0xC3,0xF6,0xC3,0xF6,0xFF,0xDC,0xC3,0xD8,0xFF,0x7C,0xC3,0x66,0xC3,0x63,0xFE,
/* 1822 */ 
0x00,0x00,0x00,0x00,0xF8,0xFF,0x18,0xC0,0x00,0xC0,0x0C,0xC0,0x0C,0xC0,0x0C,0xC0,
0x0C,0xC0,0x0C,0xC0,0x0C,0xC0,0x0C,0xC0,0x0C,0xC0,0x0C,0xC0,0x0C,0xC0,0x00,0xF8,
/* 1823 */ 
0x00,0x00,0x00,0x00,0xD8,0x7F,0x18,0x60,0x30,0x60,0x8C,0x61,0xFC,0x61,0xFC,0x79,
0x7C,0x7B,0x7C,0x7B,0x7C,0x73,0x7C,0x7C,0x6C,0x6C,0xCC,0x67,0x0C,0x60,0x00,0x78,
/* 1824 */ 
0x00,0x00,0x18,0x00,0xD8,0x7F,0xD8,0xC0,0xEC,0xC1,0x6C,0xC0,0x6C,0xC0,0x6E,0xC0,
0x6E,0xC0,0x6C,0xC0,0x6C,0xC0,0x6C,0xC0,0x6C,0xC0,0x6C,0xC0,0x6C,0xC0,0x6C,0x78,
/* 1825 */ 
0x00,0x00,0x30,0x00,0xFE,0xFF,0x30,0x18,0x30,0x00,0xFE,0xFF,0xC6,0xC3,0xC6,0xC3,
0xFE,0xFF,0xC6,0xC3,0xC6,0xC3,0xC6,0xFF,0xC6,0xC3,0x7C,0xC3,0x80,0xC1,0xE0,0xFC,
/* 1826 */ 
0x00,0x00,0x60,0x0C,0xFE,0x7F,0x60,0x0C,0xFC,0x7F,0x06,0x60,0xF0,0x7F,0x00,0x00,
0xF8,0x1F,0xF0,0x30,0xDE,0x1F,0x70,0x0F,0x9C,0x1B,0xE0,0x33,0x38,0xE3,0xEC,0x03,
/* 1827 */ 
0x00,0x00,0x80,0x31,0xEC,0xFF,0x8C,0x31,0xCC,0x7F,0x7E,0xC0,0xFC,0xFF,0xDC,0xFF,
0x1C,0x06,0x0E,0x77,0xEE,0x1F,0x0C,0x3F,0xEC,0x3F,0x0C,0x6F,0xCC,0xCD,0x8C,0x0F,
/* 1828 */ 
0x00,0x00,0x00,0x00,0x7C,0x7F,0xC6,0xC3,0xC6,0xFF,0xFC,0xC3,0xC6,0xFF,0xC6,0xC3,
0xFC,0xCD,0xC0,0x78,0xF8,0x7F,0xCC,0x6C,0xCC,0x6C,0xCC,0x6C,0xCC,0x6C,0xFE,0xFF,
/* 1829 */ 
0x00,0x00,0x0C,0x00,0x8C,0x7F,0xFC,0x38,0x06,0x0C,0x06,0x18,0xFC,0xFF,0x18,0x30,
0x18,0x33,0x7E,0x1E,0x98,0xFF,0x98,0xDF,0x98,0xDF,0x98,0xDF,0xF8,0xDF,0xD8,0xFF,
/* 1830 */ 
0x00,0x00,0x00,0x00,0xF6,0x7F,0x1C,0x38,0x18,0x0E,0xFC,0xFF,0x1E,0x0C,0x18,0x18,
0xB8,0x0F,0x3C,0x06,0xFC,0x7F,0xF7,0xDB,0xF0,0xDB,0xF0,0xDB,0xF0,0xDB,0xFE,0xFF,
/* 1831 */ 
0x00,0x00,0x30,0x00,0x30,0x18,0xFE,0xFF,0x38,0x1C,0x78,0x3E,0xFC,0x7E,0xB6,0xDB,
0x30,0x00,0x60,0x00,0xF0,0x7F,0x78,0x60,0xCE,0x30,0x80,0x1B,0x00,0x0E,0xC0,0x03,
/* 1832 */ 
0x00,0x00,0x00,0x00,0xF8,0x3F,0x00,0x1E,0x80,0x03,0x00,0x03,0xFE,0xFF,0x00,0x06,
0x18,0x06,0xF0,0x03,0xF8,0x3F,0xCC,0x66,0xCC,0x66,0xCC,0x66,0xCC,0x66,0xFF,0xFF,
/* 1833 */ 
0x00,0x00,0x00,0x00,0xFE,0x6C,0xF6,0x6C,0xB6,0x6D,0xB6,0x3D,0x3E,0x3F,0x36,0x1C,
0xF6,0x7F,0x36,0x0E,0x36,0x1F,0x3E,0x3F,0xB6,0x6D,0xF6,0xCC,0x76,0xCC,0x1C,0x0C,
/* 1834 */ 
0x00,0x00,0x00,0x30,0xBC,0xF7,0xBC,0xFD,0x3C,0x7F,0x7E,0x7C,0xFE,0x33,0x7E,0xFF,
0x7E,0x3B,0x7E,0x7B,0x7E,0x7F,0x66,0xFF,0x66,0xF7,0x7E,0x33,0xE6,0x37,0xFC,0xFC,
/* 1835 */ 
0x00,0x00,0x00,0x00,0x00,0x03,0xFC,0x7F,0x66,0x00,0xFE,0x7F,0x76,0x3C,0xFE,0x6E,
0x7E,0xC3,0x86,0x01,0xFE,0xFD,0x86,0x07,0xFE,0xFD,0x86,0x07,0xFE,0xFD,0x83,0x01,
/* 1836 */ 
0x00,0x00,0x80,0x01,0x00,0x03,0xFC,0x7F,0x6C,0x18,0xFC,0x3C,0xEC,0x3C,0xFC,0x7F,
0x7C,0x1B,0x3C,0x03,0x6C,0x3B,0x6C,0x0F,0xFC,0xFF,0x86,0x0F,0xE6,0x3B,0x38,0xE3,
/* 1837 */ 
0x00,0x00,0x00,0x00,0x6E,0xC6,0xCC,0x66,0xD8,0x66,0x80,0x37,0x8E,0x1F,0xF8,0xFF,
0x18,0x0E,0x18,0x1F,0x98,0x37,0xD8,0x66,0x78,0xC6,0x18,0x06,0x7C,0x06,0xC6,0xFF,
/* 1838 */ 
0x00,0x00,0x00,0x18,0xCC,0xD8,0xD8,0xDE,0x98,0x7F,0x00,0x7E,0xEE,0x18,0x98,0xFF,
0x98,0x19,0x98,0x3D,0x98,0x7D,0x98,0xDF,0x98,0x1B,0xF8,0x19,0xF8,0x1B,0xE0,0xFE,
/* 1839 */ 
0x00,0x00,0x00,0x00,0x9E,0x01,0xB0,0xFF,0xB0,0xCD,0xF0,0xCC,0xFE,0xCC,0x06,0x3F,
0x86,0x3D,0x86,0x6D,0xBC,0x6D,0xB0,0x6D,0xF0,0xCC,0xF0,0xCC,0xF0,0x0C,0xBE,0x0F,
/* 1840 */ 
0x00,0x00,0x00,0x00,0x80,0x61,0x98,0x61,0x98,0x31,0xB0,0x19,0xB0,0x19,0x80,0x01,
0xFE,0xFF,0x80,0x03,0xC0,0x07,0xE0,0x0D,0xB0,0x19,0x98,0x31,0x8E,0xE1,0x80,0x01,
/* 1841 */ 
0x00,0x00,0x00,0x00,0x7C,0x6C,0x18,0x6E,0x98,0x3F,0x98,0x3F,0xFE,0x3F,0x98,0x77,
0xB8,0x7F,0xFC,0xDF,0xDE,0xCE,0xDE,0xCE,0xDB,0xF7,0x98,0xF7,0xF8,0x36,0x18,0x3E,
/* 1842 */ 
0x00,0x00,0x00,0x60,0xFC,0x3F,0x98,0x31,0x30,0x33,0x30,0x1B,0xE0,0x1F,0x38,0x30,
0x98,0x31,0x98,0x31,0x98,0x31,0x98,0x33,0xD8,0x33,0xD8,0xC3,0x70,0xC3,0x1C,0xFE,
/* 1843 */ 
0x00,0x00,0x00,0x00,0x8E,0x07,0x9C,0x37,0xF8,0x37,0xF0,0x37,0xE6,0x3D,0xEC,0x7D,
0xF8,0x79,0xE0,0xD9,0xF8,0xCD,0xB8,0xCD,0xBC,0xF7,0x8C,0xF3,0xC6,0xF1,0x78,0x1F,
/* 1844 */ 
0x00,0x00,0x80,0x01,0x80,0x01,0xFE,0xFF,0xE6,0xCD,0xFE,0xF7,0x6C,0x7B,0xE6,0x79,
0x70,0xD8,0xDE,0x0F,0xFC,0x7F,0x86,0xC1,0x86,0x61,0xFC,0x3F,0x80,0x61,0xFE,0xFF,
/* 1845 */ 
0x00,0x00,0x80,0x01,0x00,0x03,0xFC,0xFF,0xB6,0xD9,0xFE,0xD9,0x78,0x7F,0x6C,0x66,
0xEC,0xDB,0xF0,0xD8,0xFE,0x1F,0x80,0x01,0x00,0x63,0x0C,0x63,0x0C,0x63,0xF8,0x7F,
/* 1846 */ 
0x00,0x00,0x00,0x00,0xFE,0xFF,0x06,0xC0,0xFE,0xFF,0xFC,0x3F,0x0C,0x30,0xF8,0x3F,
0xC0,0x00,0xFE,0xFF,0xB8,0x19,0xFC,0xFF,0x9F,0x31,0x98,0x31,0x98,0x3F,0x80,0x01,
/* 1847 */ 
0x00,0x00,0x00,0x0C,0x18,0x0C,0x98,0x7F,0xD8,0x60,0xFE,0x7F,0xD8,0x60,0xF8,0x60,
0xBC,0x7F,0x1C,0x0C,0xDE,0xFF,0xD8,0xCC,0xD8,0xCC,0xD8,0xCC,0xD8,0xCC,0xD8,0x7C,
/* 1848 */ 
0x00,0x00,0x00,0x00,0xFE,0x7F,0xF6,0xC0,0xF6,0xC0,0xF6,0x60,0xFE,0x7F,0xF6,0x0C,
0xF6,0x0C,0xF6,0xFF,0xFE,0x18,0xF6,0x18,0xF6,0xD8,0xF6,0xFC,0xF6,0xF7,0x9C,0xE1,
/* 1849 */ 
0x00,0x00,0x00,0x00,0x18,0x0C,0x98,0x7F,0x8C,0x61,0xEC,0x61,0xB6,0x7F,0xBC,0x61,
0x98,0x7F,0x0C,0x0C,0x8C,0xFF,0xBE,0xCD,0x80,0xCD,0x80,0xCD,0xFC,0xCD,0x00,0x7C,
/* 1850 */ 
0x00,0x00,0x00,0x00,0xFC,0x7F,0xFC,0x7F,0x1C,0x60,0xFC,0x7F,0x00,0x00,0xF0,0x0F,
0x18,0x0C,0xFC,0x7F,0x8E,0x61,0x8C,0x61,0xF8,0x7F,0xC0,0xC3,0xE0,0xC3,0x3E,0xFE,
/* 1851 */ 
0x00,0x00,0x60,0x00,0xE0,0x07,0x30,0x0C,0x18,0x0C,0x0C,0x06,0xFE,0x3F,0x8C,0x31,
0x8C,0x31,0x8C,0x31,0xF8,0x3F,0x80,0x07,0xC0,0xC6,0x60,0xC6,0x38,0xC6,0x0E,0xFE,
/* 1852 */ 
0x00,0x00,0x30,0x00,0x18,0x0C,0xF8,0x0D,0xCC,0xFF,0xC6,0xCC,0xFE,0xCF,0x36,0xCF,
0x36,0xCF,0x36,0xCF,0xFC,0xC7,0xF0,0x66,0xF0,0x63,0xD8,0x38,0xCC,0xC0,0xC6,0xFF,
/* 1853 */ 
0x00,0x00,0x0C,0x06,0x0C,0x03,0x0C,0x7F,0xBC,0x31,0xFC,0x30,0xF6,0xFF,0xF6,0xCC,
0xF6,0xCC,0xF6,0xCC,0xB6,0xFF,0x1C,0x1E,0x18,0x1E,0x38,0x9B,0xEC,0xD9,0xE6,0xF0,
/* 1854 */ 
0x00,0x00,0x00,0x00,0xD8,0xFF,0x0C,0x0C,0x6C,0x3F,0xF6,0xFB,0xF6,0xDB,0xDE,0xDB,
0xD8,0xDF,0xCC,0xDB,0xF6,0xDB,0xDE,0xDF,0xC0,0xDB,0xF0,0xDB,0xDE,0xDB,0x80,0x7F,
/* 1855 */ 
0x00,0x00,0x00,0x00,0xFE,0xFF,0x80,0x01,0xF8,0x3F,0x6C,0xEC,0x66,0xCC,0x66,0xCC,
0xE6,0xCF,0x66,0xCC,0x66,0xCC,0xE6,0xCF,0x66,0xCC,0x66,0xCC,0x66,0xCC,0xFC,0x7F,
/* 1856 */ 
0x00,0x00,0x00,0x00,0x30,0x18,0x30,0x18,0xFC,0x7F,0x30,0x18,0x00,0x00,0xFC,0x7F,
0x0C,0x63,0x0C,0x63,0x0C,0x63,0xFC,0x7F,0x0C,0x63,0x0C,0x63,0x0C,0x63,0xFC,0x7F,
/* 1857 */ 
0x00,0x00,0x18,0x03,0x18,0x33,0xD8,0xFF,0x18,0x33,0x7E,0x33,0x18,0x00,0xD8,0xFF,
0xD8,0xCC,0xF8,0xCC,0xDC,0xCC,0xDE,0xFF,0xD8,0xCC,0xD8,0xCC,0xD8,0xCC,0xDE,0xFF,
/* 1858 */ 
0x00,0x00,0x00,0x00,0x3E,0x03,0x36,0x1B,0xF6,0xFF,0x36,0x1B,0x3E,0x1B,0xB6,0x7F,
0xF6,0x66,0xF6,0x66,0xFE,0x66,0xF6,0x7F,0xF6,0x66,0xF6,0x66,0xF6,0x66,0xDC,0x7F,
/* 1859 */ 
0x00,0x00,0x60,0x00,0xFC,0xFF,0x60,0x0C,0x60,0x0C,0x3C,0x3E,0x9F,0xE3,0xFC,0xC1,
0xFC,0xFF,0xFC,0xC1,0xE6,0x61,0x7C,0x3F,0x60,0x1E,0xF8,0x9E,0x6E,0xDB,0xF8,0xF1,
/* 1860 */ 
0x00,0x00,0x00,0x0C,0x7E,0x0C,0x18,0x0C,0x98,0x6D,0x98,0x6D,0xFE,0x6D,0x98,0xCD,
0xFC,0xCC,0xFC,0x6C,0x7E,0x6C,0x1E,0x6C,0x1B,0x3C,0x18,0x18,0x18,0x0C,0xD8,0x07,
/* 1861 */ 
0x00,0x00,0x00,0x18,0xF6,0x19,0xBC,0x19,0xB8,0x7F,0xB0,0x7F,0xF7,0xDF,0xBC,0xDF,
0xB0,0xDB,0xB0,0x79,0xFC,0x79,0xBC,0x79,0xBC,0x31,0xBC,0x19,0xB6,0x0D,0xE6,0x07,
/* 1862 */ 
0x00,0x00,0x00,0x00,0x00,0x03,0xFC,0xFF,0x06,0x03,0x06,0x03,0xF6,0x7F,0x36,0x63,
0x36,0x63,0x36,0x63,0xF6,0x7F,0x36,0x63,0x36,0x63,0x36,0x63,0x36,0x63,0xF6,0x7F,
/* 1863 */ 
0x00,0x00,0x00,0x0C,0x18,0x3F,0x0C,0x3F,0x7E,0x6F,0xEC,0x6D,0xEC,0x6D,0xEC,0xCD,
0xE6,0xCD,0xF6,0xEC,0x36,0x3C,0x3C,0x3C,0x18,0x18,0x38,0x0C,0x6C,0x06,0xC6,0x03,
/* 1864 */ 
0x00,0x00,0x00,0x00,0xFE,0xFF,0x30,0x0C,0xF0,0x3F,0x7C,0x66,0x6C,0x66,0x6C,0x66,
0xF8,0x3F,0x80,0x61,0xFC,0xFF,0x1C,0xF3,0x3C,0xDE,0xEC,0xCE,0x8C,0xDB,0xF6,0xF0,
/* 1865 */ 
0x00,0x00,0x00,0x00,0xFE,0xFF,0x80,0x01,0xB0,0x61,0x98,0x31,0x98,0x31,0x98,0x19,
0x98,0x19,0x80,0x03,0x80,0x07,0xC0,0x06,0x60,0x0C,0x30,0x18,0x18,0x70,0x0E,0xC0,
/* 1866 */ 
0x00,0x00,0x00,0x00,0xFC,0x3F,0x0C,0x60,0x0C,0x60,0x0C,0x30,0xFC,0x3F,0x0C,0x03,
0x0C,0x03,0xFC,0xFF,0x0C,0x06,0x0C,0x06,0x0C,0xC6,0x0C,0xCC,0xEC,0xD9,0x3C,0xF0,
/* 1867 */ 
0x00,0x00,0x18,0x00,0xD8,0x7F,0xD8,0x60,0xFE,0x60,0xD8,0x60,0xD8,0x3F,0xD8,0x0C,
0xD8,0x0C,0xF8,0xFF,0xDE,0x0C,0xD8,0x18,0xD8,0xD8,0xD8,0xD8,0xD8,0xFE,0xDE,0x63,
/* 1868 */ 
0x00,0x00,0x00,0x00,0xFC,0x7F,0x66,0x66,0x66,0x66,0x66,0x66,0x66,0x66,0x66,0x66,
0x66,0x66,0x66,0x66,0x66,0x66,0x66,0x66,0x66,0x66,0x66,0x66,0x66,0x66,0xFF,0xFF,
/* 1869 */ 
0x00,0x00,0x18,0x0C,0x0C,0x0C,0xFC,0xFD,0x06,0x66,0xFF,0x67,0xBC,0x67,0xBC,0x67,
0xEC,0x3D,0xFF,0x3F,0x9E,0x39,0xB6,0x19,0xE6,0x39,0x86,0x3D,0xFC,0x67,0xF0,0xC3,
/* 1870 */ 
0x00,0x00,0x00,0x00,0xCC,0xFE,0x8C,0xC1,0xFE,0xCE,0xFE,0xCC,0xFE,0xFF,0xFE,0xD8,
0xCE,0xDE,0xCE,0xDE,0xCC,0xCC,0xCC,0xDC,0xCC,0xDE,0xCC,0xF3,0xCC,0xC1,0xC0,0xE0,
/* 1871 */ 
0x00,0x00,0x00,0x00,0xEC,0x7F,0x18,0xC0,0x80,0xC1,0x86,0xC1,0xF6,0xDF,0xB6,0xD9,
0xB6,0xD9,0xB6,0xD9,0xF6,0xCF,0x86,0xCD,0x86,0xD9,0xFE,0xFF,0x06,0xC0,0x06,0xF8,
/* 1872 */ 
0x00,0x00,0x00,0x00,0x7C,0xFF,0xC6,0xC3,0xC6,0xC3,0xC6,0xC3,0xC6,0xFF,0xFE,0xC3,
0xC6,0xC3,0xC6,0xC3,0xC6,0xFF,0xC6,0xC3,0x7E,0xC3,0x80,0xC1,0xC0,0xC0,0x60,0xF8,
/* 1873 */ 
0x00,0x00,0x18,0x00,0xD8,0xFF,0xD8,0xC0,0xFE,0xDF,0xFE,0x71,0xFE,0x61,0xFE,0x7F,
0xFE,0x61,0xFE,0x61,0x7E,0x3F,0x3C,0x0C,0xF8,0xFF,0x78,0x33,0x78,0x63,0xCE,0xC1,
/* 1874 */ 
0x00,0x00,0x00,0x00,0x1C,0x03,0xF6,0x3F,0xF6,0x31,0xF6,0x37,0xF6,0x3C,0xF6,0x3C,
0xF6,0x18,0xF6,0x00,0xF6,0xFF,0x36,0xC0,0x36,0xC0,0xF6,0xFF,0x1C,0xC0,0x00,0xDC,
/* 1875 */ 
0x00,0x00,0x00,0x00,0x0C,0x06,0x7C,0x7E,0x06,0x63,0x86,0x63,0x7E,0x66,0x18,0x3C,
0x18,0x18,0x18,0x0C,0xFF,0x7F,0x98,0xC3,0x18,0xC3,0x18,0xC3,0x78,0xC3,0x38,0xFF,
/* 1876 */ 
0x00,0x00,0x00,0x00,0xC0,0x00,0xE0,0x3F,0x38,0x30,0x3C,0x30,0xE6,0x18,0x80,0x0D,
0x00,0x07,0xF0,0x7F,0x3F,0xC0,0x30,0xC0,0x30,0xC0,0x30,0xC0,0x30,0xC0,0xF0,0xFF,
/* 1877 */ 
0x00,0x00,0x00,0x03,0x80,0x07,0xC0,0x0E,0x70,0x18,0x1C,0x70,0xF6,0xDF,0x78,0x00,
0xCC,0x7E,0xCC,0x63,0xCC,0x63,0xCC,0x63,0xCC,0x63,0xCC,0x63,0xFC,0x7F,0x00,0x33,
/* 1878 */ 
0x00,0x00,0x00,0x00,0xEC,0xFF,0x78,0xCE,0x78,0xDE,0xC0,0xE7,0xCF,0xFF,0x6C,0xCE,
0x0C,0x1B,0xCC,0x7D,0x7C,0xF7,0xCC,0x19,0x0C,0xCE,0xFC,0x63,0x1C,0x38,0xC0,0x0F,
/* 1879 */ 
0x00,0x00,0x00,0x00,0x8C,0x19,0xEC,0xFF,0x8C,0x19,0xFE,0x7F,0x6C,0x60,0xEC,0x7F,
0x6C,0x60,0x7C,0x60,0xDE,0x3F,0xEC,0xFF,0x0C,0x0E,0x0C,0x1B,0x8C,0x31,0xFE,0xE0,
/* 1880 */ 
0x00,0x00,0x30,0x0C,0xFE,0xFF,0x30,0x0C,0xF8,0x3F,0xFC,0x3F,0xFC,0x3F,0x98,0x01,
0xFE,0xFF,0x38,0x1E,0xFE,0xFF,0xFC,0x7F,0x00,0x03,0xFE,0xFF,0x00,0x03,0xF8,0x03,
/* 1881 */ 
0x00,0x00,0x60,0x18,0xFE,0xFF,0xE0,0x19,0xF8,0xFF,0x6C,0x18,0xFC,0xFF,0x6C,0x18,
0xFC,0x3C,0x7C,0x7E,0x7C,0xDB,0xFC,0xFF,0xCC,0x00,0xF6,0x7F,0x7E,0x60,0xEE,0x7F,
/* 1882 */ 
0x00,0x00,0x00,0x00,0x8C,0x19,0xEC,0xFF,0x8C,0x19,0xFE,0x7F,0xDC,0x60,0xDC,0x60,
0xFC,0x7F,0xFE,0x60,0xCE,0x7F,0x0C,0x06,0xEC,0xFF,0x0C,0x1E,0x0C,0x33,0xE0,0xE1,
/* 1883 */ 
0x00,0x00,0x00,0x00,0xBC,0x19,0xF6,0xFF,0xB6,0x19,0xF6,0x7F,0xFE,0x60,0xF6,0x7F,
0xF6,0x60,0xF6,0x60,0xB6,0x7F,0x3E,0x06,0xF6,0xFF,0x36,0x1E,0x36,0x33,0xFF,0xE1,
/* 1884 */ 
0x00,0x00,0x00,0x03,0x00,0x03,0xFC,0x7F,0xFC,0x7F,0x6C,0x18,0xEC,0x1C,0xFC,0x3F,
0x7C,0xFE,0x6C,0x1B,0xFC,0xFF,0xC6,0x00,0xE6,0x7F,0x7E,0x60,0x66,0x60,0xE3,0x7F,
/* 1885 */ 
0x00,0x00,0x80,0x01,0x00,0x03,0xFC,0xFF,0x66,0x18,0xFE,0x7F,0xE6,0x3C,0xF6,0x7F,
0x7E,0xDB,0x06,0x38,0xFE,0x0F,0xF6,0x7F,0x06,0x06,0xFE,0xFF,0x06,0x06,0x63,0x03,
/* 1886 */ 
0x00,0x00,0x80,0x01,0xF8,0xFF,0x0C,0x0C,0xFE,0x7F,0x66,0x1C,0xF6,0x3E,0xFE,0x66,
0x86,0x03,0xF6,0x7F,0xF6,0x7F,0x1E,0x63,0xF6,0x3F,0x86,0x6F,0xC6,0x7F,0x7E,0xFE,
/* 1887 */ 
0x00,0x00,0x18,0x00,0x18,0x06,0x18,0x06,0xD8,0xFF,0x7C,0x06,0x18,0x06,0x18,0x06,
0xF8,0x7F,0x38,0x0E,0x1E,0x1F,0x18,0x1F,0x98,0x37,0xD8,0x66,0x78,0xC6,0x1E,0x00,
/* 1888 */ 
0x00,0x00,0x00,0x00,0x80,0x01,0x80,0x01,0xFE,0xFF,0x80,0x01,0x80,0x01,0x80,0x01,
0xFC,0x7F,0x80,0x03,0xC0,0x07,0xE0,0x0D,0xB0,0x19,0x9C,0x71,0x86,0xC1,0x00,0x00,
/* 1889 */ 
0x00,0x00,0x00,0x00,0x60,0x0C,0xFE,0xFF,0x60,0x0C,0xF8,0x3F,0x0C,0x60,0xFC,0x7F,
0x0C,0x60,0xF8,0x3F,0x80,0x01,0xFE,0xFF,0x80,0x03,0xC0,0x06,0x70,0x1C,0x1E,0x70,
/* 1890 */ 
0x00,0x00,0x00,0x00,0xFC,0x7F,0xEC,0x79,0x8C,0x6D,0xF8,0x3F,0xFC,0x7F,0x80,0x01,
0xFE,0xFF,0x60,0x33,0x6C,0x66,0xEE,0xC7,0xC0,0xC1,0xFC,0x7F,0x80,0x01,0xFE,0xFF,
/* 1891 */ 
0x00,0x00,0x00,0x18,0xFE,0x39,0xFE,0x79,0xFE,0xD9,0xF6,0x19,0xFC,0xFF,0x30,0x18,
0xFE,0x19,0x30,0x1C,0xF0,0x3D,0xDE,0x3C,0xFE,0x37,0xFE,0x67,0x1E,0xC3,0x80,0xC1,
/* 1892 */ 
0x00,0x00,0x00,0x06,0x06,0x06,0x0C,0x06,0xF8,0xFF,0x00,0x06,0x06,0x06,0x0C,0x06,
0xD8,0x7F,0x18,0x0F,0x18,0x1F,0x98,0x1F,0xCC,0x36,0x7C,0x66,0x1E,0xC6,0x00,0x06,
/* 1893 */ 
0x00,0x00,0x80,0x19,0x8E,0x19,0xF8,0xFF,0x80,0x19,0xC0,0x7F,0x66,0x60,0xEC,0x7F,
0x78,0x60,0x60,0x60,0xD8,0x3F,0x18,0x06,0xFC,0xFF,0x0C,0x0F,0x86,0x39,0xF6,0xE0,
/* 1894 */ 
0x00,0x00,0x80,0x01,0x80,0x01,0xFE,0xFF,0x66,0xCC,0xFE,0xFF,0x66,0x0C,0xF8,0x3F,
0x18,0x30,0xF8,0x3F,0x18,0x30,0xF8,0x3F,0x80,0x01,0xFE,0xFF,0xC0,0x0E,0x7C,0x38,
/* 1895 */ 
0x00,0x00,0x00,0x00,0xFE,0xFF,0x66,0x0C,0x36,0x06,0x36,0x06,0xB6,0x7F,0xB6,0xC1,
0xB6,0xC1,0xE6,0xC1,0xE6,0xFF,0xE6,0xC1,0xBE,0xC1,0x86,0xC1,0x86,0x61,0x86,0x7F,
/* 1896 */ 
0x00,0x00,0x00,0x00,0x80,0x01,0xF8,0xFF,0x98,0x31,0x80,0x31,0x80,0x3F,0x8E,0x31,
0x98,0x3F,0x18,0x0C,0xF8,0xFF,0x18,0x0E,0x78,0x1F,0xB8,0x3F,0xD8,0x6D,0x60,0xCC,
/* 1897 */ 
0x00,0x00,0x00,0x00,0x70,0x0C,0x18,0x18,0x0C,0x3C,0xF8,0x67,0x98,0x01,0xFC,0x7F,
0x8C,0x01,0x86,0x01,0x80,0x01,0xFE,0xFF,0x80,0x01,0x80,0x01,0x80,0x01,0x80,0x01,
/* 1898 */ 
0x00,0x00,0x18,0x30,0x18,0x30,0xFE,0xFF,0x18,0x30,0x18,0x30,0xF8,0x3F,0x18,0x30,
0xF0,0x1F,0x80,0x01,0x80,0x01,0xFC,0x7F,0xC0,0x07,0xF0,0x0D,0x9C,0x79,0x06,0xC0,
/* 1899 */ 
0x00,0x00,0x00,0x00,0x98,0xFF,0xD8,0xC6,0xD8,0xC6,0xFE,0x6C,0xD8,0x78,0xF8,0xFF,
0xD8,0x60,0xF8,0x66,0xDE,0x66,0xD8,0x6C,0xD8,0x78,0xD8,0xFF,0x18,0x60,0x1E,0x7C,
/* 1900 */ 
0x00,0x00,0x00,0x00,0x30,0x0C,0x36,0x0C,0x36,0x0C,0xFE,0x0C,0xB6,0xFF,0x36,0x0C,
0xF6,0x0C,0xF0,0x0C,0x30,0x0C,0x3C,0x0C,0x37,0x0C,0x30,0x0C,0x30,0x0C,0xF0,0xFF,
/* 1901 */ 
0x00,0x00,0x00,0x00,0x80,0x01,0x80,0x01,0xFC,0x7F,0x00,0x00,0xF8,0x7F,0x8C,0x61,
0x8C,0x61,0x8C,0x61,0xFC,0x7F,0x8C,0x61,0x8C,0x61,0x8C,0x61,0x8C,0x61,0xF8,0x7F,
/* 1902 */ 
0x00,0x00,0x00,0x00,0x8C,0x7F,0xCC,0x66,0xFE,0x6C,0xFC,0x6C,0xFC,0x6C,0xF6,0x60,
0xF6,0x7F,0xF6,0x66,0xF6,0x66,0xDC,0x6C,0xD8,0x6C,0xFC,0xFF,0x6C,0x60,0x06,0x7C,
/* 1903 */ 
0x00,0x00,0x00,0x00,0xF8,0x7F,0x98,0x61,0x8C,0x61,0x0C,0x63,0x0C,0x63,0xFE,0xFF,
0x0C,0x60,0x8C,0x61,0x8C,0x61,0x0C,0x63,0x0C,0x63,0xFC,0xFF,0x00,0x60,0x00,0x6C,
/* 1904 */ 
0x00,0x00,0x00,0x0C,0xFE,0xFF,0x30,0x0C,0xF8,0x3F,0x0C,0x30,0xF8,0x3F,0x0C,0x30,
0xF8,0x3F,0x80,0x01,0xFE,0xFF,0xE0,0x1D,0xB8,0x31,0xFE,0xFF,0x80,0x01,0xFC,0x7F,
/* 1905 */ 
0x00,0x00,0x00,0x00,0xFE,0xFF,0x30,0x0C,0xF8,0x3F,0x0C,0x30,0xFC,0x3F,0x0C,0x30,
0xF8,0x1F,0xFF,0xFF,0x70,0x0C,0xF8,0x3F,0x1F,0xF0,0xF8,0x3F,0x18,0x30,0xF8,0x3F,
/* 1906 */ 
0x00,0x00,0x60,0x0C,0xFE,0xFF,0x60,0x0C,0xF8,0x3F,0x0C,0x60,0xFC,0x7F,0x0C,0x60,
0xF8,0x3F,0xFE,0xFF,0xE0,0x0D,0x38,0x3B,0xFE,0xFF,0x18,0x33,0x18,0x33,0x18,0x3F,
/* 1907 */ 
0x00,0x00,0x60,0x0C,0xFE,0xFF,0x60,0x0C,0xF8,0x3F,0x0C,0x30,0xFC,0x3F,0x0C,0x30,
0xF8,0x1F,0xFE,0xFF,0xF0,0x0D,0x98,0x39,0xFE,0xFF,0x80,0x31,0xC0,0x30,0x7C,0x3F,
/* 1908 */ 
0x00,0x00,0x00,0x18,0xFE,0xFF,0x30,0x18,0xF8,0x3F,0x18,0x60,0xF8,0x7F,0x18,0x60,
0xF8,0x3F,0xFE,0xFF,0xC0,0x0C,0xF0,0x19,0xBC,0x77,0xB6,0xF7,0x98,0x6D,0xEC,0x6D,
/* 1909 */ 
0x00,0x00,0x00,0x00,0x80,0x01,0x80,0x01,0xFE,0xFF,0x80,0x01,0x80,0x03,0xC0,0x07,
0xC0,0x07,0xE0,0x0D,0xB0,0x19,0x98,0x31,0x8C,0x61,0x86,0xC1,0x80,0x01,0x00,0x00,
/* 1910 */ 
0x00,0x00,0x00,0x00,0xFC,0x7F,0x0C,0x60,0x0C,0x60,0x0C,0x60,0xFC,0x7F,0x0C,0x60,
0x0C,0x60,0x0C,0x60,0x0C,0x60,0xFC,0x7F,0x0C,0x60,0x0C,0x60,0x0C,0x60,0xFC,0x7F,
/* 1911 */ 
0x00,0x00,0x00,0x00,0x3E,0x06,0xB6,0x3F,0x36,0x06,0x36,0x06,0xFE,0x7F,0x36,0x33,
0xB6,0x61,0xF6,0x60,0x7E,0x06,0x36,0x06,0xF6,0x7F,0x36,0x06,0x3E,0x06,0xF8,0xFF,
/* 1912 */ 
0x00,0x00,0x30,0x03,0x30,0x03,0x36,0xFF,0x7E,0x63,0x36,0x33,0x36,0x33,0x36,0x33,
0xF0,0x33,0x70,0x36,0x38,0x1E,0x3E,0x1C,0x30,0x1C,0x30,0x36,0x30,0x63,0xF0,0xC1,
/* 1913 */ 
0x00,0x00,0x00,0x06,0x3E,0x06,0xD8,0x7F,0xD8,0x60,0xD8,0x7F,0xDC,0x60,0xDC,0x7F,
0xBC,0x67,0xFE,0xF7,0x7E,0x1C,0xDE,0x67,0x18,0x38,0xF8,0xEF,0x18,0x38,0xB8,0x0F,
/* 1914 */ 
0x00,0x00,0x00,0x03,0xC0,0x0F,0x78,0x38,0xEE,0xFF,0xF0,0x1F,0x1C,0x70,0x0C,0x60,
0xF8,0x3F,0xFC,0x3F,0x00,0x03,0xFC,0x7F,0x00,0x06,0xFE,0xFF,0x00,0x06,0xF0,0x03,
/* 1915 */ 
0x00,0x00,0x00,0x00,0xFE,0xFF,0xF6,0xDE,0xF6,0xDE,0xF6,0x7E,0xF6,0x7F,0xF6,0x7E,
0xF6,0x7E,0xF6,0x7E,0xF6,0xDF,0xF6,0xDE,0xF6,0xDE,0x7E,0xDE,0x60,0xFE,0xF0,0x1B,
/* 1916 */ 
0x00,0x00,0x00,0x00,0x00,0x0C,0x3E,0x0C,0xF6,0x7F,0xF6,0xCC,0xF6,0xCC,0xF6,0xCE,
0xF6,0xDE,0xF6,0xDE,0xF6,0xF3,0xF6,0xF3,0xF6,0xC1,0xFE,0xC0,0xC0,0xC0,0xC0,0x78,
/* 1917 */ 
0x00,0x00,0x0C,0x00,0x0C,0x0C,0x06,0x0C,0x7E,0x7F,0x86,0xCD,0x83,0xCD,0xFE,0xCD,
0x98,0xDD,0x98,0xDD,0xFE,0xF7,0x98,0xF7,0x98,0xC3,0x98,0xC3,0xF8,0xC1,0xB8,0xF9,
/* 1918 */ 
0x00,0x00,0x00,0x00,0xFE,0xFD,0x98,0xC7,0x98,0x67,0x98,0x67,0xFE,0x67,0x98,0x37,
0x98,0x67,0x98,0x67,0xFE,0xC7,0x98,0xC7,0x98,0xC7,0x8C,0xDF,0x8C,0x77,0xE6,0x06,
/* 1919 */ 
0x00,0x00,0x00,0x00,0xEC,0xFF,0x8C,0xDF,0xBE,0xDF,0xBC,0x7F,0xFC,0x7F,0xBC,0x7F,
0xB6,0x7F,0xB6,0xDF,0xFC,0xDF,0x9C,0xDF,0xD8,0xDE,0xF8,0xDE,0xCC,0x7E,0xE6,0x1F,
/* 1920 */ 
0x00,0x00,0x00,0x0C,0x18,0x0C,0x18,0x0C,0x0C,0x3F,0xEC,0xED,0xB6,0xCD,0xBE,0xCD,
0x98,0xDD,0x8C,0xDF,0xEC,0xF7,0xBE,0xF7,0x80,0xE3,0x80,0xC1,0xFC,0xC1,0x80,0xF1,
/* 1921 */ 
0x00,0x00,0x18,0x00,0x18,0x00,0xFC,0x3F,0xF6,0x3F,0x03,0x00,0xFC,0x1F,0x00,0x30,
0xFE,0x33,0x30,0x33,0x30,0x33,0x30,0x3E,0x18,0xFC,0x18,0xFC,0x0C,0xEC,0xC6,0xE7,
/* 1922 */ 
0x00,0x00,0x00,0x00,0xFC,0x1F,0x30,0x18,0x30,0x18,0x30,0x0C,0x30,0x0C,0x30,0xF8,
0x30,0xC0,0x30,0xC0,0x18,0xC0,0x18,0xC0,0x18,0xC0,0x0C,0x60,0xCC,0x61,0x06,0x3F,
/* 1923 */ 
0x00,0x00,0x00,0x00,0xD8,0x3F,0x0C,0x33,0x7E,0x33,0x6C,0x33,0x6C,0x33,0x6C,0xF3,
0x6C,0xC3,0x66,0xC3,0xEC,0xC1,0xB8,0xC1,0xB8,0xC1,0xF8,0xC0,0xEC,0xC0,0x66,0x7F,
/* 1924 */ 
0x00,0x00,0x00,0x60,0xFE,0x63,0x30,0x60,0x30,0xFE,0xFC,0x63,0xDE,0x6F,0xDE,0x6F,
0xDE,0x6F,0xDE,0x6F,0xDE,0x7B,0xDE,0x7B,0xDE,0x7B,0xDE,0x63,0x06,0x63,0xC6,0x7F,
/* 1925 */ 
0x00,0x00,0x80,0x01,0x80,0x01,0xFE,0xFF,0x80,0x03,0xC0,0x0E,0x70,0x18,0x1C,0x70,
0xE6,0xCF,0x00,0x00,0xFE,0xFF,0x80,0x01,0xB0,0x19,0x98,0x31,0x8C,0x61,0xF6,0xC1,
/* 1926 */ 
0x00,0x00,0x80,0x01,0x80,0x01,0xFE,0xFF,0x80,0x01,0xFC,0x7F,0x3C,0x6C,0x6C,0x6C,
0x6C,0x66,0xFC,0x7F,0x8C,0x61,0x8C,0x61,0xFC,0x7F,0x8C,0x61,0x8C,0x61,0x8C,0x7D,
/* 1927 */ 
0x00,0x00,0x00,0x00,0xF8,0x7F,0x8C,0x61,0xFC,0x7F,0x8C,0x61,0x8C,0x61,0xF8,0x7F,
0x00,0x00,0x80,0x01,0xFE,0x7F,0xC0,0xC0,0xC0,0xC0,0x60,0xC0,0x38,0x60,0x0E,0x7E,
/* 1928 */ 
0x00,0x00,0x00,0x00,0x00,0x0F,0xBE,0x0D,0xE0,0xFF,0xE0,0x19,0xEC,0x19,0xEC,0x19,
0xB8,0x7F,0xB8,0x19,0xB0,0x19,0xB8,0xFF,0xF8,0x19,0xEC,0x19,0xC6,0xFF,0x80,0x01,
/* 1929 */ 
0x00,0x00,0x80,0x01,0xFE,0xFF,0xFC,0x7F,0xFC,0x7F,0x98,0x31,0xFE,0xFF,0xFE,0xFE,
0xFE,0xFE,0x60,0x0C,0xFC,0xFF,0xFC,0xFF,0x60,0x0C,0xFE,0xFF,0x3C,0x3E,0xF6,0x3F,
/* 1930 */ 
0x00,0x00,0x80,0x01,0x8C,0x01,0x0C,0x7F,0xFE,0x03,0x0C,0x36,0x0C,0x1E,0xCC,0xDB,
0x3C,0xF0,0x1C,0x00,0xEE,0xFF,0x8C,0x0D,0x8C,0x0D,0xCC,0xCC,0xCC,0xCC,0x7E,0xF8,
/* 1931 */ 
0x00,0x00,0x00,0x00,0x3C,0x0C,0x36,0x0C,0xF6,0xFF,0x36,0x60,0x3E,0x33,0xF6,0xF3,
0xF6,0xDE,0xF6,0xDC,0xFE,0xCC,0xF6,0xDE,0xF6,0xF6,0xF6,0xE3,0xF6,0xC0,0xBB,0x7F,
/* 1932 */ 
0x00,0x00,0x00,0x00,0x0C,0x06,0x0C,0x06,0xFE,0xFF,0xBE,0x31,0xBE,0x31,0x3E,0xF3,
0x7E,0xDE,0x6F,0xDE,0x6F,0xCC,0x6C,0xDE,0x6C,0xF3,0xEC,0xE1,0x6C,0xC0,0xC0,0x7F,
/* 1933 */ 
0x00,0x00,0x00,0x00,0xD8,0x3F,0x18,0xE0,0x86,0xC1,0xFE,0xFF,0x86,0xC1,0x86,0xC1,
0xF6,0xDF,0xB6,0xD9,0xB6,0xD9,0xB6,0xD9,0xB6,0xD9,0x86,0xCD,0x86,0xC1,0x06,0xF8,
/* 1934 */ 
0x00,0x00,0x00,0x06,0x0E,0x06,0x18,0xFE,0x30,0x06,0xC0,0x7F,0x66,0x60,0x6C,0x60,
0xF8,0x7F,0x60,0x60,0xF8,0x7F,0x18,0x36,0x18,0x06,0xFC,0xFF,0x06,0x06,0x06,0x06,
/* 1935 */ 
0x00,0x00,0x00,0x00,0xDC,0xFF,0xF6,0xC0,0xF6,0xC0,0xF6,0xFF,0xF6,0x60,0xF6,0xE6,
0xF6,0x76,0xF6,0x3E,0xF6,0x0E,0xF6,0x06,0xF6,0xC6,0x7C,0xC6,0x60,0xC6,0x60,0xFE,
/* 1936 */ 
0x00,0x00,0x00,0x00,0x8C,0x7F,0x7C,0x66,0xE6,0x67,0x66,0x6F,0x6F,0x3F,0x0C,0x0C,
0x0C,0x06,0xCC,0xFF,0x0C,0x33,0x0C,0x33,0x8C,0x1B,0x6C,0x1E,0x3C,0x3C,0xD8,0xE7,
/* 1937 */ 
0x00,0x00,0x80,0x01,0x80,0x01,0x80,0x01,0xF8,0x3F,0x8C,0x61,0x8C,0x61,0x8C,0x63,
0x8C,0x67,0xCC,0x6C,0x6C,0x78,0x3C,0x70,0x0C,0x60,0x0C,0x60,0x0C,0x60,0x00,0x78,
/* 1938 */ 
0x00,0x00,0x80,0x01,0x8C,0x19,0xEC,0xFF,0x9E,0x79,0xFE,0x7F,0xFE,0x7F,0xFE,0x7F,
0xFE,0x7F,0xFE,0x7F,0xFE,0x77,0x9C,0x31,0xDC,0x73,0xE6,0x7F,0xB6,0xCD,0x83,0xCD,
/* 1939 */ 
0x00,0x00,0x18,0x00,0x18,0x06,0xCC,0x66,0x8C,0x3F,0xFE,0x07,0x00,0xC7,0xFC,0xC7,
0x86,0x7D,0xFE,0x07,0x86,0xE7,0x86,0x3F,0xFE,0x07,0x86,0xC7,0x86,0xC7,0xF6,0xFF,
/* 1940 */ 
0x00,0x00,0x00,0x00,0x8C,0x7F,0x8C,0xC1,0xFE,0xC1,0xEC,0x61,0xEC,0x7F,0xB6,0x07,
0xF6,0x66,0xF6,0x36,0xF6,0x1E,0xFC,0x06,0xD8,0xC6,0xFC,0xC6,0x6C,0xC6,0x66,0xFE,
/* 1941 */ 
0x00,0x00,0x00,0x00,0xF8,0x3F,0xFC,0xFF,0x86,0xC1,0xFE,0xFF,0xFE,0xFF,0x00,0x00,
0x7C,0x7E,0x0C,0x60,0xFC,0x7E,0x0C,0x60,0xFC,0x7F,0xC0,0xC6,0x60,0xC6,0x3E,0xFE,
/* 1942 */ 
0x00,0x00,0x18,0x00,0xF8,0x7D,0x3C,0x60,0x3C,0x60,0x3C,0x60,0xFC,0x7F,0x3E,0x60,
0x3E,0x60,0xEF,0x7F,0x8C,0x0D,0x8C,0x0D,0x8C,0x0D,0xCC,0xCC,0xCC,0xCC,0x7C,0xF8,
/* 1943 */ 
0x00,0x00,0x00,0x00,0xCE,0x7F,0x78,0x60,0x60,0x60,0x60,0x60,0xE6,0x7F,0x7C,0x03,
0x60,0x03,0x60,0x73,0x78,0x1F,0x78,0x03,0x6C,0x03,0x6C,0xC3,0x36,0xC3,0x36,0xFE,
/* 1944 */ 
0x00,0x00,0x00,0x00,0xFC,0x7F,0x0C,0xC0,0x0C,0xC0,0xFC,0x7F,0x6C,0x00,0x6C,0x00,
0x6C,0x60,0x6C,0x3C,0xEC,0x07,0x6C,0x00,0x66,0xC0,0x66,0xC0,0x66,0xC0,0xC0,0xFF,
/* 1945 */ 
0x00,0x00,0x00,0x00,0x18,0x60,0x78,0x63,0x78,0x66,0x7E,0x66,0x78,0x6C,0x78,0x60,
0x78,0x60,0x78,0x30,0x7E,0x30,0x78,0x36,0x78,0x3B,0xD8,0x6D,0x98,0xC7,0xEE,0xC0,
/* 1946 */ 
0x00,0x00,0x18,0x00,0xD8,0x00,0xD8,0x00,0xEC,0xFF,0x6C,0xC6,0x3C,0xC6,0x0E,0x06,
0xCE,0x36,0xCC,0x66,0xCC,0x66,0x6C,0x66,0x6C,0xC6,0x3C,0xC6,0x0C,0xC6,0x8C,0x07,
/* 1947 */ 
0x00,0x00,0x00,0x00,0xFE,0xFF,0x66,0x0C,0xFE,0x7F,0x66,0x0C,0xE6,0x0D,0x86,0x01,
0xFE,0xFF,0x66,0x00,0xF6,0x3F,0x3E,0x30,0x36,0x30,0xF6,0x3F,0x06,0x18,0xFE,0xFF,
/* 1948 */ 
0x00,0x00,0x00,0x00,0x3C,0xF0,0xF6,0xFF,0x36,0xB0,0xB6,0x37,0xFE,0x3F,0x36,0x30,
0xF6,0x3F,0xF6,0x3F,0xFE,0x3F,0xF6,0x3F,0xF6,0xFF,0xB6,0xE7,0xB6,0xED,0xFF,0xC0,
/* 1949 */ 
0x00,0x00,0x80,0x01,0x80,0x31,0x0C,0x1B,0xF8,0xFF,0x18,0x06,0x00,0x06,0x6E,0x66,
0x78,0x66,0x78,0x66,0xD8,0x7F,0x18,0x06,0x18,0x03,0x98,0x03,0xFC,0x00,0xE6,0xFF,
/* 1950 */ 
0x00,0x00,0x00,0x00,0xFC,0xFF,0x18,0xC3,0xC0,0xFB,0xF0,0x6D,0x37,0x0C,0xEC,0xFF,
0x18,0xCF,0x78,0xDB,0xD8,0xF3,0x98,0xE3,0xCC,0xF3,0x6C,0xDB,0x36,0xCF,0xC6,0x7B,
/* 1951 */ 
0x00,0x00,0x30,0x0C,0xFF,0xFF,0x30,0x0C,0xFC,0x7F,0x98,0x01,0x98,0x3F,0x98,0x01,
0xFC,0x7F,0xF8,0x7F,0x18,0x00,0xF8,0x7F,0xEC,0xCD,0x6C,0xDB,0x6C,0xDB,0x66,0x78,
/* 1952 */ 
0x00,0x00,0x18,0x06,0x18,0x06,0x18,0x06,0x7E,0xFE,0x18,0x06,0x18,0x06,0x18,0x06,
0xF8,0x7F,0xF8,0xC0,0xDE,0xC0,0xD8,0xC0,0xD8,0xC0,0xD8,0xC0,0xD8,0x60,0x9E,0x7F,
/* 1953 */ 
0x00,0x00,0x00,0x00,0x30,0x00,0xF0,0xFF,0x18,0x03,0x0C,0x03,0x06,0x03,0xF0,0xFF,
0x18,0x03,0x18,0x03,0x18,0x03,0xFE,0xFF,0x00,0x03,0x00,0x03,0x00,0x03,0x00,0x03,
/* 1954 */ 
0x00,0x00,0x00,0x00,0xFE,0xFF,0x98,0xC1,0x8C,0xC1,0x8C,0x7F,0xBC,0x37,0xB6,0xFF,
0xB7,0x37,0xB6,0x37,0xB6,0xFF,0xF6,0x1B,0xF6,0xFB,0xF6,0x33,0xFC,0x63,0x60,0xDF,
/* 1955 */ 
0x00,0x00,0x8C,0x31,0x8C,0x31,0xEC,0xFF,0xCC,0x30,0xCE,0x7F,0xCC,0x7B,0x6C,0xCC,
0x0C,0x03,0xFC,0x7F,0x8E,0x0D,0xCC,0x0C,0x8C,0x3F,0xEC,0xFF,0x0C,0x0C,0x0F,0x0C,
/* 1956 */ 
0x00,0x00,0x0C,0x06,0x0C,0x0F,0x8C,0x39,0xCC,0x60,0x7E,0xC6,0xFC,0x1F,0x0C,0x70,
0x0C,0x30,0x3C,0x30,0x1C,0x1E,0xEE,0x67,0xEC,0x6D,0xEC,0xF1,0xBC,0xF1,0x3E,0xFF,
/* 1957 */ 
0x00,0x00,0x00,0x00,0x80,0x07,0xE0,0x0E,0xF8,0x38,0x8F,0xE3,0x00,0x03,0xFC,0x7F,
0x00,0x30,0xC0,0x18,0xE0,0x0F,0xE0,0x31,0x6C,0x63,0x6C,0x78,0x6C,0xD8,0xE6,0x1F,
/* 1958 */ 
0x00,0x00,0x00,0x00,0x0C,0x0C,0x8C,0x7F,0xFE,0xC1,0xEC,0xC1,0xEC,0xFF,0xE6,0xC1,
0xE6,0xC1,0xB6,0x7F,0xBE,0x0D,0xBC,0x6D,0xB8,0x39,0xF8,0x31,0x8C,0x6D,0x86,0xC7,
/* 1959 */ 
0x00,0x00,0x00,0x0C,0xFE,0x0C,0x3C,0x7F,0x3C,0x63,0x7E,0x63,0x7E,0x7F,0x7E,0x63,
0x7E,0x63,0x7E,0x3F,0x7E,0x07,0x66,0x6F,0x7E,0x3B,0x66,0x1B,0x66,0x7F,0x7E,0xCF,
/* 1960 */ 
0x00,0x00,0x00,0x00,0xC0,0x00,0xF0,0x1F,0x18,0x18,0xD8,0x18,0x98,0x19,0x18,0x18,
0x18,0x1E,0x18,0x00,0xF0,0x7F,0x00,0x60,0x00,0x60,0xFC,0x6F,0x00,0x60,0x00,0x6C,
/* 1961 */ 
0x00,0x00,0x00,0x00,0xFC,0xFF,0x0C,0xC0,0x0C,0xC0,0xFC,0x7F,0x0C,0x06,0x0C,0xC6,
0xFC,0x76,0xCC,0x1E,0xCC,0x0E,0xCC,0x1E,0x66,0x36,0x36,0x66,0x1E,0xC6,0xC0,0x03,
/* 1962 */ 
0x00,0x00,0x00,0x00,0xC0,0x7F,0x6C,0x60,0x6C,0x60,0xFE,0x7F,0x6C,0x60,0x6C,0x60,
0xFC,0x7F,0x18,0x00,0x0E,0x06,0xEC,0x7F,0x0C,0x06,0x0C,0x06,0x0C,0x06,0xFE,0xFF,
/* 1963 */ 
0x00,0x00,0xFE,0xFF,0x18,0x30,0xF8,0x3F,0x18,0x30,0xF8,0x3F,0x18,0x30,0x18,0xF0,
0xFE,0x3F,0x7C,0x3E,0xC0,0x66,0xCC,0x66,0x78,0x3C,0x70,0x18,0x78,0x3C,0xCE,0xE7,
/* 1964 */ 
0x00,0x00,0x60,0x18,0xFE,0xFF,0x78,0x18,0x78,0xFF,0xCE,0x36,0xFE,0x3C,0x7E,0x7E,
0xC6,0x7F,0xFC,0x18,0xF0,0x0F,0x00,0x1C,0x00,0x07,0xFE,0xFF,0x00,0x06,0xE0,0x03,
/* 1965 */ 
0x00,0x00,0x00,0x0C,0x00,0x0C,0x9C,0x0D,0xB6,0x3D,0xB6,0x0D,0xB6,0x0D,0xF6,0xFF,
0x36,0x0C,0xF6,0xC6,0xF6,0xC6,0xF6,0xCE,0xF6,0xDE,0xDE,0xFB,0xC0,0xC1,0xC0,0x7F,
/* 1966 */ 
0x00,0x00,0x0C,0x00,0xCC,0xFF,0xFC,0x61,0x86,0x7F,0x86,0x7F,0x83,0x61,0xDE,0xFF,
0x18,0x60,0xD8,0xFF,0x7E,0xDE,0xD8,0x7B,0x98,0x7B,0x98,0x33,0xF8,0x7E,0x78,0xCC,
/* 1967 */ 
0x00,0x00,0x00,0x0C,0x0C,0x0C,0xFC,0x7F,0xC6,0xC0,0xC6,0xFF,0xFF,0xC0,0xD8,0xFF,
0xD8,0xC0,0x98,0x7F,0x3C,0x0C,0xD8,0xFF,0x18,0x1E,0x78,0x3F,0xB8,0x6D,0xF8,0xCC,
/* 1968 */ 
0x00,0x00,0x00,0x00,0xCC,0x7F,0x78,0x60,0x60,0x60,0xE0,0x7F,0x66,0x60,0x6C,0x60,
0xD8,0x7F,0x18,0x06,0x18,0x06,0xF8,0x7F,0x0C,0x06,0x0C,0x06,0x06,0x06,0xF6,0xFF,
/* 1969 */ 
0x00,0x00,0x00,0x00,0xD8,0x00,0xD8,0xFF,0x6C,0xCC,0xEC,0xCD,0xEE,0x3D,0xCE,0x6C,
0xCC,0x6C,0x6C,0x0C,0x0C,0x0F,0xE0,0x31,0x78,0x63,0x6C,0x66,0x6C,0xF8,0xE6,0xDF,
/* 1970 */ 
0x00,0x00,0x18,0x00,0x18,0x0C,0x98,0xFF,0xD8,0xC0,0xFE,0xC0,0x18,0x00,0x3C,0x00,
0xFC,0xFF,0x7E,0x0C,0x1E,0x0C,0x1B,0x0C,0x18,0x0C,0x18,0x0C,0x18,0x0C,0x98,0x0F,
/* 1971 */ 
0x00,0x00,0x00,0x06,0x36,0x0C,0xFC,0xFF,0x78,0xC0,0x7C,0xC0,0x1E,0xC0,0x30,0x00,
0xF0,0xFF,0x38,0x0C,0x3C,0x0C,0x36,0x0C,0x30,0x0C,0x30,0x0C,0x30,0x0C,0x9E,0x0F,
/* 1972 */ 
0x00,0x00,0x00,0x00,0x9E,0xFF,0xF6,0x60,0x1E,0x3F,0xF6,0x19,0x0C,0x7E,0xF0,0xD9,
0x7C,0xD8,0x7C,0x7E,0x6C,0x1E,0xFE,0xF7,0xE6,0x1E,0xF6,0x1E,0xB6,0x33,0x18,0xE3,
/* 1973 */ 
0x00,0x00,0x80,0x01,0x80,0x01,0xFE,0xFF,0x06,0xC0,0x06,0xC0,0x06,0x00,0x00,0x00,
0xFC,0x7F,0x00,0x03,0x00,0x03,0x00,0x03,0x00,0x03,0x00,0x03,0x00,0x03,0xF0,0x03,
/* 1974 */ 
0x00,0x00,0x00,0x06,0x18,0x06,0x98,0x7F,0xFE,0xC0,0xF8,0xC0,0xD8,0xC0,0x18,0x00,
0xD8,0xFF,0x78,0x0C,0x1E,0x0C,0x18,0x0C,0x18,0x0C,0x18,0x0C,0x18,0x0C,0x9E,0x0F,
/* 1975 */ 
0x00,0x00,0x00,0x06,0x06,0x06,0xCC,0x3F,0x78,0xE0,0x60,0xC0,0x66,0xC0,0x0C,0x00,
0xF8,0xFF,0x00,0x0C,0x18,0x0C,0x18,0x0C,0x18,0x0C,0x0C,0x0C,0x06,0x0C,0x86,0x07,
/* 1976 */ 
0x00,0x00,0x00,0x03,0x18,0x03,0x18,0x03,0x18,0x03,0xFC,0x7F,0x0C,0x03,0x06,0x03,
0x06,0x03,0x00,0x03,0xFF,0xFF,0x00,0x03,0x00,0x03,0x00,0x03,0x00,0x03,0x00,0x03,
/* 1977 */ 
0x00,0x00,0x18,0x00,0xD8,0x3F,0x18,0x63,0x18,0x63,0x7E,0x63,0x18,0x63,0x18,0x63,
0x18,0x63,0xF8,0x7F,0x1E,0x63,0x18,0x63,0x18,0x63,0x98,0x61,0x98,0x61,0xFF,0xFF,
/* 1978 */ 
0x00,0x00,0x00,0x00,0x0C,0x00,0xFC,0x7F,0x0C,0x66,0x06,0x66,0x00,0x66,0x7C,0x66,
0x18,0x66,0x98,0x7F,0x7E,0x63,0x18,0x63,0x18,0x63,0x18,0x63,0x78,0x63,0xF8,0xFF,
/* 1979 */ 
0x00,0x00,0x00,0x00,0xD8,0x3F,0x18,0x66,0x0C,0x66,0x6C,0x66,0x36,0x63,0x3E,0x63,
0xD8,0x7F,0x18,0x63,0x0C,0x63,0x7E,0x63,0x00,0x63,0x00,0x63,0x7C,0x63,0xE0,0xFF,
/* 1980 */ 
0x00,0x00,0x00,0x00,0x1C,0x0C,0x36,0x0C,0xF6,0xFF,0x76,0xC6,0x3E,0xC6,0x36,0x07,
0x36,0xCF,0xB6,0x6D,0xFE,0x39,0xF6,0x19,0xB6,0x31,0xB6,0x61,0xB6,0xED,0xBF,0xC7,
/* 1981 */ 
0x00,0x00,0x00,0x00,0x06,0x00,0x1C,0x06,0xF0,0xFF,0x60,0xC6,0x66,0xC6,0x0C,0x07,
0xB8,0xED,0xC0,0x3D,0xE0,0x19,0xB8,0x19,0x98,0x31,0x8C,0x61,0x8C,0xCF,0x06,0x03,
/* 1982 */ 
0x00,0x00,0x00,0x00,0x80,0x01,0x80,0x01,0xFE,0xFF,0x86,0xC1,0xC6,0xC1,0x60,0x63,
0x70,0x33,0x38,0x1E,0x3C,0x0E,0x36,0x0C,0x30,0x18,0x30,0x30,0x30,0xE7,0xF0,0x01,
/* 1983 */ 
0x00,0x00,0x00,0x00,0xFC,0xFF,0x80,0x01,0x80,0x01,0xF8,0x3F,0x80,0x01,0xFE,0xFF,
0x60,0x0C,0x60,0x0C,0x60,0x0C,0xFC,0xFF,0x30,0x0C,0x30,0x0C,0x38,0x0C,0x0C,0x00,
/* 1984 */ 
0x00,0x00,0x18,0x00,0x18,0x3F,0x18,0x63,0xFE,0x63,0xD8,0x66,0xCC,0x66,0xCC,0x66,
0xCC,0x3C,0x6C,0x3C,0x6C,0x1C,0x78,0x18,0x30,0x3C,0x78,0x66,0xCC,0x63,0x86,0xC1,
/* 1985 */ 
0x00,0x00,0x30,0x00,0x18,0xFF,0xFE,0xC7,0x98,0x67,0x8C,0x6D,0xDC,0x3C,0x70,0x18,
0xF0,0x7E,0x9C,0xC3,0x06,0x00,0xFC,0xFF,0x80,0xC1,0xC0,0xC0,0x60,0x60,0x3E,0x7F,
/* 1986 */ 
0x00,0x00,0x30,0x00,0x30,0x7F,0xFE,0x67,0x98,0x67,0xCC,0x6C,0xCC,0x3C,0x78,0x18,
0xF0,0x3E,0x9C,0xE3,0x06,0x00,0xF8,0x61,0x6C,0x63,0x6C,0xDB,0x6C,0xD8,0xE6,0x1F,
/* 1987 */ 
0x00,0x00,0x00,0x00,0xC0,0x00,0xC0,0x00,0x60,0x00,0xFE,0xFF,0x60,0x18,0x30,0x18,
0x30,0x18,0x18,0x0C,0x30,0x0C,0xE0,0x06,0x80,0x07,0x80,0x0F,0xE0,0x38,0x3E,0xE0,
/* 1988 */ 
0x00,0x00,0x00,0x00,0x00,0x7F,0xDE,0x61,0xF6,0x36,0xB6,0x3D,0xF6,0xFF,0x36,0x03,
0xFE,0xFF,0x36,0x03,0x36,0x7F,0xB6,0x63,0xF6,0x66,0xDE,0x3C,0x60,0x1C,0xF0,0xF7,
/* 1989 */ 
0x00,0x00,0x00,0x03,0x00,0x7F,0x00,0x03,0xFC,0x7F,0x0C,0xC3,0x0C,0x7F,0xFC,0x33,
0x0C,0x33,0x0C,0x3F,0xCC,0x7F,0x7C,0x00,0x3C,0x00,0xFE,0xFF,0x36,0x00,0xE6,0x7F,
/* 1990 */ 
0x00,0x00,0x00,0x03,0x00,0x03,0xFE,0xFF,0x1E,0x00,0x1E,0x00,0xDC,0x7F,0x78,0x00,
0x78,0x00,0x7C,0x00,0xFE,0xFF,0x78,0x00,0x78,0x00,0x6C,0x00,0xCC,0x00,0x86,0x3F,
/* 1991 */ 
0x00,0x00,0x00,0x00,0xEC,0xFF,0xCC,0xDE,0xCC,0xDE,0xFE,0x7E,0xEC,0x7F,0xCC,0x7E,
0xCC,0x7E,0xF8,0x7E,0xFC,0xDF,0xCF,0xDE,0xCC,0xDE,0x6C,0xDE,0x6C,0x7E,0xFE,0x1B,
/* 1992 */ 
0x00,0x00,0x00,0x00,0xCC,0x7F,0xCC,0x7F,0x7E,0xC6,0xFE,0xFF,0x3E,0xC6,0xFE,0x7B,
0x3F,0x00,0xEF,0xFF,0x0C,0x06,0xEC,0xFF,0x6C,0xDB,0x6C,0xDB,0x6C,0xDB,0x6C,0xFB,
/* 1993 */ 
0x00,0x00,0x00,0x00,0xD8,0x7F,0xFE,0x7F,0xFE,0xCC,0xFE,0xFF,0xF8,0xCE,0x98,0x7F,
0x7E,0x0C,0xDC,0xFF,0x3C,0x7F,0xFC,0xDF,0xFE,0xDE,0xDE,0xDE,0xD8,0xDE,0xD8,0xFE,
/* 1994 */ 
0x00,0x00,0x00,0x00,0x00,0x33,0x0C,0x33,0x98,0x7F,0x00,0x33,0x00,0x0C,0xDE,0xFF,
0x18,0x06,0x18,0x03,0x18,0x7F,0x98,0x61,0xD8,0x61,0xF8,0x61,0xB8,0x61,0x98,0x7F,
/* 1995 */ 
0x00,0x00,0x00,0x00,0x00,0x3F,0xFE,0x79,0xB6,0x79,0xB6,0x19,0xF6,0xFF,0xB6,0x79,
0xB6,0x79,0xB6,0x79,0x36,0x7F,0xF6,0x39,0xB6,0xF9,0xB6,0xF9,0xBE,0xFD,0xC0,0xE7,
/* 1996 */ 
0x00,0x00,0x00,0x00,0xFE,0x03,0x06,0xFF,0xCE,0xCF,0xCE,0xCF,0xFE,0xCD,0xFE,0x6D,
0x76,0x18,0x36,0x1C,0x76,0x1C,0x7E,0x3C,0xCE,0x36,0xCE,0x66,0x06,0xC3,0xFC,0x83,
/* 1997 */ 
0x00,0x00,0x00,0x00,0xFE,0x0D,0x06,0x7F,0xCE,0x6F,0xDE,0x7B,0xDE,0x7B,0x76,0x73,
0x76,0x03,0x66,0xFF,0x76,0xC0,0x7E,0xC0,0xDE,0xFF,0xCE,0xC0,0x06,0xC0,0xFE,0xF1,
/* 1998 */ 
0x00,0x00,0x00,0x00,0xFE,0x3E,0x06,0x66,0xCE,0x66,0xCE,0x66,0x7E,0x63,0xFE,0xC1,
0x76,0x7F,0x36,0xC6,0x76,0x66,0x7E,0x3C,0xDE,0x38,0xCE,0x38,0x06,0x6E,0xFC,0xC3,
/* 1999 */ 
0x00,0x00,0x00,0x00,0xFE,0xFF,0x30,0x0C,0x00,0x0C,0x98,0x7F,0xFE,0x6D,0xFC,0x7F,
0xD8,0x6D,0xFE,0x3F,0x18,0x7F,0xB8,0xCD,0xFC,0xFD,0x9C,0xFF,0x9E,0xF3,0x80,0xF1,
/* 2000 */ 
0x00,0x00,0x00,0x00,0xFC,0xFF,0xF6,0x00,0xF6,0x60,0xF6,0x63,0xF6,0x66,0xF6,0x3C,
0xF6,0x3C,0xF6,0x18,0xF6,0x3C,0xF6,0x3C,0xF6,0x66,0xF6,0xC3,0xF6,0x01,0xDC,0xFF,
/* 2001 */ 
0x00,0x00,0x18,0x00,0xF8,0x7F,0x6C,0x66,0xEC,0x7F,0x6C,0x66,0x6C,0x66,0xEE,0x7F,
0x0F,0x06,0xEC,0x7F,0x3C,0xC6,0x3C,0xDE,0xFC,0xFF,0x7C,0xF0,0x3C,0xE0,0x3C,0xF8,
/* 2002 */ 
0x00,0x00,0x00,0x00,0xEC,0xFF,0x78,0x00,0xF0,0x61,0x60,0x33,0x66,0x33,0x6C,0x36,
0x78,0x1C,0x60,0x1C,0x70,0x1C,0x78,0x36,0x78,0x33,0xEC,0x61,0xEC,0x60,0xE6,0xFF,
/* 2003 */ 
0x00,0x00,0x00,0x00,0xC0,0x18,0xDE,0x18,0xFE,0xFF,0xFE,0xC7,0xDE,0xC6,0xDE,0xC6,
0xDE,0xC6,0xDE,0xC7,0xFE,0xFE,0xDE,0xC6,0xDE,0xC6,0xDE,0xC6,0xDE,0xC6,0xFC,0xFE,
/* 2004 */ 
0x00,0x00,0x00,0x00,0x7C,0x30,0x66,0x33,0x66,0x33,0x66,0x33,0x7C,0x33,0x38,0x33,
0x18,0x33,0x1E,0x33,0x7E,0x63,0x1E,0x63,0x9E,0x61,0x9E,0x61,0xFE,0xC0,0xCE,0xC0,
/* 2005 */ 
0x00,0x00,0x00,0x00,0xFC,0x7E,0x7C,0x7B,0x7C,0x7B,0x7C,0x7B,0x7C,0x7B,0x7C,0x7F,
0xFC,0x03,0xFC,0xC3,0xFC,0xC3,0xF6,0xC3,0xB6,0x7F,0x36,0x03,0x36,0x06,0x30,0xFC,
/* 2006 */ 
0x00,0x00,0x00,0x00,0x18,0x0C,0x18,0x7E,0xFE,0xC3,0xFE,0xC1,0xFE,0xC1,0xFE,0xC1,
0xFE,0xC1,0xFE,0xFF,0xFE,0xC1,0xFE,0xC1,0xFE,0xC1,0x9E,0xC1,0x98,0xC1,0x18,0xFF,
/* 2007 */ 
0x00,0x00,0x00,0x0C,0x18,0x0C,0x18,0x3F,0x98,0xE1,0xFE,0xC0,0xFE,0xC0,0xFE,0xC0,
0xFE,0xC0,0x9B,0xFF,0xDB,0xC0,0xD8,0xC0,0xD8,0xC0,0xD8,0xC0,0xD8,0xC0,0x98,0x7F,
/* 2008 */ 
0x00,0x00,0x00,0x00,0xFE,0xFF,0x30,0x18,0xFE,0x7E,0x30,0x18,0xFE,0xFF,0x80,0x01,
0xF8,0x3F,0x8C,0x61,0x8C,0x61,0xFC,0x7F,0x0C,0x30,0x0C,0xC0,0x0C,0xC0,0xF8,0xFF,
/* 2009 */ 
0x00,0x00,0x00,0x00,0x18,0x0C,0x18,0x0C,0xFE,0x7F,0xD8,0xC0,0xD8,0xC0,0xD8,0xC0,
0xF8,0xC0,0xB8,0xFF,0xDE,0xC0,0xD8,0xC0,0xD8,0xC0,0xD8,0xC0,0xD8,0xC0,0x9E,0x7F,
/* 2010 */ 
0x00,0x00,0x18,0x00,0x18,0x1B,0x18,0x1B,0xFE,0xFB,0x18,0x1B,0x18,0x1B,0x18,0x1B,
0xD8,0xFB,0x38,0x1B,0x1E,0x1B,0x18,0x1B,0xF8,0xFB,0x18,0x1B,0x18,0x1B,0x1E,0x1B,
/* 2011 */ 
0x00,0x00,0x30,0x0C,0x30,0x0C,0xB6,0xFF,0xB6,0xCD,0xB6,0xFF,0xFC,0xCD,0x86,0xCD,
0x86,0xFF,0x3C,0x06,0x36,0x1E,0xF6,0xFF,0x36,0x18,0x36,0x18,0x36,0x18,0x06,0x18,
/* 2012 */ 
0x00,0x00,0x00,0x18,0x18,0x1B,0x18,0x1B,0xCC,0xFB,0x06,0x1B,0x30,0x1B,0x18,0x1B,
0xD8,0xFB,0x1C,0x1B,0x1E,0x1B,0x18,0x1B,0xF8,0xFB,0x18,0x1B,0x18,0x1B,0x18,0x1B,
/* 2013 */ 
0x00,0x00,0x00,0x00,0xCE,0xFF,0xFC,0x30,0xD8,0x30,0xC0,0xFC,0xF7,0x33,0xCC,0x30,
0xD8,0x30,0xD8,0xFC,0xF8,0x33,0xD8,0x30,0xCC,0xFE,0xCC,0x30,0x66,0x30,0x36,0x30,
/* 2014 */ 
0x00,0x00,0x00,0x00,0x0E,0x70,0xD8,0x1F,0xF0,0xE0,0xC0,0x3E,0xC6,0x0F,0xDC,0xDB,
0xF0,0x7B,0xC0,0x1B,0xF0,0x1B,0x78,0x33,0x78,0x33,0x6C,0x63,0x36,0xFB,0x06,0xCF,
/* 2015 */ 
0x00,0x00,0xD8,0x36,0xBE,0xFF,0xF8,0x37,0xFC,0x7B,0xFE,0xFF,0xF8,0x36,0xFE,0xFF,
0xE0,0x0C,0x38,0x3E,0xFE,0xE3,0xFC,0xFF,0x00,0x03,0xFE,0xFF,0x00,0x03,0xF0,0x03,
/* 2016 */ 
0x00,0x00,0x00,0x00,0xEC,0x7F,0xDC,0x66,0x98,0x37,0xF0,0xFF,0x06,0x0E,0x8C,0x1F,
0xD8,0x76,0x70,0xC6,0xD8,0x7F,0x78,0x66,0xD8,0x7F,0x6C,0x66,0x6C,0x66,0xC6,0x7F,
/* 2017 */ 
0x00,0x00,0x00,0x03,0x80,0x01,0xF0,0x3F,0x98,0x31,0x18,0x33,0xFE,0xFF,0x98,0x31,
0x18,0x33,0x18,0x30,0x0C,0x1C,0xF8,0x3F,0xCC,0x66,0xCC,0x66,0xCC,0x66,0xFE,0xFF,
/* 2018 */ 
0x00,0x00,0x00,0x00,0x70,0x3E,0xFC,0x36,0xFC,0xE7,0xFC,0x3E,0xFE,0x66,0xFC,0x3C,
0xFC,0x38,0xE6,0xEF,0xFE,0xFF,0x60,0x00,0xF0,0x7F,0x1E,0x60,0x18,0x60,0xF8,0x7F,
/* 2019 */ 
0x00,0x00,0x00,0x00,0x3E,0x1E,0x36,0x33,0x36,0x33,0xB6,0x61,0xBE,0x61,0xF6,0xDF,
0xF6,0x77,0x36,0x66,0x3E,0x66,0x36,0x63,0x36,0x63,0xB6,0x61,0xFE,0x60,0x60,0x3E,
/* 2020 */ 
0x00,0x00,0x00,0x00,0x7C,0x0C,0x7E,0xCF,0x7E,0x6F,0x7E,0x6F,0x7E,0x3E,0xFE,0xFF,
0x7E,0x0C,0x7E,0x0C,0x7E,0x0C,0xFE,0xFF,0x7E,0x0C,0x7E,0x0C,0x7C,0x0C,0x00,0x00,
/* 2021 */ 
0x00,0x00,0x00,0x00,0x60,0xC0,0x6C,0xC3,0x6C,0xCF,0xF8,0xCD,0x60,0xCC,0xFE,0xCF,
0x60,0xCC,0x60,0xCC,0xFE,0xCF,0x60,0xCC,0x30,0xC0,0x30,0xC0,0x18,0xC0,0x0C,0xF8,
/* 2022 */ 
0x00,0x00,0x00,0x00,0x30,0xFC,0xB6,0x07,0xFC,0x03,0xFC,0x03,0x7C,0x7F,0xFC,0xC7,
0x30,0xC7,0x30,0xCF,0xFE,0x6F,0xB0,0x3B,0x98,0x39,0x98,0x3D,0xCC,0xEE,0x66,0xC3,
/* 2023 */ 
0x00,0x00,0x00,0x60,0xF0,0x3F,0x18,0x00,0x18,0x00,0x18,0x00,0xF0,0x7F,0x18,0x18,
0x18,0x18,0x18,0x18,0x18,0x18,0xFE,0xFF,0x00,0x06,0x00,0x1C,0x00,0x30,0x00,0xE0,
/* 2024 */ 
0x00,0x00,0x00,0x03,0x00,0x03,0xFC,0xFF,0x8C,0x0D,0x8C,0x39,0xFC,0xFF,0x8C,0x07,
0x8C,0x07,0x8C,0x67,0xCC,0x36,0xCC,0x1E,0x66,0x0E,0x66,0xC7,0xFE,0xC7,0x6E,0xFE,
/* 2025 */ 
0x00,0x00,0x80,0x01,0x00,0x03,0xFE,0xFF,0x60,0x18,0x60,0x0C,0xFE,0xFF,0x86,0xC1,
0x83,0x01,0xFE,0xFF,0x60,0x00,0xE0,0x3F,0x30,0x30,0x30,0x30,0x18,0x30,0x8E,0x3F,
/* 2026 */ 
0x00,0x00,0x18,0x0C,0x18,0x0C,0xFE,0xFF,0x18,0x33,0x3E,0x33,0xF8,0xFF,0xD8,0xCC,
0xFE,0x0C,0x98,0xFF,0x3C,0x06,0x7E,0xFE,0x7E,0xC3,0x18,0xC3,0x98,0x61,0xD8,0x7C,
/* 2027 */ 
0x00,0x00,0x00,0x0C,0x3C,0x0C,0xE6,0x6D,0xE6,0x6D,0x66,0x6F,0x7C,0x3F,0xE6,0xFF,
0xE6,0x0C,0x66,0x0C,0x7C,0x0C,0xE6,0xFF,0x66,0x0C,0x66,0x0C,0x66,0x0C,0x38,0x0C,
/* 2028 */ 
0x00,0x00,0x00,0x00,0xCC,0x18,0xCC,0x18,0xFE,0x3F,0xCC,0x7B,0xCC,0x7B,0xCC,0x7B,
0xFC,0x7B,0xDC,0x7B,0xCE,0x7B,0xCC,0x6F,0x6C,0x6F,0x6C,0x7F,0x6C,0xC3,0x3E,0xFE,
/* 2029 */ 
0x00,0x00,0x80,0x01,0x9C,0x01,0xB6,0xFF,0xF6,0xC0,0x76,0xCF,0xB6,0xD9,0xF6,0xD8,
0xF6,0xD8,0xF6,0xD8,0xB6,0xDF,0xF6,0x6C,0xF6,0x78,0xF6,0x00,0xF6,0xC0,0x9C,0xFF,
/* 2030 */ 
0x00,0x00,0x00,0x00,0x18,0xC0,0xF8,0xDB,0x0C,0xDB,0xFE,0xDB,0xCC,0xDB,0xCC,0xDB,
0xCC,0xDB,0xCC,0xDB,0x7C,0xDB,0x3C,0xDB,0xEC,0xD9,0x0C,0xDE,0x0C,0xC6,0xF8,0xFB,
/* 2031 */ 
0x00,0x00,0x18,0x00,0x98,0x01,0xF8,0x7F,0xFE,0x60,0xFE,0x6F,0xBE,0x79,0xBE,0x79,
0x9E,0x79,0x9E,0x79,0x98,0x6F,0xB8,0x61,0xB8,0x7D,0xEC,0xC1,0xEC,0xC1,0x86,0xFF,
/* 2032 */ 
0x00,0x00,0x0C,0x00,0x8C,0x01,0x98,0x7F,0xC0,0x60,0x7E,0x60,0xB0,0x7F,0xF8,0x78,
0xF8,0x78,0xFC,0x78,0xEF,0x7F,0xCC,0x60,0xCC,0x7C,0xCC,0xC0,0xCC,0xC0,0x8C,0xFF,
/* 2033 */ 
0x00,0x00,0x00,0x00,0xFE,0x01,0xE6,0x7F,0xE6,0x60,0xE6,0x60,0xE6,0x7F,0xBC,0x79,
0x9E,0x79,0x9E,0x79,0xFE,0x7F,0x9E,0x61,0x9E,0x7D,0x9E,0xC1,0xFE,0xC1,0x8F,0xFF,
/* 2034 */ 
0x00,0x00,0xC0,0x00,0xC6,0x00,0xDC,0x7F,0x78,0x60,0x60,0x60,0xF0,0x7F,0xCE,0x78,
0xD8,0x78,0xC0,0x78,0xC0,0x7F,0xD8,0x60,0xD8,0x7E,0xCC,0xC0,0xCC,0xC0,0xC6,0xFF,
/* 2035 */ 
0x00,0x00,0x00,0x00,0xC0,0xFF,0x3E,0x18,0x36,0x0C,0x36,0x0C,0x36,0x1C,0x36,0x3E,
0x36,0x3F,0xB6,0x6D,0xF6,0x6D,0x76,0xCC,0x36,0x0C,0x36,0x0C,0x3E,0x0C,0xEC,0xFF,
/* 2036 */ 
0x00,0x00,0x00,0x00,0xD8,0xFF,0x3E,0x18,0x36,0x0C,0x36,0x0C,0x3E,0x1C,0x36,0x3E,
0x36,0x3F,0x36,0x6F,0xBE,0x6D,0xF6,0xCC,0x36,0x0C,0x36,0x0C,0x36,0x00,0xFE,0xFF,
/* 2037 */ 
0x00,0x00,0x00,0x00,0x0C,0x06,0xEC,0xFF,0xCC,0x30,0x8C,0x31,0xBF,0x31,0x8C,0x19,
0xEC,0xFF,0x0C,0x00,0xCC,0x7F,0xCC,0x60,0xFC,0x60,0xDC,0x60,0xC7,0x60,0xC0,0x7F,
/* 2038 */ 
0x00,0x00,0x00,0x00,0xC0,0x06,0xFE,0xFE,0xC0,0x06,0xFC,0x7E,0xC0,0x06,0xFE,0xFE,
0xC0,0x06,0xFE,0xFF,0x80,0x03,0xC0,0x63,0x70,0x36,0x3E,0x1C,0x30,0x37,0xF0,0xE1,
/* 2039 */ 
0x00,0x00,0x00,0x0C,0x7C,0x0C,0xE6,0xFF,0x66,0x63,0x7E,0x33,0x7E,0x33,0x7E,0x33,
0xFE,0xFF,0x7E,0x00,0xFE,0x7F,0x98,0x61,0xBC,0x61,0xEC,0x61,0xE6,0x61,0x86,0x7F,
/* 2040 */ 
0x00,0x00,0x00,0x00,0x3C,0x0C,0xF6,0x7F,0x36,0x00,0xB6,0x31,0x1E,0x33,0x36,0x33,
0xF6,0xFF,0x36,0x00,0xE6,0x7F,0xF6,0x60,0xDE,0x60,0xC6,0x60,0xC6,0x60,0x86,0x7F,
/* 2041 */ 
0x00,0x00,0x00,0x00,0xFE,0x7F,0x78,0x60,0x78,0x60,0xFE,0x61,0xFE,0x61,0xFE,0x7D,
0xFE,0x07,0xFE,0x03,0xEE,0x03,0x86,0x03,0xFE,0xC3,0x86,0xC3,0x86,0xC3,0xFE,0xFF,
/* 2042 */ 
0x00,0x00,0x00,0x00,0xF8,0x7F,0x3C,0x60,0xFC,0x7F,0x3C,0x66,0xBC,0x7F,0xFE,0x7E,
0xFF,0x7E,0xFC,0x7E,0xFC,0x7E,0xFC,0x7E,0xFC,0xFE,0xFC,0xFE,0x1C,0xE6,0x1C,0xC6,
/* 2043 */ 
0x00,0x00,0x00,0x0C,0x0C,0x0C,0xF8,0xFF,0x30,0x0C,0x00,0x0C,0x86,0x7F,0xCC,0xCC,
0xF8,0xCC,0xC0,0xCC,0xD8,0xCC,0xD8,0xCC,0xD8,0xCC,0xCC,0xFC,0x06,0x0C,0x06,0x0C,
/* 2044 */ 
0x00,0x00,0x00,0x00,0x00,0x06,0xDE,0x7F,0x9E,0x37,0xFE,0xFF,0x9E,0x31,0x9E,0x31,
0xDE,0x7F,0xDE,0x66,0xDE,0x6C,0xDE,0x6C,0xDE,0x66,0xDE,0x1E,0x0C,0x33,0xC0,0xE1,
/* 2045 */ 
0x00,0x00,0x60,0x06,0x60,0x0C,0x30,0x18,0x18,0x30,0xFE,0x7F,0xC0,0xD8,0xC0,0x18,
0x70,0x18,0x1C,0x1F,0x00,0x00,0xFC,0x7F,0x6C,0x66,0x6C,0x66,0x6C,0x66,0xFE,0xFF,
/* 2046 */ 
0x00,0x00,0x00,0x00,0xFE,0xFF,0x0C,0x0C,0x8C,0xCD,0x8C,0x6D,0x0C,0x6F,0x3C,0x3F,
0x36,0x3F,0xF7,0xFF,0x36,0x0C,0x36,0x0C,0x36,0x0C,0x36,0x0C,0x36,0x0C,0x3C,0x0C,
/* 2047 */ 
0x00,0x00,0x00,0x00,0xD8,0xFF,0x18,0x0C,0x18,0xCC,0xBE,0x6D,0x98,0x6D,0x18,0x3F,
0x18,0x0C,0xF8,0xFF,0x1C,0x0C,0x1E,0x0C,0x18,0x0C,0x18,0x0C,0x18,0x0C,0x1E,0x0C,
/* 2048 */ 
0x00,0x00,0x80,0x01,0xFE,0xFF,0x00,0x00,0xF8,0x3F,0x0C,0x60,0xF8,0x3F,0xFC,0x1F,
0x00,0x30,0x80,0x1F,0x00,0x07,0x00,0x1C,0x78,0x0E,0xF8,0x67,0xCC,0x6C,0xC6,0xCC,
/* 2049 */ 
0x00,0x00,0x00,0x00,0x86,0xC1,0xFC,0x6F,0x98,0x31,0xE0,0x1F,0x06,0xC0,0xEC,0x67,
0x38,0x66,0x30,0x3E,0x38,0xC6,0xF8,0xC7,0x6C,0x63,0x6C,0x63,0xE6,0x3F,0xFE,0x1C,
/* 2050 */ 
0x00,0x00,0x30,0x00,0x30,0x60,0xFE,0x31,0x30,0x1C,0xFE,0x07,0x00,0xC0,0xFC,0xE0,
0x86,0x31,0x86,0x1D,0x86,0x07,0xFC,0xC0,0xCC,0xC0,0xCC,0x60,0xF8,0x3B,0xFE,0x0F,
/* 2051 */ 
0x00,0x00,0x60,0x00,0xFE,0xFF,0x60,0x0C,0x8C,0x1F,0xCC,0x70,0xF8,0x1B,0x38,0x0F,
0xFE,0xFF,0xF8,0x7F,0x18,0x06,0xF8,0x7F,0x18,0x06,0xF8,0xFF,0x3C,0x06,0xE6,0xFF,
/* 2052 */ 
0x00,0x00,0x00,0x00,0xC0,0xFF,0x6C,0xDE,0x6C,0xDE,0x7E,0xDE,0xDC,0xFF,0x7C,0xDE,
0x7C,0xDE,0x6E,0xDE,0xCE,0xFF,0x6F,0xDE,0x6C,0xDE,0x6C,0xCE,0x6C,0xCE,0x80,0xFF,
/* 2053 */ 
0x00,0x00,0x00,0x00,0xFF,0xFF,0xCC,0xDE,0xCC,0xDE,0xCC,0xDE,0xFE,0xFF,0xF6,0xDE,
0xF7,0xDE,0xF6,0xDE,0xF6,0xFF,0xF6,0xDE,0xF6,0xDE,0xF6,0xDE,0x7C,0xDE,0xE0,0xFF,
/* 2054 */ 
0x00,0x00,0x18,0x06,0xFC,0xFF,0x36,0x1B,0x80,0x1F,0xCC,0x31,0x78,0x1B,0x00,0x0F,
0xFE,0xFF,0xF8,0x7F,0x18,0x06,0xD8,0x7F,0x18,0x06,0xF8,0xFF,0x3C,0x06,0xE6,0xFF,
/* 2055 */ 
0x00,0x00,0x00,0x00,0x1C,0xC3,0xF6,0x6F,0x36,0x33,0x36,0x1B,0xFE,0xCF,0xB6,0xC7,
0xF6,0x6C,0x76,0x3C,0xFE,0x1F,0x36,0xC0,0xF6,0xC6,0xF6,0x66,0x36,0x3F,0xFF,0x19,
/* 2056 */ 
0x00,0x00,0x00,0x00,0xFC,0xFE,0xCC,0xC3,0xCC,0xC3,0xCC,0xC3,0xFC,0xFE,0xCC,0xC3,
0xCC,0xC3,0xCC,0xC3,0xFC,0xFE,0xCC,0xC3,0xC6,0xC3,0xC6,0xC3,0xC6,0xC3,0xF3,0x79,
/* 2057 */ 
0x00,0x00,0x00,0x00,0xDC,0x3D,0xFE,0xE7,0xFE,0xDF,0xFE,0xF7,0xFE,0xC7,0xFE,0x77,
0xFE,0x07,0xFE,0xFD,0xFE,0xC1,0xFE,0xC1,0xFE,0xFF,0xFE,0xC1,0xFE,0xC1,0xFF,0xF9,
/* 2058 */ 
0x00,0x00,0x00,0x06,0x00,0x06,0xEC,0xFF,0x0C,0x06,0xFE,0x7F,0x0C,0x03,0xEC,0xFF,
0x8C,0x19,0xFC,0x36,0x7E,0xE6,0xFC,0x3F,0x0C,0x06,0xEC,0xFF,0x0C,0x06,0x0E,0x06,
/* 2059 */ 
0x00,0x00,0x00,0x60,0x00,0x33,0x7E,0x36,0xD8,0xFF,0x18,0x1E,0xCC,0xDE,0xFC,0xDE,
0xEC,0x7F,0xEE,0x7F,0xEC,0x7F,0x6C,0x7F,0x6C,0x1F,0x6C,0x1E,0x6C,0x1E,0xF8,0xFF,
/* 2060 */ 
0x00,0x00,0x00,0x00,0xD8,0x7F,0x18,0x0C,0x18,0x06,0x18,0x06,0x3E,0x1E,0x18,0x1F,
0x98,0x37,0xD8,0x66,0xF8,0x66,0x78,0xC6,0x78,0x06,0x38,0x06,0x0E,0x06,0xE0,0xFF,
/* 2061 */ 
0x00,0x00,0x80,0x19,0xFE,0x19,0x98,0xD9,0x8C,0x79,0x8C,0x79,0x8C,0x39,0xBC,0x1F,
0xEC,0x19,0xEE,0x19,0xEE,0x19,0xEC,0x19,0xEC,0xD9,0xEC,0xDD,0xEC,0xDF,0x7C,0xF8,
/* 2062 */ 
0x00,0x00,0x00,0x00,0xFC,0x7F,0xFC,0xFF,0x86,0xC1,0xFE,0xFF,0xFE,0xFF,0x00,0x60,
0xFC,0x18,0xC6,0xFF,0xFC,0x66,0x86,0xFF,0xFE,0x18,0xCE,0xFF,0xCE,0x18,0xF8,0x18,
/* 2063 */ 
0x00,0x00,0x00,0x00,0x18,0x00,0xD8,0xCC,0xD8,0xCC,0xFE,0x6C,0x98,0x3F,0xD8,0x18,
0xF8,0x0C,0xF8,0x0C,0xDE,0x0C,0xD8,0x0C,0xD8,0xCC,0xD8,0xCE,0xD8,0xCF,0x9E,0xF9,
/* 2064 */ 
0x00,0x00,0x00,0x00,0x18,0x06,0x18,0x3F,0xD8,0xE7,0xFE,0xC6,0xD8,0x66,0xD8,0x06,
0xD8,0x7F,0xF8,0x61,0xDE,0x33,0xD8,0x36,0x78,0x1C,0x78,0x1C,0x38,0x37,0xFE,0xE1,
/* 2065 */ 
0x00,0x00,0x00,0x18,0xFC,0xFF,0xC6,0x66,0xFC,0x66,0x06,0xFF,0xFE,0x19,0xDE,0x18,
0xDE,0x7F,0xFE,0x18,0x00,0x0C,0xFC,0x7F,0x80,0x61,0xC0,0x60,0x70,0x60,0x1E,0x7F,
/* 2066 */ 
0x00,0x00,0x00,0x00,0xFE,0xFF,0x30,0x18,0x30,0x18,0xFC,0x7E,0x30,0x18,0xFE,0xFF,
0x80,0x01,0x0C,0x06,0x0C,0x66,0xFC,0x3E,0x0C,0x06,0x0C,0xC6,0x8C,0xC7,0xFC,0xFE,
/* 2067 */ 
0x00,0x00,0x00,0x00,0x80,0x19,0xFE,0xD9,0xFE,0x79,0xFE,0x79,0xFE,0x3F,0xFE,0x39,
0xFE,0x19,0xFE,0x19,0xFE,0x19,0xFE,0x19,0xFE,0xD9,0xFE,0xDD,0xFE,0xDF,0xBC,0xFB,
/* 2068 */ 
0x00,0x00,0x00,0x0C,0x9C,0x3F,0xF6,0xEC,0xF6,0xCC,0xF6,0xFF,0xF6,0xCC,0xF6,0xC6,
0xF6,0xFF,0xB6,0x1F,0x36,0x1B,0xB6,0x19,0xF6,0xFF,0x36,0x18,0x1C,0x18,0x00,0x18,
/* 2069 */ 
0x00,0x00,0x00,0x00,0x3C,0x06,0xF6,0xFF,0xF6,0xCC,0xF6,0xCC,0xFE,0xFF,0xF6,0xCC,
0xF6,0xCC,0xB6,0x7F,0x3E,0x36,0x36,0x33,0xF6,0xFF,0x36,0x30,0x36,0x30,0x3E,0x30,
/* 2070 */ 
0x00,0x00,0x00,0x03,0xF0,0xFF,0x1E,0x00,0x1E,0x00,0xDE,0x7F,0x7C,0xC6,0x78,0xC6,
0x78,0x66,0xFC,0x7F,0xFE,0x61,0xF8,0x31,0x78,0x1B,0x6C,0x0E,0x3C,0x1F,0xF6,0xF1,
/* 2071 */ 
0x00,0x00,0x00,0x03,0x00,0x03,0xF8,0x3F,0x0C,0xE3,0x0C,0xC3,0x0C,0x63,0xFC,0x3F,
0x1C,0x30,0x3C,0x30,0x6C,0x18,0xCC,0x0C,0x8C,0x07,0x06,0x07,0xC6,0x1D,0x7E,0xF0,
/* 2072 */ 
0x00,0x00,0x00,0x00,0xF8,0x7F,0x6E,0x06,0x66,0x06,0x66,0x06,0x66,0x06,0x66,0x06,
0x66,0x66,0x66,0x66,0x36,0x66,0x36,0x66,0x1E,0x3C,0x06,0x00,0x06,0x00,0xFC,0xFF,
/* 2073 */ 
0x00,0x00,0x00,0x03,0x00,0x06,0xFE,0xFF,0x1E,0x00,0xFE,0xFF,0x1E,0x0E,0x18,0x1F,
0xD8,0x77,0x78,0xE6,0x3E,0x06,0xD8,0x3F,0x6C,0x60,0x6C,0x60,0x6C,0x60,0xE6,0x7F,
/* 2074 */ 
0x00,0x00,0x18,0x30,0xF8,0x33,0x38,0xFF,0x3C,0xCF,0x3C,0x6F,0xFC,0x6F,0x3E,0x6C,
0x3E,0xFE,0xFC,0x33,0x7C,0x33,0x7C,0xFF,0x7C,0x37,0x7C,0x33,0x7C,0x33,0xCC,0x33,
/* 2075 */ 
0x00,0x00,0x00,0x00,0xFC,0x7F,0x0C,0x60,0x0C,0x60,0xFC,0x7F,0x3C,0x06,0x3C,0x06,
0x3C,0x66,0xFC,0x3F,0x3C,0x0F,0x3C,0x06,0x36,0xC6,0x36,0xC6,0x36,0xC6,0xF3,0xFD,
/* 2076 */ 
0x00,0x00,0x00,0x00,0xFC,0xFF,0xC6,0x36,0xFC,0xFF,0xFE,0x18,0xCE,0xFF,0xFE,0x18,
0x80,0x03,0xFE,0xFF,0xF8,0x3F,0x00,0x00,0xF8,0x3F,0xFC,0x3F,0x0C,0x60,0xFC,0x7F,
/* 2077 */ 
0x00,0x00,0x00,0x06,0xFC,0x7F,0x36,0x1B,0xB6,0x19,0xF8,0x3F,0x0C,0x60,0x0C,0x60,
0xFC,0x7F,0x0C,0x00,0xFC,0x7F,0xDC,0x6C,0xFE,0x7F,0xDE,0x6C,0xDE,0x6C,0x18,0x7C,
/* 2078 */ 
0x00,0x00,0x00,0x00,0x18,0x06,0xF8,0x7F,0x78,0xC0,0x6C,0xC0,0xEC,0x7F,0x6C,0x00,
0xEE,0xFF,0xEE,0xDE,0xFC,0xDE,0xFC,0xFF,0xFC,0xDE,0xFC,0xDE,0xFC,0xDE,0xCC,0xFE,
/* 2079 */ 
0x00,0x00,0x00,0x06,0x0C,0x06,0x0C,0x06,0x0C,0x06,0xFC,0xFF,0x0C,0x00,0x0C,0x00,
0x0C,0x00,0xFC,0x0F,0x0C,0x18,0x0C,0x18,0x0C,0x18,0x0C,0x18,0x06,0x18,0x06,0x18,
/* 2080 */ 
0x00,0x00,0x00,0x0C,0x3E,0x3E,0xE0,0xE3,0xE6,0xC1,0xE6,0xFF,0xE6,0x61,0xB6,0x7D,
0xBE,0xFF,0xEC,0xFF,0xE0,0xFF,0xFC,0xFF,0xE6,0xFF,0xE0,0xFF,0xE0,0xFE,0x3C,0xF6,
/* 2081 */ 
0x00,0x00,0x00,0x00,0xFE,0x3F,0xBC,0x61,0xFE,0x61,0xFE,0x61,0xFE,0x7F,0xFE,0x7F,
0x80,0x7D,0xFC,0x6D,0x80,0x7D,0xFE,0x7D,0xFC,0x7F,0xF6,0xFF,0xF6,0xF3,0xDC,0xC0,
/* 2082 */ 
0x00,0x00,0x00,0x00,0xEC,0xFF,0x18,0x1B,0xE0,0x7F,0x60,0x7B,0x63,0x7B,0xEE,0x7F,
0x18,0x00,0xE0,0x7F,0x18,0x00,0xF8,0xFF,0x8C,0x1F,0xCC,0x36,0x66,0x66,0xBE,0xC7,
/* 2083 */ 
0x00,0x00,0x00,0x00,0xFE,0xF9,0x78,0x3F,0xFE,0x3F,0xFE,0x3F,0xFE,0x6F,0xFE,0x6F,
0x00,0x6F,0xFC,0x7F,0xFE,0x7F,0x30,0x7F,0x7C,0xFF,0xF6,0xFF,0xF6,0xFD,0xBC,0xE1,
/* 2084 */ 
0x00,0x00,0x00,0x00,0xFE,0xFF,0x60,0x06,0xFC,0x7F,0x6C,0x66,0x6C,0x66,0xFC,0x7F,
0x00,0x00,0xF8,0x3F,0x00,0x00,0xFE,0xFF,0x30,0x1B,0x38,0x33,0x0C,0x63,0xE6,0xC1,
/* 2085 */ 
0x00,0x00,0x80,0x01,0xEC,0x1F,0xEC,0x1F,0xEC,0xFF,0xFE,0xDB,0xEC,0xDF,0xEC,0xDF,
0xEC,0x7F,0xFC,0x77,0xEF,0x77,0xEC,0x77,0xEC,0x67,0xEC,0x77,0xEC,0x7F,0xEF,0xDF,
/* 2086 */ 
0x00,0x00,0x30,0x00,0xFC,0xFC,0xFC,0x66,0xFC,0x6F,0xFE,0x6F,0xFE,0x39,0xFE,0x39,
0xFE,0xEF,0x06,0x00,0xFC,0x7F,0xFC,0x7F,0x0C,0x60,0xFC,0x7F,0x0C,0x60,0xF8,0x7F,
/* 2087 */ 
0x00,0x00,0x18,0x60,0x18,0x33,0x18,0x33,0xD8,0xFF,0x7E,0x33,0x18,0x33,0x18,0x33,
0x78,0x33,0xF8,0xFF,0x1E,0x33,0x18,0x33,0x98,0x31,0x98,0x31,0x98,0x31,0xCE,0x30,
/* 2088 */ 
0x00,0x00,0x00,0x00,0x30,0xFF,0xFC,0x19,0x3C,0x18,0x3C,0xFF,0x3C,0xC3,0xFE,0xDB,
0xFC,0xDB,0xFC,0xDB,0xFC,0xDB,0xF6,0xCF,0x66,0x0C,0x60,0x36,0x30,0x67,0x9C,0xC1,
/* 2089 */ 
0x00,0x00,0xC0,0x06,0x60,0x0E,0x30,0x18,0xFC,0x7F,0xC6,0xD8,0xC0,0x18,0x78,0x1F,
0xFC,0x3F,0x0C,0x60,0x8C,0x61,0x8C,0x61,0x8C,0x61,0xCC,0x66,0x60,0x1C,0x3E,0x70,
/* 2090 */ 
0x00,0x00,0x00,0x00,0xF8,0x3F,0x0C,0x30,0x0C,0x30,0x0C,0x30,0x0C,0x30,0xF8,0x1F,
0x00,0x00,0xFE,0xFE,0xC6,0xC3,0xC6,0xC3,0xC6,0xC3,0xC6,0xC3,0xC6,0xC3,0xFE,0xFE,
/* 2091 */ 
0x00,0x00,0x00,0x0C,0x7F,0x3F,0xB6,0xED,0xF6,0xCC,0xB6,0xFF,0xFE,0xCC,0xB6,0xFF,
0x36,0x00,0xFE,0xFF,0x36,0x03,0x36,0x3F,0x36,0xE6,0x7E,0xC0,0x3F,0x60,0x00,0x7F,
/* 2092 */ 
0x00,0x00,0x00,0x00,0xF0,0x3F,0x18,0x00,0x18,0x00,0x18,0x00,0xF8,0x7F,0x18,0x18,
0x18,0x18,0x18,0x18,0x18,0x18,0xFE,0xFF,0xC0,0x00,0x60,0x00,0x38,0x00,0x0E,0x00,
/* 2093 */ 
0x00,0x00,0x00,0x00,0xD8,0xFF,0x18,0x06,0xD8,0x66,0xD8,0x66,0xBE,0x37,0x98,0x37,
0x18,0x1F,0x18,0x06,0xF8,0xFF,0x18,0x06,0x18,0x06,0x78,0x06,0x1E,0x06,0x00,0x00,
/* 2094 */ 
0x00,0x00,0x60,0x0C,0x60,0x0C,0xFE,0x7F,0x60,0x0C,0xFC,0x7F,0x80,0x01,0x8C,0x61,
0x98,0x31,0xB0,0x19,0xB0,0x0D,0xFE,0xFF,0x80,0x01,0x80,0x01,0x80,0x01,0x00,0x00,
/* 2095 */ 
0x00,0x00,0x00,0x00,0xFE,0xFF,0x30,0x0C,0x30,0x0C,0xEC,0xFF,0xD8,0x06,0xF0,0x66,
0x86,0x67,0x9C,0x37,0x30,0x3F,0xF0,0xFF,0x18,0x06,0x18,0x06,0x0C,0x06,0x06,0x00,
/* 2096 */ 
0x00,0x00,0x00,0x00,0xF8,0x7F,0x8C,0x01,0x8C,0x61,0x98,0x61,0xB0,0x31,0xB0,0x19,
0xE0,0x0D,0x80,0x01,0xFE,0xFF,0x80,0x01,0x80,0x01,0x80,0x01,0x80,0x01,0x00,0x00,
/* 2097 */ 
0x00,0x00,0x00,0x00,0x18,0x7C,0xEC,0x07,0x0C,0x06,0xFE,0xFF,0x0C,0x06,0x0C,0x06,
0xEC,0x7F,0x0C,0x00,0xE0,0x0F,0x30,0x0C,0x30,0x0C,0x30,0x0C,0x38,0xCC,0x0E,0xF8,
/* 2098 */ 
0x00,0x00,0x00,0x00,0xCC,0xFF,0x6C,0x03,0xFE,0x03,0x6C,0x3E,0x6C,0x33,0x6C,0x3F,
0x6C,0x3F,0xFE,0x3F,0x6C,0x3B,0x6C,0x3B,0x6C,0xFB,0x6C,0xE3,0x66,0xFB,0x66,0xEF,
/* 2099 */ 
0x00,0x00,0x00,0x00,0xDC,0x7F,0x38,0x0C,0xC0,0x6C,0x80,0x6D,0x9E,0x6D,0x98,0x3D,
0x98,0x3D,0x98,0x3D,0xD8,0xFF,0x18,0x0C,0x18,0x0C,0x78,0x0C,0x38,0x0C,0x00,0x0C,
/* 2100 */ 
0x00,0x00,0x00,0x00,0xFC,0xFF,0x0C,0xC0,0xFC,0xFF,0x6C,0x18,0xCC,0x18,0xFC,0x7F,
0xCC,0x18,0xCC,0x18,0xCC,0x18,0xFC,0xFF,0xC6,0x18,0xC6,0x18,0x66,0x18,0x30,0x18,
/* 2101 */ 
0x00,0x00,0x00,0x0C,0x00,0x0C,0xCC,0xFF,0xCC,0xCC,0xFF,0x6C,0xCC,0x6C,0xCC,0x3F,
0xCC,0x63,0xCC,0x63,0x6C,0x33,0x7C,0x36,0x7C,0x1C,0x36,0x1C,0x30,0x37,0xD8,0xE1,
/* 2102 */ 
0x00,0x00,0x00,0x00,0x0C,0x30,0x18,0x63,0x60,0x63,0xE0,0xFF,0x06,0x03,0x0C,0x3F,
0x18,0x67,0x98,0x67,0x98,0x67,0xD8,0x3C,0xCC,0x18,0x6C,0x1C,0x36,0x77,0xC6,0xC1,
/* 2103 */ 
0x00,0x00,0x00,0x00,0x30,0xFF,0xFC,0x18,0xB6,0x19,0xB6,0x7F,0xF6,0x63,0x36,0x7B,
0xFE,0x7B,0xDE,0x7B,0xDE,0x7B,0xF6,0x6F,0x66,0x0F,0x76,0x3C,0xDE,0x66,0xCC,0xC3,
/* 2104 */ 
0x00,0x00,0x00,0x00,0x8C,0x3F,0xF8,0xE6,0xCE,0x66,0xD8,0x3F,0xC0,0x31,0x70,0x1F,
0x78,0x1F,0xFE,0xF1,0xC0,0x00,0xFE,0xFF,0x60,0x18,0x70,0x0C,0xC0,0x07,0xFC,0xFD,
/* 2105 */ 
0x00,0x00,0x00,0x0C,0x00,0x0C,0xFE,0xFF,0x8C,0xCD,0x8C,0xCD,0x8C,0x6D,0xFC,0x3F,
0xEE,0xE3,0xEE,0x63,0xEF,0x67,0xEC,0x37,0xEC,0x3D,0xEC,0x18,0xEC,0x7C,0xFC,0xC7,
/* 2106 */ 
0x00,0x00,0x00,0x00,0x0C,0x06,0xFE,0x7F,0xF6,0x66,0xF6,0x66,0xF6,0x7F,0xF6,0x66,
0xF6,0x66,0xFE,0x7F,0x36,0x1E,0x36,0x7F,0x36,0x7F,0xB6,0x7D,0xF6,0xEC,0x7C,0xFC,
/* 2107 */ 
0x00,0x00,0x00,0x0C,0x0C,0x06,0x8C,0x3F,0xD8,0x60,0xC0,0x60,0xC0,0x60,0xDE,0x60,
0xD8,0x7F,0xD8,0x60,0xD8,0x60,0xD8,0x60,0xD8,0x60,0xD8,0x7F,0x3C,0x00,0xE6,0xFF,
/* 2108 */ 
0x00,0x00,0x00,0x00,0x18,0x00,0xDE,0x0C,0x7E,0xFF,0xFC,0xC1,0xFC,0xC1,0x98,0xC1,
0xFE,0xC1,0x38,0xFF,0xFC,0xC1,0xFC,0xC1,0xDE,0xC1,0x98,0xC1,0x98,0xC1,0x00,0xFF,
/* 2109 */ 
0x00,0x00,0x00,0x00,0x60,0xC0,0xFE,0xDF,0x0C,0xDB,0x98,0xD9,0x98,0xD9,0xFE,0xDF,
0x00,0xDC,0xF0,0xD9,0x1C,0xDB,0x0C,0xDB,0x0C,0xDB,0x0C,0xDB,0x0C,0xC3,0xFC,0xFB,
/* 2110 */ 
0x00,0x00,0x00,0x00,0x30,0x0C,0x30,0x0C,0x30,0x0C,0xFC,0x0C,0x30,0x1C,0x30,0x3C,
0xB0,0x6D,0xF0,0x6C,0x3C,0xCC,0x30,0x0C,0x30,0x0C,0x30,0x0C,0x30,0x0C,0x3C,0x0C,
/* 2111 */ 
0x00,0x00,0x00,0x0C,0x0C,0x6C,0xFC,0xFF,0x06,0xCC,0x86,0x7F,0xFC,0x6C,0xD8,0x6C,
0x98,0x7F,0xD8,0x6C,0xFE,0x6C,0x98,0x7F,0xD8,0x6C,0xD8,0x6C,0xF8,0x6C,0x38,0x7C,
/* 2112 */ 
0x00,0x00,0x60,0x00,0x60,0x00,0x30,0x06,0x30,0x06,0x18,0x06,0x18,0x0C,0x1C,0x1E,
0x1E,0x36,0x18,0x66,0x18,0xC6,0x18,0x06,0x18,0x06,0x18,0x06,0x18,0x06,0x00,0x00,
/* 2113 */ 
0x00,0x00,0x00,0x0C,0x30,0x0C,0xFE,0xFF,0x80,0x3D,0x80,0x61,0xFE,0xFF,0x80,0xC1,
0xFC,0x7F,0x8C,0x61,0xFC,0x7F,0x8C,0x61,0xFC,0x7F,0x8C,0x61,0x8C,0x61,0x0C,0x78,
/* 2114 */ 
0x00,0x00,0x60,0x00,0xFE,0xFF,0x60,0x0C,0xF8,0x3F,0x18,0xEC,0xFC,0xDF,0xC6,0xF0,
0xF8,0xCF,0xCC,0xD8,0xF8,0xDF,0xCC,0xD8,0xCC,0xD8,0xF8,0xDF,0xCC,0xD8,0xC0,0xFE,
/* 2115 */ 
0x00,0x00,0x30,0x00,0xFE,0xFF,0x30,0x0C,0xB0,0x0D,0xFC,0x7F,0x30,0x18,0x30,0x0C,
0x60,0x0C,0xFE,0xFF,0x00,0x00,0xF8,0x3F,0x0C,0x30,0x0C,0x30,0x0C,0x30,0xF8,0x3F,
/* 2116 */ 
0x00,0x00,0x60,0x00,0xFE,0xFF,0x60,0x0C,0x6C,0x3C,0xD8,0xFF,0x70,0x06,0xC0,0x7F,
0x6E,0x66,0x78,0x66,0xC0,0x7F,0x70,0x66,0xD8,0x7F,0x78,0x66,0x6C,0x66,0x06,0x7E,
/* 2117 */ 
0x00,0x00,0x00,0x0C,0x00,0x6C,0xEC,0xFF,0x0C,0xCC,0xCC,0x7F,0xFE,0xCC,0xCC,0xCC,
0xCC,0xFF,0xCC,0xCC,0xCC,0xCC,0xCC,0xFF,0xFC,0xCC,0xD8,0xCC,0xCE,0xCC,0xC0,0xFC,
/* 2118 */ 
0x00,0x00,0x30,0x00,0x30,0x0C,0x30,0x0C,0x30,0x0C,0xFE,0x0D,0x30,0x0C,0x78,0x1C,
0xF8,0x3C,0xFC,0x6C,0xBC,0xCD,0x36,0x0C,0x30,0x0C,0x30,0x0C,0x30,0x0C,0x30,0x0C,
/* 2119 */ 
0x00,0x00,0x00,0x00,0xFE,0xFF,0x86,0xF1,0xFE,0xFF,0x86,0xE1,0xF6,0xDF,0xB6,0xD9,
0xF6,0xDF,0xB6,0xD9,0xB6,0xD9,0xF6,0xDF,0xB6,0xD9,0xB6,0xD9,0x9E,0xDD,0xFC,0xFF,
/* 2120 */ 
0x00,0x00,0x30,0x18,0x30,0x18,0xFE,0xFF,0x60,0x06,0x6C,0x66,0x78,0x36,0x78,0x36,
0xFE,0xFF,0x00,0x00,0xF8,0x3F,0x0C,0x30,0xFC,0x3F,0x0C,0x30,0x0C,0x30,0xF8,0x3F,
/* 2121 */ 
0x00,0x00,0x00,0x66,0x06,0x66,0xFC,0xFF,0x00,0xC6,0xC0,0x7F,0x67,0xC6,0x6C,0xC6,
0xE0,0xFF,0x60,0xC6,0x78,0xC6,0xF8,0xFF,0x6C,0xC6,0x66,0xC6,0x66,0xC6,0x63,0xFE,
/* 2122 */ 
0x00,0x00,0x00,0x00,0x0C,0x63,0xD8,0xFF,0x00,0x1B,0xC0,0xDB,0x8E,0x7B,0x98,0x7B,
0xD8,0xFF,0x18,0x00,0x98,0x7F,0xD8,0x60,0x98,0x7F,0xF8,0x60,0xF8,0x60,0x80,0x7F,
/* 2123 */ 
0x00,0x00,0x00,0x00,0xDE,0x7F,0x7E,0x60,0xDE,0x7F,0x7E,0x60,0xDE,0x3F,0xFE,0xFF,
0x9E,0x19,0xFE,0xFF,0x9E,0x37,0xDE,0x77,0x7E,0xDF,0x1E,0x1F,0xDE,0x77,0x0C,0xC7,
/* 2124 */ 
0x00,0x00,0x00,0x00,0xEE,0x7F,0xF8,0x7F,0x60,0x60,0xE0,0x7F,0x86,0x19,0xEC,0x7F,
0x98,0x19,0xF0,0xFF,0xD8,0x36,0xF8,0x76,0xBC,0xDF,0x0C,0x1F,0xC6,0x37,0xE6,0x67,
/* 2125 */ 
0x00,0x00,0x00,0x00,0xCC,0x7C,0xFE,0xC7,0xCC,0xC6,0xCC,0xC6,0xFC,0xFE,0xCC,0xC6,
0xFC,0xC6,0xCC,0xC6,0xCC,0xFE,0xFE,0xC7,0x00,0xC7,0xCC,0xC6,0xCC,0xC3,0x86,0xF3,
/* 2126 */ 
0x00,0x00,0x00,0x00,0x00,0x06,0xFE,0xFF,0xCC,0xCE,0xCC,0xDE,0xF8,0xDE,0xCC,0x7B,
0xCC,0x78,0xF8,0x18,0xCC,0x18,0xFE,0x3F,0x18,0x3C,0xD8,0x6C,0x8C,0x67,0x86,0xC3,
/* 2127 */ 
0x00,0x00,0x00,0x00,0xD8,0xFF,0x18,0x1E,0x18,0x1E,0xFE,0xFF,0xD8,0xDE,0xDC,0xDE,
0xFC,0xDB,0xFE,0xDB,0xFE,0xDB,0xDB,0xDB,0xD8,0xF1,0xD8,0xC0,0xD8,0xC0,0xD8,0xFF,
/* 2128 */ 
0x00,0x00,0x00,0x6C,0x00,0x6C,0xFC,0xFF,0x66,0xCC,0x66,0x0C,0xE6,0x6D,0x66,0x6C,
0xFE,0x3F,0xC6,0x3C,0xF6,0x39,0xDE,0x9B,0xDE,0x9F,0xCE,0xFE,0xC6,0xE6,0x73,0xE3,
/* 2129 */ 
0x00,0x00,0x80,0x01,0xFE,0xFF,0x80,0x01,0xFC,0x3F,0x80,0x61,0xFE,0xFF,0x80,0x61,
0xFC,0x7F,0xC0,0x00,0xFE,0xFF,0x60,0x18,0x30,0x18,0xF0,0x0E,0x80,0x1F,0xFE,0xF0,
/* 2130 */ 
0x00,0x00,0x00,0x00,0x30,0x00,0x30,0x00,0x30,0x00,0x30,0xF0,0xFE,0x1F,0x30,0x00,
0x30,0x00,0x30,0x00,0x30,0x00,0x30,0x00,0x30,0xC0,0x30,0xC0,0x60,0x60,0xE0,0x3F,
/* 2131 */ 
0x00,0x00,0x00,0x06,0x00,0x06,0xF6,0xFF,0x0C,0x06,0xF8,0x7F,0x00,0x66,0xF0,0xFF,
0x18,0x66,0xF8,0x7F,0x0C,0x03,0xFC,0xFF,0xCC,0x30,0xC6,0x1B,0x06,0x1E,0xF0,0xF3,
/* 2132 */ 
0x00,0x00,0x00,0x06,0xEE,0xFF,0x1C,0x0E,0x18,0x1F,0xC0,0x77,0x66,0xC6,0x0C,0x0F,
0x98,0x3F,0xE0,0x66,0xF8,0xF6,0x8C,0x1F,0x8C,0x07,0x8C,0x3F,0xF6,0xE6,0x86,0x07,
/* 2133 */ 
0x00,0x00,0x0C,0x06,0x18,0x06,0x70,0xC6,0xCE,0x7F,0x38,0x06,0x60,0xC6,0x30,0xC6,
0x1C,0x7E,0x06,0x00,0xFE,0xFF,0x80,0x03,0xE0,0x0F,0xB0,0x19,0x9C,0x71,0x06,0xC0,
/* 2134 */ 
0x00,0x00,0x00,0x00,0xCC,0x7E,0xD8,0xD8,0xF0,0xDB,0xC0,0xD8,0xC6,0xD8,0xCC,0xD8,
0xD8,0xD8,0xC0,0xCC,0xF0,0xCC,0xD8,0xCF,0xD8,0xC7,0x0C,0xC6,0x0C,0xC3,0x86,0x79,
/* 2135 */ 
0x00,0x00,0x00,0x00,0x18,0x18,0xFE,0xFF,0x18,0x18,0x18,0x18,0xF0,0x1F,0x18,0x18,
0x18,0x18,0xF0,0x1F,0x18,0x18,0x18,0x18,0xFE,0xFF,0xE0,0x0C,0x38,0x38,0x0C,0x60,
/* 2136 */ 
0x00,0x00,0x18,0x00,0x98,0x31,0xF8,0xFF,0xBE,0x31,0x98,0x31,0x98,0x3F,0xBC,0x31,
0xBC,0x31,0x9E,0x3F,0x9E,0x31,0x9B,0x31,0xF8,0xFF,0x18,0x1B,0x98,0x71,0xF8,0xC0,
/* 2137 */ 
0x00,0x00,0x80,0x01,0x80,0x01,0xFC,0x7F,0xC0,0x07,0xE0,0x1C,0x3E,0x70,0x00,0x00,
0xFE,0xFF,0x00,0x30,0xFC,0x37,0x0C,0x36,0x0C,0x36,0xFC,0x37,0x18,0x33,0x00,0x3F,
/* 2138 */ 
0x00,0x00,0x30,0x00,0x30,0x0C,0xB0,0xFF,0x30,0x0C,0x36,0x0C,0xF6,0x0C,0xB6,0x7F,
0x36,0x63,0x36,0x63,0x36,0x36,0x36,0x36,0xF6,0x1C,0x7E,0x1E,0x0F,0x73,0xE0,0xC1,
/* 2139 */ 
0x00,0x00,0x00,0x00,0x7E,0x0C,0x7E,0x0C,0xFE,0x7F,0x7E,0x0C,0x7E,0x0C,0x7E,0x0C,
0xFE,0xFF,0x7E,0x0C,0x7E,0x0C,0xFE,0x7F,0x7E,0x0C,0x7E,0x0C,0x7E,0x0C,0xFE,0xFF,
/* 2140 */ 
0x00,0x00,0x00,0x0C,0x18,0x0C,0xDE,0x7F,0x3E,0x1E,0x3E,0x33,0xFE,0x61,0xFE,0xFF,
0x3E,0x60,0xBE,0x7F,0xBE,0x79,0xBE,0x79,0xBE,0x79,0xBE,0x7F,0x3E,0x60,0x00,0x7E,
/* 2141 */ 
0x00,0x00,0x00,0x06,0x3E,0x0C,0xF6,0xFF,0xB6,0x31,0x36,0x1B,0x3E,0x0E,0x36,0x3B,
0xF6,0xE1,0x36,0x30,0xBE,0x31,0xB6,0x31,0xB6,0x31,0xB6,0x31,0xB6,0x31,0xFB,0x30,
/* 2142 */ 
0x00,0x00,0x00,0x00,0x00,0x03,0xFE,0xFF,0x60,0x18,0xC0,0x0C,0x80,0x07,0xC0,0x0F,
0x7E,0xF8,0x60,0x18,0x60,0x18,0x60,0x18,0x60,0x18,0x30,0x18,0x30,0x18,0x18,0x18,
/* 2143 */ 
0x00,0x00,0x00,0x03,0x98,0x01,0xFE,0xFF,0x8C,0x33,0xCC,0xFF,0x3C,0x33,0x6C,0x33,
0x6C,0x3F,0x6C,0x33,0x6C,0x3F,0x6C,0x33,0xE6,0xFF,0x66,0x36,0x66,0x63,0xFF,0xC1,
/* 2144 */ 
0x00,0x00,0x18,0x00,0x18,0x70,0x30,0x1F,0x9E,0x01,0xF0,0x01,0xB0,0x01,0xB0,0xFF,
0xB8,0x31,0xFC,0x31,0x9E,0x31,0x98,0x31,0x98,0x31,0x98,0x31,0xD8,0x30,0xD8,0x30,
/* 2145 */ 
0x00,0x00,0x18,0x00,0x30,0x7E,0x30,0xC6,0x7E,0x66,0xC0,0x66,0x60,0x36,0x60,0x36,
0x70,0x66,0xF8,0x66,0x3E,0xC6,0x30,0xC6,0x30,0xC6,0x30,0xDE,0x30,0x76,0x30,0x06,
/* 2146 */ 
0x00,0x00,0x00,0x0C,0x7E,0x0C,0xE0,0xFF,0x6C,0x36,0x66,0x63,0xE6,0xC1,0xB6,0xFF,
0xFE,0x60,0xC0,0x7F,0xC0,0x7B,0xC0,0x7B,0xFE,0x7B,0xC0,0x7F,0xC0,0x60,0x7C,0x7C,
/* 2147 */ 
0x00,0x00,0x00,0x00,0x30,0x00,0xFC,0x7F,0xB0,0x61,0x30,0x60,0x30,0x60,0xFE,0x7F,
0x36,0x03,0x3C,0x03,0xFC,0xC3,0x3C,0xC3,0x3C,0xC3,0x3E,0x7E,0x36,0x00,0xE6,0xFF,
/* 2148 */ 
0x00,0x00,0x00,0x00,0x8C,0x61,0x8C,0x61,0x8C,0x61,0xFC,0x7F,0x00,0x00,0xFC,0x7F,
0x00,0x60,0x00,0x60,0xF8,0x7F,0x0C,0x30,0x0C,0x00,0x0C,0xC0,0x0C,0xC0,0xFC,0xFF,
/* 2149 */ 
0x00,0x00,0x30,0x00,0x30,0x00,0xF8,0xFF,0x18,0x00,0x0C,0x00,0xF6,0x0F,0x06,0x38,
0x00,0x0C,0x00,0x07,0xC0,0x01,0x70,0x00,0x18,0xC0,0x18,0xC0,0x0C,0xC0,0xF8,0x7F,
/* 2150 */ 
0x00,0x00,0x00,0x00,0x80,0x03,0xC0,0x06,0x60,0x0C,0x38,0x38,0x0E,0xE3,0x00,0x03,
0x18,0x03,0x18,0x7F,0x18,0x03,0x18,0x03,0x18,0x03,0x18,0x03,0x18,0x03,0xFE,0xFF,
/* 2151 */ 
0x00,0x00,0x80,0x01,0x80,0x01,0xFC,0x7F,0x0C,0x60,0x0C,0x60,0x0C,0x60,0xFC,0x3F,
0x0C,0x00,0xFC,0x7F,0x1C,0x60,0x1E,0x60,0x1E,0x60,0x1E,0x60,0x1E,0x60,0xF0,0x7F,
/* 2152 */ 
0x00,0x00,0x30,0x00,0x30,0x00,0xFE,0x7F,0x30,0x6C,0xFC,0x6C,0x30,0x6C,0xFE,0x67,
0x30,0x63,0xB0,0x3D,0x80,0x01,0xFE,0xFF,0x80,0x03,0xC0,0x06,0x60,0x1C,0x3E,0xF0,
/* 2153 */ 
0x00,0x00,0x00,0x00,0xFE,0xFE,0xCC,0xD8,0xCC,0xD8,0xEC,0xDF,0xDE,0xD8,0xFE,0xD8,
0xFE,0xD8,0xFE,0xD8,0xFF,0xCE,0xFC,0xCF,0xBC,0xCF,0x3C,0xC6,0x3C,0x63,0x98,0x7B,
/* 2154 */ 
0x00,0x00,0x00,0x00,0xFC,0x7E,0xCC,0x63,0xCC,0x63,0xFC,0x7E,0x80,0x19,0xFE,0xFF,
0x60,0x06,0x30,0x1C,0x1E,0xF0,0xFC,0x7E,0xCC,0x63,0xCC,0x63,0xCC,0x63,0xFC,0x7E,
/* 2155 */ 
0x00,0x00,0x30,0x00,0xF0,0x7F,0x18,0x00,0x0C,0x00,0xFE,0x3F,0x00,0x00,0xFC,0x1F,
0x00,0x30,0x00,0x30,0x00,0x30,0x00,0x30,0x00,0x30,0x00,0xE0,0x00,0xE0,0x00,0xE0,
/* 2156 */ 
0x00,0x00,0x00,0x00,0xC6,0x00,0xCC,0xFF,0x78,0x00,0xF0,0x1F,0x00,0x30,0x1E,0x18,
0x18,0x0E,0x18,0xC3,0x98,0x61,0xD8,0x60,0xD8,0x60,0xD8,0x7F,0x3C,0x00,0xE6,0xFF,
/* 2157 */ 
0x00,0x00,0x80,0x01,0x00,0x03,0xFC,0x7F,0x60,0x0C,0x30,0x18,0x18,0x30,0xF0,0x7F,
0x60,0x0C,0x60,0x0C,0xFE,0xFF,0x60,0x0C,0x60,0x0C,0x30,0x0C,0x30,0x0C,0x1C,0x0C,
/* 2158 */ 
0x00,0x00,0xC0,0x00,0xC6,0x00,0xCC,0x7F,0x78,0x00,0xF0,0x3F,0x06,0x00,0xEE,0x3F,
0x18,0x30,0x00,0x30,0x18,0x30,0x18,0x30,0x0C,0xF0,0x0C,0xF0,0x06,0xE0,0x06,0xE0,
/* 2159 */ 
0x00,0x00,0x00,0x00,0x06,0x06,0x0C,0x06,0xF8,0xFF,0xC0,0x30,0xC6,0x30,0xCC,0x30,
0x98,0x31,0x98,0x31,0x98,0x31,0x98,0x19,0x8C,0x19,0x0C,0x1B,0x86,0x19,0xF6,0xFF,
/* 2160 */ 
0x00,0x00,0x80,0x01,0x8C,0x01,0x98,0xFF,0xC0,0x00,0xC0,0x00,0xEF,0x7F,0x0C,0x30,
0x0C,0x18,0x0C,0x0C,0x0C,0x06,0x0C,0x03,0x8C,0xC1,0xEC,0xC1,0xF8,0xC0,0x80,0x7F,
/* 2161 */ 
0x00,0x00,0x00,0x00,0x18,0x03,0x18,0x3F,0x98,0x61,0xFE,0x31,0xD8,0x30,0x18,0x06,
0x98,0xFB,0xF8,0xC0,0xDE,0xC0,0xD8,0xFF,0xD8,0xC0,0xD8,0xC0,0xD8,0xC0,0xDE,0xFF,
/* 2162 */ 
0x00,0x00,0x00,0x00,0x0C,0x0E,0x0C,0x3B,0xBE,0x61,0xFE,0xC0,0xBE,0x7F,0x3E,0x00,
0x3F,0x00,0x8F,0x7F,0xCF,0x60,0xCC,0x60,0xCC,0x60,0xCC,0x60,0xCC,0x60,0xC0,0x7F,
/* 2163 */ 
0x00,0x00,0x00,0x06,0x0C,0x0F,0x98,0x39,0xD8,0x60,0x70,0xC0,0xC7,0x7F,0x0E,0x00,
0x0C,0x00,0xC0,0x3F,0x60,0x60,0x78,0x60,0x78,0x60,0x6C,0x60,0x66,0x60,0xC6,0x7F,
/* 2164 */ 
0x00,0x00,0x80,0x01,0xFC,0xFF,0x80,0x03,0xE0,0x0E,0x3C,0x78,0xFC,0x7F,0x86,0xC1,
0x9E,0xC1,0xF8,0x3F,0x8C,0x01,0x86,0x01,0xFE,0xFF,0x80,0x01,0x80,0x01,0x00,0x00,
/* 2165 */ 
0x00,0x00,0x00,0x00,0x18,0x38,0xD8,0x0F,0x18,0x0C,0x7E,0x0C,0x18,0x0C,0x18,0x0C,
0xF8,0xFF,0x38,0x0C,0x1C,0x0C,0x1E,0x0C,0x18,0x0C,0x18,0x0C,0x18,0x0C,0x1E,0x0C,
/* 2166 */ 
0x00,0x00,0x00,0x00,0x0C,0xE0,0xFC,0x3F,0x8C,0x0D,0x06,0x0C,0x06,0x0C,0x7C,0x0C,
0x98,0xFF,0x18,0x0C,0xFE,0x0C,0x18,0x0C,0x18,0x0C,0x18,0x0C,0x78,0x0C,0x38,0x00,
/* 2167 */ 
0x00,0x00,0x00,0x00,0x0C,0x3F,0x7C,0x33,0x06,0x33,0x06,0x33,0x83,0x31,0xFE,0xE1,
0x18,0x00,0x98,0x7F,0xFE,0x61,0x98,0x61,0x98,0x61,0x98,0x61,0xF8,0x61,0x38,0x7F,
/* 2168 */ 
0x00,0x00,0x00,0x00,0x00,0x3F,0xFC,0x01,0x80,0x01,0x80,0x01,0x80,0x01,0x80,0x01,
0xFE,0xFF,0x80,0x01,0x80,0x01,0x80,0x01,0x80,0x01,0x80,0x01,0x80,0x01,0x00,0x00,
/* 2169 */ 
0x00,0x00,0x00,0x00,0x06,0x3C,0xCC,0x07,0x18,0x06,0x00,0x06,0x00,0x06,0x0E,0x06,
0xF8,0x7F,0x18,0x06,0x18,0x06,0x18,0x06,0x18,0x06,0x18,0x06,0x3C,0x06,0xE6,0xFF,
/* 2170 */ 
0x00,0x00,0x18,0x06,0x0C,0x06,0xFC,0xFF,0x36,0x1B,0xB0,0x19,0xC0,0x03,0x60,0x0E,
0x38,0x38,0xFE,0xFF,0xC0,0x18,0xB0,0x19,0xB0,0x19,0xB0,0x0D,0xE0,0x0D,0xFE,0xFF,
/* 2171 */ 
0x00,0x00,0x30,0x00,0x18,0x78,0xF8,0x0F,0x18,0x06,0x0C,0x06,0x0C,0x06,0x0E,0x06,
0xEE,0xFF,0x0C,0x06,0x0C,0x06,0x0C,0x06,0x0C,0x06,0x0C,0x06,0x0C,0x06,0x0C,0x00,
/* 2172 */ 
0x00,0x00,0x80,0x31,0x0E,0x33,0x1C,0x1B,0xF8,0xFF,0x00,0x1B,0xC0,0x7F,0x0E,0x7B,
0xF8,0xFF,0x18,0x7B,0xD8,0x7F,0x18,0x1B,0xF8,0x3B,0xB8,0x7B,0xF8,0xDB,0x00,0x1B,
/* 2173 */ 
0x00,0x00,0x30,0x06,0x30,0x03,0x7C,0xFF,0xB0,0x01,0xFC,0x01,0xC6,0x3F,0xFE,0x60,
0xC6,0x30,0xC6,0x18,0x7C,0x0C,0x30,0x06,0xFE,0x03,0x30,0xC3,0x30,0xC3,0x30,0xFF,
/* 2174 */ 
0x00,0x00,0x00,0x00,0xFC,0x1C,0xFE,0x36,0xFE,0x66,0xFE,0xC3,0xFE,0x19,0xFE,0x18,
0x30,0x18,0xFE,0xFF,0xF0,0xC0,0x7E,0xC0,0xFE,0x60,0xFE,0x30,0xFE,0x19,0x7B,0x0C,
/* 2175 */ 
0x00,0x00,0x0C,0x00,0x0C,0x1E,0x06,0x36,0x7E,0x66,0xC6,0x3F,0x03,0x06,0x7E,0x06,
0x98,0xFF,0x18,0xCC,0x7E,0x6C,0x18,0x3C,0x18,0x1C,0x18,0xDE,0xF8,0xF3,0xF8,0xE0,
/* 2176 */ 
0x00,0x00,0x00,0x00,0x0C,0x63,0x0C,0x63,0xFE,0xFF,0x06,0x63,0x03,0x63,0x7E,0x63,
0x18,0x63,0x18,0x7F,0x7E,0x63,0x18,0x63,0x18,0x63,0x18,0x63,0x78,0x63,0x38,0x7F,
/* 2177 */ 
0x00,0x00,0x30,0x18,0x60,0x18,0xFE,0xFF,0x00,0x00,0x00,0x00,0xFC,0x6D,0x8C,0x6D,
0x8C,0x6D,0xFC,0x6D,0x8C,0x6D,0x8C,0x6D,0xFC,0x6D,0x8C,0x6D,0x8C,0x61,0xEC,0x7D,
/* 2178 */ 
0x00,0x00,0x00,0x30,0xC6,0x30,0xEC,0x7F,0xD8,0x30,0xF0,0xFF,0xC7,0x31,0x6E,0x7B,
0x6C,0xCF,0x38,0x00,0xF8,0x7F,0x6C,0x60,0xEC,0x7F,0x6C,0x60,0x66,0x60,0xC6,0x7F,
/* 2179 */ 
0x00,0x00,0x00,0x06,0x0C,0x06,0xEC,0x7F,0x78,0x66,0xC0,0x3F,0xF0,0xFF,0x1E,0x00,
0xD8,0x7F,0x78,0x60,0xF8,0x3F,0xD8,0x7F,0x78,0x60,0xD8,0x7F,0x3C,0x00,0xE6,0xFF,
/* 2180 */ 
0x00,0x00,0x80,0x0D,0x8C,0x19,0x98,0x31,0x80,0x7D,0xE0,0x07,0x06,0x03,0x0C,0xE3,
0xF8,0x3F,0x38,0x63,0x18,0x36,0x18,0x1E,0x0C,0xCE,0x0C,0xCF,0xE6,0xD9,0x06,0xF0,
/* 2181 */ 
0x00,0x00,0x00,0x00,0x30,0x18,0x6C,0xFF,0xF8,0xD9,0x00,0x7F,0x8E,0xFF,0xFC,0x00,
0xCC,0x7F,0xCC,0xC3,0xCC,0x7F,0xCC,0x03,0xCC,0xFF,0xFC,0xC3,0xFC,0x7F,0x38,0xFF,
/* 2182 */ 
0x00,0x00,0x30,0x00,0x18,0xF0,0xFE,0x1F,0x0C,0x06,0x0C,0x06,0xFC,0xFF,0x30,0x36,
0xE0,0x37,0x3E,0x33,0x30,0x33,0x80,0x31,0x80,0x01,0xFC,0x7F,0x80,0x01,0xFE,0xFF,
/* 2183 */ 
0x00,0x00,0x00,0x00,0x8C,0x61,0x8C,0x61,0xFC,0x7F,0xCC,0x06,0xCC,0x06,0xFE,0xFF,
0xCC,0xDB,0xCC,0xDB,0xCC,0x79,0xFC,0x18,0xCC,0x3C,0xCC,0x36,0xCC,0x67,0xFC,0xC3,
/* 2184 */ 
0x00,0x00,0x00,0x00,0x30,0x00,0xF0,0x7F,0x18,0xC0,0x98,0x61,0x8C,0x61,0x86,0x61,
0x80,0x33,0x80,0x33,0x80,0x03,0xC0,0x06,0x60,0x0C,0x30,0x18,0x18,0x70,0x0E,0xC0,
/* 2185 */ 
0x00,0x00,0x80,0x0D,0xCC,0x0C,0x78,0xFC,0xFE,0xCF,0x78,0xC6,0xFE,0xDF,0xF8,0x7F,
0xFF,0x1B,0xF8,0x31,0xFE,0x39,0x78,0x38,0xFC,0x78,0xFC,0x6D,0x7E,0xC7,0x78,0x86,
/* 2186 */ 
0x00,0x00,0x18,0x0C,0x18,0x0E,0x18,0x1B,0xFE,0x31,0xD8,0x61,0x78,0xC0,0xBC,0x7F,
0xFC,0x61,0x9E,0x61,0x9E,0x61,0x9B,0x61,0x98,0x3D,0x98,0xC1,0x98,0xC1,0x98,0xFF,
/* 2187 */ 
0x00,0x00,0x00,0x00,0x00,0x0E,0x3E,0x1B,0xB6,0x31,0xF6,0x60,0x76,0xDF,0xB6,0x31,
0xB6,0x31,0xB6,0x31,0xB6,0x31,0xB6,0x31,0xB6,0x1D,0xBE,0xC1,0x80,0xC1,0x80,0xFF,
/* 2188 */ 
0x00,0x00,0x00,0x00,0x3C,0x0C,0x36,0x0C,0xF6,0xFF,0xF6,0xDE,0xFE,0xF3,0xB6,0x61,
0xF6,0x60,0x36,0x00,0xBE,0xFF,0x36,0x0C,0x36,0x0C,0x36,0x0C,0x36,0x0C,0xBF,0xFF,
/* 2189 */ 
0x00,0x00,0x30,0x18,0x60,0x0C,0xFE,0x7F,0x80,0x01,0x80,0x01,0xFC,0x7F,0x80,0x01,
0x80,0x01,0xFE,0xFF,0x80,0x07,0xC0,0x06,0xC0,0xC6,0x60,0xC6,0x30,0xC6,0x1E,0xFE,
/* 2190 */ 
0x00,0x00,0x00,0x00,0x0C,0x06,0xEC,0xFF,0xCC,0x36,0x8C,0x37,0xBE,0x37,0xEC,0xFF,
0x0C,0x00,0xCC,0x7F,0xCC,0x60,0xCC,0x7F,0xFC,0x79,0xCC,0x7F,0xC6,0x60,0xC0,0x7F,
/* 2191 */ 
0x00,0x00,0x30,0x00,0xFE,0xFF,0x30,0x00,0x80,0x01,0xFC,0x7F,0xB8,0x19,0xF0,0x0D,
0xFE,0xFF,0x00,0x00,0xFC,0x3F,0x0C,0x60,0xEC,0x6F,0x6C,0x6C,0xCC,0x67,0xFC,0x3F,
/* 2192 */ 
0x00,0x00,0x00,0x00,0xBC,0x7F,0xF0,0x60,0xF0,0x60,0xB0,0x3F,0x1E,0x0C,0xC6,0x7F,
0xC6,0x6C,0xC6,0x6C,0xFC,0x6C,0xF0,0x7F,0x30,0x3C,0x30,0x6C,0x30,0xFC,0xFE,0xC7,
/* 2193 */ 
0x00,0x00,0x18,0x00,0x18,0x0E,0x18,0x1B,0xFE,0x31,0xD8,0xE0,0x78,0x9E,0x98,0x33,
0xF8,0x31,0xB8,0x31,0x9E,0x31,0x98,0x37,0x98,0x1D,0x98,0xC1,0x98,0xC1,0x9E,0xFF,
/* 2194 */ 
0x00,0x00,0x00,0x00,0xF8,0x3F,0x18,0x03,0xF8,0x7F,0x3E,0x7F,0xFC,0xC3,0x3C,0xFF,
0x3C,0x63,0xFE,0x3D,0xDE,0xF0,0xFB,0x1F,0xD8,0xF7,0xF8,0x1C,0xD8,0x1F,0xD8,0xF1,
/* 2195 */ 
0x00,0x00,0x0C,0x30,0x0C,0x37,0xFC,0xF1,0xE6,0xFD,0x83,0xFD,0xFE,0x7F,0x98,0x7F,
0x98,0x7F,0xFE,0x37,0xD8,0x37,0xF8,0x39,0xF8,0x79,0x98,0x6D,0xF8,0xCD,0x98,0xC7,
/* 2196 */ 
0x00,0x00,0x00,0x18,0x30,0x18,0xFE,0x19,0x00,0x78,0xFC,0x19,0x8C,0x19,0xFC,0xFF,
0x00,0xC6,0xFC,0xCD,0x86,0x6D,0xFE,0x79,0xDE,0x39,0xDE,0x39,0xF6,0x6D,0xE6,0xC7,
/* 2197 */ 
0x00,0x00,0x18,0x00,0xD8,0xCC,0xD8,0x6C,0xBE,0x6D,0xBE,0x3D,0xFE,0x7F,0xFE,0x60,
0xFE,0x60,0xFB,0x7F,0xDB,0x60,0xD8,0x60,0xD8,0x7F,0xD8,0x60,0xD8,0x60,0xD8,0x78,
/* 2198 */ 
0x00,0x00,0x18,0x00,0xD8,0x7F,0x18,0x06,0x18,0x06,0xFC,0xFF,0x18,0x1B,0xBC,0x31,
0xFC,0x78,0x7E,0xF3,0x9E,0x31,0x98,0x31,0x98,0x31,0x98,0x31,0xD8,0x30,0xD8,0x30,
/* 2199 */ 
0x00,0x00,0x00,0x0F,0x3E,0x0F,0xB6,0xFF,0xF6,0x0D,0xF6,0x0D,0xBE,0xFF,0xB6,0x0D,
0xB6,0xFF,0xB6,0x0D,0xBE,0x0D,0xB6,0xFF,0xB6,0x7B,0xF6,0x7B,0xF6,0xDE,0x7C,0xDE,
/* 2200 */ 
0x00,0x00,0x00,0x00,0xFC,0x7F,0x80,0x01,0xC0,0x00,0xFE,0xFF,0x60,0x0C,0x30,0x38,
0x7C,0x6C,0x66,0xCC,0x60,0x0C,0x60,0x0C,0x60,0x0C,0x30,0x0C,0x30,0x0C,0x18,0x0C,
/* 2201 */ 
0x00,0x00,0x18,0x00,0xF8,0x7F,0x18,0x03,0x0C,0x03,0xFC,0xFF,0x8C,0x1D,0xCE,0x38,
0xEE,0x79,0xBF,0xD9,0x8C,0x19,0x8C,0x19,0xCC,0x18,0xCC,0x18,0xCC,0x18,0x6C,0x18,
/* 2202 */ 
0x00,0x00,0x00,0x00,0xC0,0xFF,0x7C,0x03,0x18,0x03,0x18,0x03,0x18,0x03,0x18,0xFF,
0x18,0xC0,0x18,0xC0,0x18,0xC0,0xF8,0xC0,0x38,0xC0,0x0E,0xC0,0x80,0x61,0x00,0x3F,
/* 2203 */ 
0x00,0x00,0x6C,0x00,0xEC,0xCD,0xFE,0x6F,0x6C,0x6F,0x7C,0x0C,0x18,0xFF,0xFE,0xC1,
0xDE,0xC1,0xDE,0xFF,0xDE,0xC1,0xFC,0xC1,0x18,0xFF,0xFF,0xC1,0x98,0xC1,0x18,0x78,
/* 2204 */ 
0x00,0x00,0x00,0x00,0xD8,0x3F,0x18,0x06,0xD8,0x3F,0x7E,0x76,0xD8,0xDF,0x18,0xFE,
0x38,0x6C,0xD8,0x3F,0x9E,0x31,0xF8,0xFF,0x98,0xF1,0xD8,0x3F,0x98,0xF7,0x8E,0xF3,
/* 2205 */ 
0x00,0x00,0x00,0x00,0x98,0x7F,0xF8,0xCC,0x3E,0xDC,0x78,0xFF,0x30,0xFF,0xF8,0xCE,
0xEE,0xFE,0xFE,0xFF,0x6C,0xFF,0xEC,0xDD,0x6C,0xCC,0x6C,0xFF,0x6C,0xC6,0xE6,0xFF,
/* 2206 */ 
0x00,0x00,0x00,0x00,0x98,0xCD,0x7E,0x6F,0x7E,0x6F,0x7E,0x3F,0xFE,0xFF,0xFE,0xC1,
0xFE,0xC1,0xFE,0xFF,0xFE,0xC1,0xFE,0xC1,0xFE,0xFF,0xFE,0xC1,0xFE,0xC1,0xBC,0xDD,
/* 2207 */ 
0x00,0x00,0x18,0x06,0x78,0xC6,0xD8,0x66,0x98,0x37,0x0C,0x1E,0xCC,0x7F,0x6E,0x60,
0x6E,0x60,0xEC,0x7F,0x6C,0x60,0x6C,0x60,0xEC,0x7F,0x6C,0x60,0x6C,0x60,0x60,0x7C,
/* 2208 */ 
0x00,0x00,0x80,0x01,0x80,0x01,0xFC,0xFF,0xC6,0xC6,0x66,0xDC,0x3E,0x30,0x0C,0x00,
0xFE,0xFF,0x18,0x03,0x18,0x03,0x18,0x7E,0xD8,0x60,0x78,0x60,0x1C,0x60,0x06,0x7F,
/* 2209 */ 
0x00,0x00,0x00,0x00,0x8C,0xFF,0x0C,0xCC,0x0C,0xCC,0xFC,0xCC,0x0C,0xCC,0x0C,0xCC,
0x0C,0xCC,0x0C,0xC6,0xCC,0xC6,0xCC,0xC6,0x6C,0xC3,0xB8,0xC1,0xC0,0x60,0x70,0x3C,
/* 2210 */ 
0x00,0x00,0x00,0x00,0x30,0x18,0xFE,0xFF,0x30,0x18,0x18,0x18,0x18,0x00,0xFE,0x7F,
0x98,0x67,0x98,0x67,0x98,0x67,0x98,0x67,0x8C,0x67,0x8C,0x67,0xC6,0x66,0xF6,0x7E,
/* 2211 */ 
0x00,0x00,0x00,0x00,0xF8,0x3F,0x18,0x30,0x18,0x30,0x18,0x30,0xF8,0x3F,0x18,0x30,
0x18,0x30,0x18,0x30,0x18,0x30,0xF8,0x3F,0x18,0x30,0x18,0x30,0x18,0x30,0xFF,0xFF,
/* 2212 */ 
0x00,0x00,0x00,0x00,0x0C,0x06,0x0C,0x06,0xCC,0x7F,0x3E,0x06,0x3E,0x06,0x3E,0x06,
0xFF,0xFF,0x6F,0x06,0x0F,0x33,0x0C,0x33,0x8C,0x31,0xCC,0x60,0xCC,0x7F,0x00,0xC0,
/* 2213 */ 
0x00,0x00,0x00,0x00,0x80,0x01,0xFC,0xFF,0x06,0xC6,0x66,0xCC,0x38,0x38,0x00,0x00,
0x80,0x7F,0xFE,0x66,0x0C,0x66,0x0C,0x66,0xCC,0x63,0x78,0x63,0x80,0x61,0xE0,0x3E,
/* 2214 */ 
0x00,0x00,0x00,0x00,0x0C,0x03,0x7C,0x03,0x06,0xFF,0x86,0xCD,0x83,0xCD,0xFE,0x6C,
0x18,0x6C,0x18,0x0C,0x7E,0x1C,0x18,0x1E,0x18,0x36,0x18,0x33,0xF8,0x61,0xF8,0xC0,
/* 2215 */ 
0x00,0x00,0x00,0x00,0xF8,0x7F,0x0C,0x60,0xEC,0x7F,0x0C,0x60,0xEC,0x7F,0x0E,0x00,
0xFE,0xFF,0x3C,0xC0,0xFC,0xFF,0x8C,0x31,0x0C,0x1B,0x0C,0x0E,0x8C,0x1F,0xFC,0xF0,
/* 2216 */ 
0x00,0x00,0x00,0x00,0x80,0x01,0x00,0x00,0xFC,0x3F,0x30,0x18,0x60,0x0C,0xFE,0xFF,
0x00,0x00,0x80,0x01,0xFE,0x7F,0x80,0x01,0xB0,0x0D,0x98,0x39,0x8C,0x61,0xE6,0x01,
/* 2217 */ 
0x00,0x00,0x80,0x01,0x80,0x01,0xFC,0x7F,0x80,0x01,0xFC,0x7F,0xC0,0x00,0xFE,0xFF,
0x30,0x18,0xF8,0x33,0x8E,0xE1,0xF8,0x7F,0xC0,0x03,0xE0,0x0F,0xB8,0x39,0x0E,0x60,
/* 2218 */ 
0x00,0x00,0x00,0x00,0xFE,0xFE,0x30,0x18,0xFE,0xFE,0x30,0x18,0xFE,0xFE,0x80,0x03,
0xE0,0x0E,0xF8,0x39,0x0E,0xE7,0x00,0x00,0xFC,0x7F,0x00,0x30,0x00,0x1E,0xF8,0x03,
/* 2219 */ 
0x00,0x00,0x00,0x18,0xCC,0x18,0xFE,0x1B,0xCC,0xFE,0xF8,0xD8,0xFC,0xD8,0xB6,0xD9,
0xB6,0xD9,0xFC,0xD9,0xFE,0xCD,0x30,0xCC,0xFE,0xCD,0x30,0xCC,0xF0,0xC7,0x1E,0xFB,
/* 2220 */ 
0x00,0x00,0x00,0x00,0x60,0x0C,0xFE,0xFF,0x60,0x0C,0x00,0x70,0xF8,0x1F,0x18,0x00,
0x18,0x00,0xF8,0xFF,0x0C,0x06,0x0C,0x06,0x0C,0x06,0x0C,0x06,0x06,0x06,0x06,0x06,
/* 2221 */ 
0x00,0x00,0x00,0x00,0x0C,0x1F,0xCC,0x77,0x7C,0xC6,0xDC,0x7F,0x0C,0x1F,0x6C,0x7E,
0xFC,0x73,0xDC,0x7F,0x0E,0x06,0xEC,0xFF,0x6C,0xDB,0xEC,0xFF,0x6C,0xF0,0x6E,0xF8,
/* 2222 */ 
0x00,0x00,0x80,0x03,0xC0,0x06,0xF0,0x1D,0x1E,0xF3,0xF8,0x3F,0xFC,0x6E,0x8C,0x63,
0xFC,0x7E,0xFC,0x7F,0x80,0x01,0xFC,0x7F,0x66,0xC6,0x66,0xCC,0xF6,0xDF,0x06,0xCC,
/* 2223 */ 
0x00,0x00,0x80,0x01,0x00,0x03,0xFE,0xFF,0xF6,0xFF,0x33,0x60,0xF6,0x7F,0x3C,0x60,
0xF0,0x3F,0xF0,0xFF,0x7C,0xC0,0xFC,0xFF,0x3C,0x33,0x36,0x1E,0x33,0x0E,0xF0,0xFB,
/* 2224 */ 
0x00,0x00,0x00,0x00,0x0C,0x06,0x98,0x07,0xF0,0x6D,0xE0,0x6D,0xE6,0x6D,0xEC,0x6D,
0xF8,0xCD,0xE0,0xCD,0xF0,0xD9,0xF8,0xC1,0xF8,0xB1,0xEC,0x31,0x86,0x31,0x03,0x3F,
/* 2225 */ 
0x00,0x00,0x80,0x01,0xFE,0x7F,0x80,0x01,0xFC,0x3F,0x80,0x01,0xFE,0xFF,0x00,0x00,
0xF8,0x3F,0x0C,0x30,0xFC,0x3F,0x0C,0x30,0xFC,0x3F,0x0C,0x30,0x0C,0x30,0x0C,0x3E,
/* 2226 */ 
0x00,0x00,0x30,0x00,0x18,0x3F,0xFE,0x61,0x18,0x30,0x3C,0x18,0x3C,0x0C,0x36,0x3E,
0xFE,0x63,0xFC,0xC0,0xB0,0xFF,0xF0,0x0C,0x7E,0x0C,0x30,0x0C,0x30,0x0C,0xF0,0xFF,
/* 2227 */ 
0x00,0x00,0x18,0x00,0x18,0x00,0xF8,0x7F,0xFC,0x3F,0x06,0x00,0xFC,0x1F,0x00,0x30,
0xFC,0x37,0x00,0x33,0xC0,0x31,0x7C,0x3F,0xFE,0x3F,0xC0,0xF0,0xC0,0xE0,0xFE,0xFF,
/* 2228 */ 
0x00,0x00,0x18,0x00,0x38,0xFF,0x3C,0x18,0xBC,0x7F,0xFC,0xC3,0xFC,0xC3,0x7E,0xDB,
0x3F,0xDB,0x3C,0xDB,0xBC,0xDB,0xBC,0xDB,0xEC,0xCF,0x0C,0x0C,0x0C,0x76,0x8C,0xC3,
/* 2229 */ 
0x00,0x00,0x30,0x00,0xF8,0xFF,0x7E,0xDE,0x7E,0xDE,0xFE,0xDF,0x7E,0xDE,0x7E,0xDE,
0xFE,0xDF,0x7E,0xDB,0x7E,0xD8,0x7E,0xDB,0x78,0xDB,0x78,0xFF,0xEC,0x1F,0x06,0x18,
/* 2230 */ 
0x00,0x00,0x00,0x06,0x0E,0x06,0xF8,0xFF,0x00,0x06,0xE0,0x7F,0x06,0x06,0xFC,0xFF,
0x98,0x3F,0xF0,0x60,0xD8,0x7F,0x78,0x60,0xD8,0x7F,0x6C,0x60,0x6C,0x60,0x06,0x78,
/* 2231 */ 
0x00,0x00,0xD8,0x0C,0xFE,0xFF,0xD8,0x6E,0xFC,0x6F,0xFE,0x39,0xCC,0x39,0xFC,0x6D,
0xC0,0xF7,0xFC,0x1F,0x00,0x03,0xFC,0x7F,0x00,0x03,0xFE,0xFF,0x00,0x03,0xF0,0x03,
/* 2232 */ 
0x00,0x00,0x00,0x0C,0x3E,0x0C,0xF6,0xFF,0x36,0x0C,0xF6,0x7F,0x36,0x0C,0xF6,0xFF,
0xBE,0x3F,0xF6,0xE0,0xF6,0xC0,0xF6,0xFF,0xF6,0xC0,0xF6,0xFF,0xF6,0xC0,0xDC,0x78,
/* 2233 */ 
0x00,0x00,0x30,0x00,0xF8,0x7F,0x0C,0x00,0xF6,0x3F,0xFC,0x1F,0xC0,0x30,0xFE,0x3F,
0xFC,0x3F,0xC0,0x30,0xFC,0x3F,0xF8,0x3F,0xFC,0xFF,0x0C,0xFC,0xFC,0xEF,0x0C,0xEC,
/* 2234 */ 
0x00,0x00,0x00,0x00,0xCC,0xFF,0x0C,0x0C,0xFE,0xFF,0x3E,0x0C,0xFE,0xFF,0x0E,0x00,
0xCF,0x7F,0xCF,0x60,0xCC,0x7F,0xCC,0x60,0xCC,0x7F,0xCC,0x60,0xCC,0x60,0xC0,0x7C,
/* 2235 */ 
0x00,0x00,0x00,0x00,0xC6,0xFF,0x66,0x0C,0x36,0x3F,0xF6,0x61,0xDE,0x60,0xC6,0x6C,
0xC6,0x6C,0xC6,0x6C,0xC6,0x66,0xC6,0x66,0x06,0x06,0x36,0x3B,0x9E,0x61,0xEC,0xC0,
/* 2236 */ 
0x00,0x00,0x00,0x00,0x0C,0x0C,0xCC,0xFF,0x18,0x0C,0xC0,0x7F,0x0E,0x0C,0xD8,0x7F,
0x98,0x7F,0xD8,0x60,0xD8,0x7F,0xD8,0x60,0xD8,0x7F,0xD8,0x60,0xF8,0x60,0xD8,0x78,
/* 2237 */ 
0x00,0x00,0x00,0x03,0x00,0x03,0xFC,0xFF,0x0C,0x03,0x0C,0x03,0x0C,0x03,0xFC,0xFF,
0x0C,0x07,0x0C,0x07,0x8C,0x0D,0x8C,0x0D,0xCC,0x18,0x66,0x30,0x36,0x70,0x1E,0xC0,
/* 2238 */ 
0x00,0x00,0x00,0x00,0x00,0x06,0xFE,0xFF,0x18,0x00,0x98,0x7F,0xD8,0x60,0xD8,0x60,
0xFE,0x60,0x98,0x7F,0x18,0x0C,0x18,0x3F,0x98,0x6D,0xF8,0xCC,0x6E,0xCC,0x00,0x0F,
/* 2239 */ 
0x00,0x00,0x00,0x00,0x80,0x01,0xFC,0xFF,0x66,0xC6,0x76,0xDC,0x98,0x71,0x8E,0x61,
0xFE,0x3F,0xC0,0x60,0xC0,0x60,0xC0,0x60,0x60,0x60,0x30,0x60,0x18,0x30,0x0E,0x1F,
/* 2240 */ 
0x00,0x00,0x00,0x00,0x7E,0x0C,0x18,0xCF,0x18,0xCF,0x18,0xCF,0xFE,0x6D,0xB8,0x6D,
0xB8,0x6D,0x7C,0x1C,0xDC,0x1E,0xDE,0x36,0x1B,0x33,0x18,0x63,0x98,0xC1,0xD8,0xC0,
/* 2241 */ 
0x00,0x00,0x00,0x00,0xF0,0x3F,0x18,0x00,0x18,0x00,0x18,0x00,0xF8,0x7F,0x18,0x0C,
0x18,0x0C,0x18,0x0C,0x18,0x0C,0x18,0x0C,0x18,0x0C,0x18,0x0C,0x18,0x0C,0xFF,0xFF,
/* 2242 */ 
0x00,0x00,0x80,0x01,0xF0,0x7E,0x1C,0x66,0x0C,0x66,0x0C,0x66,0xFC,0x37,0xCC,0x36,
0xCC,0x66,0xCC,0x66,0xCC,0xC6,0xCC,0xC6,0xCC,0xC6,0xCC,0xFF,0x7F,0x36,0x00,0x06,
/* 2243 */ 
0x00,0x00,0x00,0x00,0x00,0x6C,0xFE,0xFF,0x18,0xCC,0xD8,0x6C,0x98,0x6D,0x98,0x3D,
0x3E,0x3F,0x18,0x1F,0x18,0x3F,0x98,0x3D,0x98,0x6D,0xF8,0xCC,0x0E,0x0C,0x80,0x0F,
/* 2244 */ 
0x00,0x00,0x00,0x00,0x80,0x1D,0x80,0x31,0xFE,0xFF,0x80,0x01,0x80,0xC1,0x8C,0x63,
0x98,0x33,0xB0,0x1F,0xC0,0x0F,0xE0,0x0D,0xB0,0x19,0x98,0x31,0x8E,0x61,0xF0,0xC1,
/* 2245 */ 
0x00,0x00,0x00,0x00,0xFC,0x7F,0x0C,0x60,0x0C,0x63,0x0C,0x63,0x0C,0x63,0x0C,0x63,
0x8C,0x67,0x8C,0x67,0xCC,0x6C,0x6C,0x78,0x3C,0x78,0x1C,0x70,0x0C,0x60,0xFC,0x7F,
/* 2246 */ 
0x00,0x00,0x00,0x18,0x30,0x18,0x60,0x0C,0xFE,0xFF,0xC0,0x06,0xC0,0x06,0xFC,0x7F,
0x6C,0x66,0x6C,0x66,0x3C,0x7C,0x1C,0x60,0x0C,0x60,0xFC,0x7F,0x0C,0x60,0xFC,0x7F,
/* 2247 */ 
0x00,0x00,0x00,0x00,0xCC,0xFF,0x78,0xCC,0x70,0xCC,0x60,0xCC,0x66,0xCC,0x6C,0xCC,
0x78,0xCE,0x60,0xDE,0x78,0xDB,0x78,0xF3,0xF8,0xF1,0x6C,0xE0,0x66,0xC0,0xC6,0xFF,
/* 2248 */ 
0x00,0x00,0x00,0x06,0x18,0x3E,0x7E,0x63,0x98,0x31,0xD8,0x31,0x18,0x18,0xFC,0x7F,
0x18,0x60,0x1E,0x60,0x3E,0x7F,0x1C,0x60,0x1E,0x60,0x9E,0x7F,0x36,0x00,0xE6,0xFF,
/* 2249 */ 
0x00,0x00,0x00,0x00,0xFC,0xFF,0x0C,0x18,0x3C,0x18,0x6C,0x18,0xCC,0x0C,0x8C,0x0D,
0x0C,0x07,0x0C,0x07,0x0C,0x0F,0x8C,0x19,0xCC,0x18,0x7C,0x30,0x0C,0x00,0xFC,0xFF,
/* 2250 */ 
0x00,0x00,0x18,0x00,0x18,0x7F,0x98,0x61,0xFE,0x61,0xFE,0x61,0x7E,0x7F,0xFE,0x61,
0xFE,0x61,0xFE,0x61,0xFE,0x61,0xBC,0x7F,0xF8,0x61,0xD8,0x61,0xF8,0x61,0xCE,0xFF,
/* 2251 */ 
0x00,0x00,0x00,0x00,0x00,0x06,0x60,0x06,0xFC,0x7F,0x6C,0x66,0x6C,0x66,0x6C,0x66,
0x6C,0x66,0x6C,0x66,0xFC,0x7F,0x6C,0x66,0x6C,0x66,0x6C,0x66,0x6C,0x66,0xFC,0x7F,
/* 2252 */ 
0x00,0x00,0x00,0x00,0x18,0xFF,0xFC,0x01,0xE6,0x63,0xFE,0x67,0xE6,0x3D,0xE6,0x3D,
0xFE,0x39,0xE6,0x19,0xFE,0x39,0xFE,0x3D,0xF8,0x6D,0xEC,0xC7,0xE6,0xC3,0xFC,0xFF,
/* 2253 */ 
0x00,0x00,0x00,0x00,0xFC,0x7F,0x0C,0xC0,0x0C,0xC0,0xFC,0x7F,0x0C,0x06,0x3C,0x66,
0x3C,0x66,0x3C,0x66,0xEC,0x7F,0x0C,0x06,0x3C,0xC6,0x36,0xC6,0x36,0xC6,0xF6,0xFF,
/* 2254 */ 
0x00,0x00,0x00,0x00,0x7E,0xFF,0x6C,0x03,0x6C,0x67,0x6C,0x6F,0x6C,0x3F,0x6C,0x3B,
0xFC,0x3B,0xC0,0x3B,0xC0,0x3B,0xFC,0x6F,0xC6,0x6F,0xC0,0xC7,0xC0,0xC7,0x7C,0xFF,
/* 2255 */ 
0x00,0x00,0x0C,0x00,0x98,0x7F,0xF0,0x00,0x8E,0x7F,0xD8,0x60,0xF0,0x7F,0xF0,0x00,
0x98,0xFF,0x8C,0x01,0x80,0x01,0xFC,0x7F,0xC0,0x07,0xE0,0x1D,0xB8,0x71,0x0E,0xC0,
/* 2256 */ 
0x00,0x00,0x00,0x00,0xFC,0x7F,0x8C,0xC7,0x8C,0xC7,0xFC,0xCD,0x8C,0xCD,0x8C,0x6D,
0x8C,0x6D,0xFC,0x79,0x8C,0x39,0x8C,0x33,0xEC,0x39,0xBC,0x6D,0x86,0xC7,0x80,0x83,
/* 2257 */ 
0x00,0x00,0x00,0x00,0xFC,0x7F,0x8C,0x67,0xFC,0x6D,0x8C,0x3D,0xFC,0x39,0x8C,0x39,
0xFC,0x6F,0xC6,0xC3,0x80,0x01,0xFC,0xFF,0x60,0x18,0xF0,0x0E,0x80,0x0F,0xFE,0xF8,
/* 2258 */ 
0x00,0x00,0x00,0x00,0x3C,0xFC,0xFC,0x1F,0x3C,0x7E,0xFE,0xDF,0x00,0xDF,0xB6,0xDF,
0xB6,0x7D,0xB6,0x19,0xB6,0xFF,0xFE,0xDB,0xFE,0xFB,0xCE,0xFB,0x86,0xCF,0xFE,0xF3,
/* 2259 */ 
0x00,0x00,0x18,0x00,0xD8,0xFF,0xFE,0x06,0xD8,0xFE,0x98,0xC7,0xFE,0xDE,0xDE,0x7E,
0xDE,0x76,0xFE,0x77,0xDE,0x66,0xDE,0x76,0xDC,0x7F,0xFE,0xDF,0x36,0xC6,0xE3,0xFF,
/* 2260 */ 
0x00,0x00,0x80,0x01,0x80,0x01,0x80,0x01,0xFC,0x7F,0x80,0x01,0x80,0x01,0x80,0x01,
0xFE,0xFF,0x80,0x01,0xC0,0x0C,0x60,0x18,0x30,0x30,0x30,0x30,0x18,0x7F,0xFC,0xC1,
/* 2261 */ 
0x00,0x00,0x00,0x00,0xFE,0xFF,0xB6,0xCD,0xE6,0xCD,0xF6,0xFF,0x86,0xC1,0xFE,0xFF,
0x66,0xCC,0xF6,0xDF,0x7E,0xFC,0xE6,0xCD,0x66,0xF7,0xE6,0xFF,0x06,0xC0,0xFE,0x7F,
/* 2262 */ 
0x00,0x00,0xD8,0x00,0xFE,0xFF,0xD8,0x18,0xDC,0xFC,0xFE,0xC7,0xFE,0xC7,0xDC,0xDF,
0x6C,0xDE,0xFC,0xDF,0x6E,0xDE,0xFF,0xDF,0x6C,0xDE,0xFC,0x19,0x6C,0x6C,0xFC,0xC7,
/* 2263 */ 
0x00,0x00,0x18,0x00,0x18,0x00,0xD8,0x7F,0xFE,0x61,0x98,0x61,0xB8,0x61,0x38,0x63,
0x7C,0x33,0x1E,0x36,0x1E,0x1E,0x18,0x0C,0x18,0x1E,0x18,0x33,0xD8,0x61,0x78,0xC0,
/* 2264 */ 
0x00,0x00,0x00,0x06,0xFE,0x66,0xB8,0xFF,0x38,0x66,0xFE,0x3E,0xFE,0x36,0xFE,0x63,
0xFE,0xFF,0xFE,0x18,0xEE,0x18,0xC6,0x18,0xFE,0x7E,0xC6,0x18,0xC6,0x18,0xFE,0xFF,
/* 2265 */ 
0x00,0x00,0x80,0x01,0x80,0x01,0xFC,0x7F,0x0C,0x60,0xFC,0x7F,0x0C,0x60,0x0C,0x60,
0xF8,0x3F,0x80,0x61,0xFE,0x73,0x60,0x1B,0xE0,0x07,0xB0,0x1D,0x9C,0x31,0xE6,0xE1,
/* 2266 */ 
0x00,0x00,0x00,0x00,0x80,0x03,0xC0,0x06,0x60,0x1C,0x38,0x30,0x0E,0xE0,0xF8,0xBF,
0x80,0x01,0x80,0x01,0x80,0x01,0xFC,0x3F,0x80,0x01,0x80,0x01,0x80,0x01,0xFE,0xFF,
/* 2267 */ 
0x00,0x00,0x00,0x00,0x00,0x03,0xFE,0xFF,0x1E,0x06,0x1E,0x0F,0x98,0x19,0xD8,0x30,
0x78,0xE0,0xD8,0x3F,0x1E,0x06,0x18,0x06,0xD8,0x7F,0x0C,0x06,0x0C,0x06,0xF6,0xFF,
/* 2268 */ 
0x00,0x00,0x80,0x01,0xB0,0x19,0xE0,0x0D,0xF8,0x3F,0xC0,0x00,0xFE,0xFF,0x60,0x18,
0xF8,0x3F,0x8E,0xE1,0xFC,0x3F,0x00,0x03,0xFE,0xFF,0x00,0x03,0x00,0x03,0xF0,0x03,
/* 2269 */ 
0x00,0x00,0x00,0x00,0x80,0x0F,0x80,0x19,0x80,0x31,0xFE,0xFF,0x80,0x03,0x80,0x03,
0x80,0x03,0xC0,0x06,0xC0,0x06,0x60,0x0C,0x30,0x18,0x38,0x30,0x0C,0x60,0x06,0xC0,
/* 2270 */ 
0x00,0x00,0x80,0x01,0x98,0x19,0xB0,0x0D,0x80,0x01,0xF8,0x3F,0xC0,0x00,0xFE,0xFF,
0x60,0x1C,0x30,0x30,0xFC,0x7F,0x86,0xD9,0xC0,0x18,0xC0,0x18,0x70,0x18,0x1C,0x1B,
/* 2271 */ 
0x00,0x00,0x00,0x0C,0x00,0x0C,0x00,0x0C,0xFC,0xFF,0xC0,0xCC,0xC0,0xCC,0xCC,0xCC,
0xD8,0xCC,0x70,0xC6,0x70,0xC6,0x60,0xC6,0x70,0xC6,0xD8,0xC3,0xCC,0x63,0x87,0x7D,
/* 2272 */ 
0x00,0x00,0x0C,0x00,0x0C,0x0C,0xFC,0x0C,0x36,0x7F,0x36,0x6C,0x30,0x6C,0xFE,0x6C,
0xB0,0xFF,0xF6,0x0C,0xF6,0x1C,0xF6,0x1E,0xF6,0x36,0xF6,0x33,0xFE,0x63,0xEC,0xC1,
/* 2273 */ 
0x00,0x00,0x18,0x06,0x18,0x06,0x78,0x06,0xFE,0x7F,0x3E,0x66,0x3E,0x66,0x1E,0x66,
0x1E,0x66,0x98,0x3F,0x18,0x0E,0x38,0x0E,0x3C,0x1B,0xBC,0x31,0xE6,0x60,0x66,0xC0,
/* 2274 */ 
0x00,0x00,0x00,0x03,0x00,0x06,0xFB,0x7F,0xDE,0x00,0xFE,0xFF,0xDE,0xCF,0x78,0xFF,
0xB8,0x03,0xFC,0x7F,0x3F,0xCF,0xBC,0xFF,0xFC,0xC6,0x3C,0xDF,0xF6,0xF1,0x76,0xF8,
/* 2275 */ 
0x00,0x00,0x00,0x00,0x30,0xFC,0xFC,0xC7,0x30,0xC6,0x30,0xC6,0x30,0xC6,0x30,0xC6,
0xFE,0xC7,0xF0,0xC6,0xD8,0xC6,0x98,0xC7,0x8C,0xC7,0xF6,0xC7,0x1E,0xFF,0x00,0x00,
/* 2276 */ 
0x00,0x00,0x00,0x00,0x6C,0x0C,0x6C,0x7F,0xFC,0x6D,0xEC,0x6D,0xEC,0x6D,0xFE,0x79,
0x80,0x01,0xFE,0xFF,0xC6,0xC0,0xC6,0xC0,0xFE,0xFF,0xC6,0xC0,0xC6,0xC0,0x7E,0xD8,
/* 2277 */ 
0x00,0x00,0x18,0x00,0x18,0x06,0xD8,0xFF,0xD8,0xC3,0xFE,0xCF,0x98,0x19,0xFC,0xFF,
0xFC,0x0C,0xDC,0x0C,0xDE,0x7F,0xDE,0x0C,0x98,0xFF,0xD8,0x0C,0xD8,0x0C,0x98,0xFF,
/* 2278 */ 
0x00,0x00,0x00,0x06,0xFE,0x3F,0x0C,0x33,0x8C,0x19,0xCC,0x7F,0xBC,0xCD,0xEE,0xCD,
0xEF,0xFF,0xEC,0xCD,0xEC,0xCD,0xEC,0xFF,0xEC,0xCD,0xEC,0xCD,0xFC,0xCC,0xC0,0xF0,
/* 2279 */ 
0x00,0x00,0x00,0x03,0x30,0x1B,0x18,0x3B,0x18,0x6F,0x8E,0xC7,0x80,0x03,0xE0,0x06,
0xFC,0xFF,0x1E,0x06,0xF8,0x7F,0x18,0x06,0x18,0x06,0xF8,0x3F,0x18,0x06,0xF8,0xFF,
/* 2280 */ 
0x00,0x00,0x0C,0x00,0x8C,0x7F,0x18,0x6C,0x00,0x6C,0xFC,0xFF,0x30,0x6C,0x78,0x66,
0xF8,0x3F,0x3C,0x06,0x6E,0x7F,0x8C,0xC3,0xCC,0xC3,0x0C,0xC3,0x0C,0xC3,0x00,0x7F,
/* 2281 */ 
0x00,0x00,0x00,0xC6,0xFE,0x67,0xB0,0x6D,0xB0,0x6D,0xFE,0x03,0xB0,0x7F,0x98,0x19,
0xFE,0x18,0x18,0xFE,0xFC,0x18,0x8C,0x19,0x8E,0xFF,0x8C,0x19,0x8C,0x19,0xF8,0x01,
/* 2282 */ 
0x00,0x00,0x18,0x00,0xF8,0x3D,0x98,0x6D,0x8C,0x6D,0xFC,0xFF,0xC6,0x0D,0xD8,0x1C,
0xF0,0x1E,0x60,0x36,0x38,0x63,0xCE,0xE1,0x6C,0x36,0x6C,0x66,0x6C,0x66,0x66,0xCC,
/* 2283 */ 
0x00,0x00,0x00,0x00,0xCC,0x78,0xCE,0x7F,0xFE,0xDE,0xFE,0xFF,0x7E,0x1B,0x7E,0x3B,
0xFE,0x3B,0x8C,0x6D,0xCC,0xEC,0x6C,0xC6,0xFC,0x6F,0xDC,0x7B,0x76,0x7B,0x63,0xDB,
/* 2284 */ 
0x00,0x00,0x00,0x00,0x80,0x01,0x80,0x01,0xFC,0x7F,0x8C,0x61,0x8C,0x61,0xFC,0x7F,
0x8C,0x61,0x8C,0x61,0x8C,0x61,0xFE,0xFF,0x0C,0x60,0x0C,0x60,0x0C,0x60,0x0C,0x6E,
/* 2285 */ 
0x00,0x00,0x00,0x00,0x0C,0x03,0xF8,0x1F,0x06,0x33,0x0C,0x33,0x78,0xF3,0xB0,0xF1,
0xDC,0xF0,0x76,0xF0,0x80,0x01,0xFE,0xFF,0xC0,0x07,0xE0,0x1D,0xBC,0x31,0x06,0xE0,
/* 2286 */ 
0x00,0x00,0x00,0x00,0xFE,0xFF,0x00,0x7E,0xFE,0x7F,0xBE,0x7F,0xFC,0x7E,0xFE,0x7F,
0x6C,0x7E,0xFE,0x7B,0x6C,0x7B,0xFE,0xFB,0xFC,0xFB,0x6E,0xFB,0xFC,0xFB,0xDC,0xF9,
/* 2287 */ 
0x00,0x00,0x00,0x06,0xEC,0xFF,0x0C,0x00,0xCC,0x7F,0xCC,0x6E,0xFE,0x7F,0x0C,0x1B,
0xCC,0xFF,0xCC,0x7F,0x0C,0x1B,0xEC,0xFF,0x3C,0x6F,0xDC,0x39,0xFE,0x31,0x80,0xE7,
/* 2288 */ 
0x00,0x00,0x00,0x06,0xEC,0xFF,0x0C,0x00,0xFE,0xFF,0x6C,0xCE,0xEC,0xFF,0x8C,0x31,
0xFC,0xFF,0xFC,0xFF,0x8F,0x31,0xEC,0xFF,0x8C,0x6D,0xCC,0x79,0xFC,0x37,0x8E,0xE7,
/* 2289 */ 
0x00,0x00,0x00,0x06,0xC0,0xFF,0x7E,0x00,0xF6,0x7F,0xF6,0x6E,0xF6,0x7F,0xF6,0xFF,
0x76,0x1B,0xF6,0x7F,0x36,0x1B,0xF6,0xFF,0x36,0x6F,0xFE,0x39,0xE0,0x71,0x80,0xC7,
/* 2290 */ 
0x00,0x00,0x00,0x00,0x0C,0x06,0x18,0x06,0x00,0x06,0x00,0x06,0x0E,0x7E,0x18,0x06,
0x18,0x06,0x18,0x06,0x18,0x06,0x18,0x06,0x18,0x06,0x78,0x06,0x38,0x06,0xF8,0xFF,
/* 2291 */ 
0x00,0x00,0x00,0x06,0x0C,0x06,0x8C,0x7F,0xFE,0x06,0x66,0x3C,0x6F,0xDC,0x0C,0xDE,
0xCC,0xF3,0x0C,0x00,0xCC,0xFF,0x0C,0x1B,0x0C,0x1B,0xEC,0xD9,0xF8,0xD9,0x60,0x70,
/* 2292 */ 
0x00,0x00,0x00,0x00,0x18,0x03,0x18,0x3B,0x3E,0x03,0xF8,0xFF,0x18,0x0F,0x18,0x0F,
0x78,0x0F,0x38,0x0F,0x1E,0x0F,0x98,0x0D,0x98,0xCD,0xD8,0xCC,0x78,0xCC,0x3E,0xF8,
/* 2293 */ 
0x00,0x00,0x00,0x03,0x18,0x03,0xD8,0x7F,0x0C,0x03,0x6C,0x36,0x36,0xDE,0x3E,0xCE,
0xD8,0xFB,0x0C,0x60,0xC6,0xFF,0x7E,0x1B,0x00,0x1B,0x70,0x1B,0x9E,0xD9,0xE0,0xF8,
/* 2294 */ 
0x00,0x00,0x60,0x0C,0xFE,0x7F,0x60,0x0C,0xE0,0x0D,0xFE,0xFF,0x60,0x00,0xF8,0x3F,
0x1E,0x30,0x18,0x30,0xF0,0x3F,0xB0,0x31,0xEC,0x61,0x6C,0x7B,0x66,0xDB,0xE6,0x1F,
/* 2295 */ 
0x00,0x00,0x00,0x06,0x18,0x06,0xFE,0x3F,0x18,0x36,0xF8,0x37,0x38,0x37,0x1C,0x37,
0x1E,0xF7,0x18,0xF7,0x98,0xED,0x9E,0xED,0x00,0x36,0xCC,0x66,0xCC,0x6C,0xC6,0xCC,
/* 2296 */ 
0x00,0x00,0x00,0x00,0x00,0x7E,0xFC,0x03,0x80,0x01,0x80,0x01,0x80,0x01,0x80,0x01,
0xFE,0xFF,0x80,0x01,0x80,0x01,0x80,0x01,0x80,0x01,0x80,0x01,0xF8,0x3F,0x00,0x00,
/* 2297 */ 
0x00,0x00,0x00,0x00,0x18,0x00,0xF8,0xFF,0x18,0x00,0x18,0x00,0x0C,0x00,0x0C,0x00,
0x0E,0x00,0x0F,0x00,0x0C,0x00,0x0C,0x00,0x0C,0x00,0x0C,0x00,0xFC,0xFF,0x0C,0x00,
/* 2298 */ 
0x00,0x00,0x00,0x00,0x00,0x03,0x00,0x03,0x00,0x03,0x00,0x03,0x80,0x03,0x80,0x03,
0x80,0x07,0xC0,0x06,0xC0,0x0C,0x60,0x0C,0x30,0x18,0x18,0x30,0x0C,0x60,0x06,0xC0,
/* 2299 */ 
0x00,0x00,0x00,0x00,0xFC,0x7F,0x80,0x61,0xB0,0x61,0x98,0x61,0xCC,0x60,0x60,0x30,
0x38,0x33,0x0E,0x1E,0x6C,0x03,0x6C,0x63,0x6C,0x7B,0x66,0xD8,0x66,0xD8,0xC0,0x0F,
/* 2300 */ 
0x00,0x00,0x30,0x00,0x30,0x7F,0x30,0xD8,0xFE,0xD9,0x30,0xDE,0xFE,0xDF,0x30,0xDE,
0x30,0xCF,0xFE,0xCF,0xB0,0xCD,0xB0,0xCD,0xB0,0xC7,0xF0,0xC7,0x30,0xC3,0xB0,0x7D,
/* 2301 */ 
0x00,0x00,0x18,0x00,0xF8,0x7F,0x18,0x06,0x0C,0x06,0x0C,0x06,0x0C,0x06,0x0E,0x06,
0xFE,0xFF,0x0C,0x06,0x0C,0x06,0x0C,0x06,0x0C,0x06,0x0C,0x06,0x0C,0x06,0xEC,0xFF,
/* 2302 */ 
0x00,0x00,0x00,0x0C,0x0C,0x0C,0x18,0x0C,0x30,0x0C,0x00,0x0C,0x0E,0x0C,0x18,0x0C,
0x18,0x0E,0x18,0x1E,0x18,0x1E,0x18,0x1B,0x78,0x33,0xB8,0x61,0xD8,0xE0,0x60,0xC0,
/* 2303 */ 
0x00,0x00,0x00,0x00,0xFC,0x7F,0x80,0x61,0x80,0x61,0x98,0x61,0x98,0x61,0x98,0x61,
0xD8,0x60,0xCC,0x60,0xCC,0x60,0x60,0x60,0x60,0x60,0x30,0x60,0x1C,0x63,0x06,0x3E,
/* 2304 */ 
0x00,0x00,0x18,0x00,0x18,0x00,0x8C,0x7F,0x7F,0x0C,0x6C,0x0C,0x6C,0x0C,0x66,0x0C,
0xE6,0xFF,0xE6,0x0C,0x6E,0x0C,0x3C,0x0C,0x38,0x0C,0x78,0x0C,0xCC,0x0C,0x86,0xFF,
/* 2305 */ 
0x00,0x00,0x00,0x00,0x98,0xFF,0x18,0xCC,0x0C,0xCC,0x6C,0xCF,0xB6,0xCD,0xBC,0xCD,
0x98,0xC7,0x8C,0xC7,0xFE,0xC7,0x0C,0xC6,0x00,0xC3,0xE0,0x63,0xBE,0x61,0xC0,0x7C,
/* 2306 */ 
0x00,0x00,0x18,0x00,0xD8,0x3F,0x18,0x33,0x7F,0x33,0x18,0x33,0x18,0x33,0x18,0xF3,
0x78,0xC3,0x38,0xC3,0x1F,0xC3,0x98,0xC1,0x98,0xC1,0xD8,0xC0,0xD8,0xC0,0x7E,0x7E,
/* 2307 */ 
0x00,0x00,0x30,0x00,0xF0,0x3F,0x18,0x33,0x18,0x33,0x18,0x33,0x8C,0x31,0x8C,0xE1,
0x8E,0xC1,0x8F,0xC1,0x8C,0xC1,0xCC,0xC0,0xCC,0xC0,0x6C,0xC0,0x6C,0x60,0x30,0x3E,
/* 2308 */ 
0x00,0x00,0x00,0x00,0xF8,0x7F,0x18,0x60,0x18,0x60,0x18,0x60,0x18,0x60,0x18,0x60,
0xF8,0x7F,0x18,0x60,0x18,0x60,0x18,0x60,0x18,0x60,0x18,0x60,0xF8,0x7F,0x00,0x30,
/* 2309 */ 
0x00,0x00,0x00,0x03,0x00,0x63,0xFE,0x7F,0x00,0xC6,0x30,0x06,0x30,0x66,0x30,0x66,
0x30,0x36,0xFE,0x1F,0x30,0x1C,0x30,0x0C,0x18,0xDE,0x98,0xDB,0xCC,0xF0,0x7E,0xE0,
/* 2310 */ 
0x00,0x00,0x00,0x00,0x60,0x18,0xFC,0x7F,0x60,0x18,0xFE,0xFF,0x18,0x30,0x18,0x30,
0xF8,0x3F,0x18,0x30,0x18,0x30,0xF8,0x3F,0x18,0x30,0x18,0xF8,0xFE,0x3F,0x00,0x30,
/* 2311 */ 
0x00,0x00,0x30,0x18,0x30,0x18,0xFE,0xFF,0xB0,0x19,0xFE,0xFF,0x66,0xCC,0x36,0xF8,
0xDC,0x67,0x60,0x0C,0x38,0x38,0xFE,0xFF,0x18,0x60,0x18,0x60,0x18,0x60,0xF8,0x3F,
/* 2312 */ 
0x00,0x00,0x00,0x00,0x30,0x0C,0xFE,0xFF,0x30,0x0C,0xFC,0x7F,0x06,0xC0,0x86,0xC1,
0x86,0xC1,0xFC,0x3F,0x80,0x03,0xC0,0x07,0xE0,0x0D,0xB8,0x19,0x8E,0x71,0x80,0x01,
/* 2313 */ 
0x00,0x00,0x00,0x30,0xFE,0x33,0x00,0xFC,0xFC,0xFD,0x86,0xFD,0xFC,0xFD,0x00,0xFC,
0xFE,0xFD,0xDE,0xFF,0x7E,0xFF,0xFE,0x7B,0x3E,0x73,0x36,0xF3,0x36,0xFF,0xC6,0x87,
/* 2314 */ 
0x00,0x00,0x00,0x06,0x18,0x0C,0xD8,0xFF,0x7E,0xDB,0xFE,0xF1,0xDE,0x60,0x7E,0xCE,
0x1E,0x1B,0xD8,0x71,0xF8,0xFF,0xD8,0x60,0xDC,0x60,0xFC,0x60,0xF6,0x60,0xC6,0x7F,
/* 2315 */ 
0x00,0x00,0x00,0x00,0x06,0x06,0xFC,0xFF,0xB8,0xCD,0xF0,0xF9,0x60,0x66,0x0E,0x0F,
0x98,0x19,0xC0,0x70,0x78,0xC0,0xEC,0x7F,0x6C,0x60,0x6C,0x60,0x66,0x60,0xC6,0x7F,
/* 2316 */ 
0x00,0x00,0x80,0x01,0x80,0x01,0xFE,0xFF,0x06,0xC0,0x66,0xDC,0xB8,0x33,0xCC,0xE6,
0x60,0x0C,0x38,0x38,0xFE,0xFF,0x18,0x30,0x18,0x30,0x18,0x30,0x18,0x30,0xF8,0x3F,
/* 2317 */ 
0x00,0x00,0x00,0x00,0x18,0x6C,0x18,0x6C,0x8C,0xFF,0xE6,0x0D,0xBE,0x0D,0x98,0x79,
0x98,0x79,0xEC,0x3F,0xF6,0x39,0x9E,0x19,0x80,0x3D,0xF8,0xFE,0xCE,0xF3,0xE0,0xE1,
/* 2318 */ 
0x00,0x00,0x00,0x00,0xFE,0x7F,0x06,0xC0,0x06,0xC0,0x06,0xC0,0xF0,0x0F,0x30,0x0C,
0x30,0x0C,0x30,0x0C,0x30,0x0C,0x30,0xCC,0x18,0xCC,0x18,0xCC,0x0C,0xCC,0x06,0x78,
/* 2319 */ 
0x00,0x00,0x00,0x00,0xD8,0x7F,0x18,0x3B,0x3E,0x0E,0xF8,0xFF,0x18,0xCE,0x18,0xCF,
0xF8,0x6D,0x78,0x0F,0x1E,0x06,0x18,0x06,0xD8,0xFF,0x18,0x1F,0xD8,0x77,0x6F,0xC6,
/* 2320 */ 
0x00,0x00,0x00,0x00,0xFC,0x3F,0x70,0x1C,0xC0,0x07,0xFE,0xFF,0x80,0xC3,0xC0,0x73,
0x78,0x1B,0x8E,0x03,0x00,0x03,0xFE,0xFF,0xC0,0x07,0x70,0x1F,0x1C,0x73,0x06,0xC3,
/* 2321 */ 
0x00,0x00,0x00,0x00,0x00,0x03,0x00,0x03,0xFC,0xFF,0x8C,0xC3,0xCC,0xCE,0x6C,0xDB,
0x3C,0xF3,0x0C,0xC3,0x8C,0xC7,0xCC,0xCC,0x6C,0xD8,0x3C,0xF0,0x1C,0xC0,0x00,0xF8,
/* 2322 */ 
0x00,0x00,0x00,0x00,0x30,0x0C,0xFE,0xFF,0x30,0x0C,0x38,0x0C,0x18,0x3C,0xFE,0x66,
0xCC,0x66,0xCC,0x66,0xCC,0x66,0xCC,0x66,0x78,0x66,0x70,0x66,0xD8,0x67,0x0E,0x7E,
/* 2323 */ 
0x00,0x00,0x00,0x00,0xCC,0x7F,0x0C,0x0C,0xFE,0xFF,0xFE,0xFF,0x7E,0xCE,0xFE,0x7F,
0x3E,0x00,0xFE,0xFF,0x3E,0x06,0xFE,0xFF,0xFC,0xDE,0xFC,0xDE,0xF8,0xDE,0xEE,0xDE,
/* 2324 */ 
0x00,0x00,0x00,0x00,0xFC,0x7F,0xEC,0x7F,0x3C,0xC6,0xFC,0xFF,0x0C,0xC6,0xEE,0x7F,
0x0F,0x00,0xFC,0xFF,0xCC,0x3F,0xFC,0xED,0xBC,0xCD,0xBC,0xCD,0xBC,0xCD,0xBC,0x7D,
/* 2325 */ 
0x00,0x00,0x00,0x00,0xFE,0xFF,0xB0,0x7F,0xF0,0xCC,0xD8,0xFF,0x0C,0x0C,0x8C,0x7F,
0xD8,0xFF,0x38,0x06,0xFE,0xFF,0xF0,0xDE,0xF0,0xDE,0xF0,0xDE,0xDB,0xDE,0xCE,0xF8,
/* 2326 */ 
0x00,0x00,0x00,0x00,0x18,0x00,0x18,0xFE,0xFE,0xC7,0x98,0xC7,0x8C,0xC7,0x8C,0xC7,
0x8C,0xC7,0x8C,0xC7,0xD8,0xC6,0xF0,0xC6,0x60,0xC6,0xF0,0xC6,0x98,0xC7,0x0E,0x7C,
/* 2327 */ 
0x00,0x00,0x00,0x00,0xFC,0xFF,0xFC,0x7F,0x0C,0x00,0x0C,0x00,0xFC,0xFF,0x6C,0x66,
0x6C,0x3C,0x66,0x3B,0xE6,0xE1,0xFE,0xFF,0x00,0x30,0x60,0x30,0x60,0x30,0x00,0x3E,
/* 2328 */ 
0x00,0x00,0x00,0x00,0xF0,0x07,0x1E,0x07,0xBC,0x07,0xEC,0x07,0xC0,0x06,0xF8,0x07,
0xC0,0x06,0x60,0x06,0x60,0xC7,0xF0,0xC7,0xDE,0xC6,0xC0,0xC6,0xC0,0xC6,0x7C,0x7C,
/* 2329 */ 
0x00,0x00,0x00,0x00,0x0E,0x03,0x1C,0x03,0xF8,0xFF,0x80,0x31,0x86,0x31,0x8C,0x31,
0xF8,0x30,0xC0,0x18,0xF0,0x18,0xB0,0x1B,0x18,0x0E,0x0C,0x1E,0x8C,0x33,0xE6,0xE0,
/* 2330 */ 
0x00,0x00,0x00,0x00,0xC0,0x01,0x80,0x01,0x00,0x03,0x00,0x03,0x80,0x07,0x80,0x07,
0xC0,0x0C,0xC0,0x0C,0x60,0x18,0x30,0x18,0x30,0x30,0x18,0x30,0x0C,0x60,0x06,0xC0,
/* 2331 */ 
0x00,0x00,0x00,0x00,0xD8,0xFF,0xF0,0x00,0xFE,0x7F,0xF0,0x00,0xF0,0xFF,0xD8,0xCF,
0xFC,0x7B,0xFC,0x33,0xFF,0xEF,0xF8,0x67,0xF8,0xFF,0x78,0x63,0x78,0x66,0x18,0x7C,
/* 2332 */ 
0x00,0x00,0x30,0x06,0x30,0x06,0xFE,0xFF,0x18,0xDE,0x0C,0xDB,0x3C,0xDB,0x3C,0x7B,
0xFE,0x78,0x3C,0x18,0x30,0x1C,0x30,0x3C,0xF8,0x37,0x3E,0x66,0x30,0x63,0xB0,0xC1,
/* 2333 */ 
0x00,0x00,0x00,0x00,0xFE,0x7F,0x36,0x00,0x36,0x00,0x36,0x00,0x1E,0x00,0xF6,0xFF,
0x36,0x1B,0x66,0x1B,0x66,0x1B,0x66,0x1B,0xBE,0xD9,0x86,0xD9,0x86,0xD9,0xC6,0xF0,
/* 2334 */ 
0x00,0x00,0x00,0x00,0x30,0x0C,0xFE,0xFF,0xB0,0x0D,0xF8,0x31,0x6C,0x7F,0x6C,0x6C,
0xE0,0x0F,0x30,0x18,0x3E,0x7F,0xFE,0xDF,0xBE,0xDF,0xFE,0xFF,0xF8,0x6F,0x78,0x3C,
/* 2335 */ 
0x00,0x00,0x00,0x00,0x00,0x06,0x7F,0x66,0x6C,0x66,0xCC,0x7F,0x0C,0x00,0xEC,0xFF,
0x3E,0x06,0x8C,0x7F,0xEC,0xDB,0x6C,0xDB,0x6C,0xDB,0x7C,0xDB,0x7C,0xDB,0x67,0xFB,
/* 2336 */ 
0x00,0x00,0x0C,0x00,0x8C,0x61,0x0C,0x33,0x7E,0x33,0x86,0x7F,0x80,0x61,0xB8,0x61,
0x98,0x61,0x98,0x61,0xFE,0x3F,0x18,0x1E,0x18,0x1B,0x18,0xDB,0xF8,0xD9,0xF0,0xF8,
/* 2337 */ 
0x00,0x00,0x0C,0x00,0xEC,0x3F,0x18,0xE0,0x1C,0xC0,0xFC,0xFF,0x0C,0xC3,0x0C,0xC3,
0x0C,0xC3,0xFC,0xFF,0x0C,0xC3,0x0C,0xC3,0xFC,0xFF,0x0C,0xC0,0x0C,0xC0,0x0C,0xF8,
/* 2338 */ 
0x00,0x00,0x60,0x00,0x66,0x00,0xCC,0xFF,0x78,0xC0,0xE0,0xFF,0x66,0xE6,0x6C,0xC6,
0x78,0xC6,0xE0,0xFF,0x78,0xC6,0x78,0xC6,0xF8,0xFF,0x6C,0xC0,0x66,0xC0,0x66,0xF8,
/* 2339 */ 
0x00,0x00,0x00,0x00,0x30,0x18,0x30,0x18,0xFC,0x7F,0x80,0x19,0x80,0x01,0xFE,0xFF,
0xC0,0x00,0x60,0x00,0xF0,0x7F,0x1C,0x60,0x1E,0x60,0x18,0x60,0x18,0x60,0xF0,0x7F,
/* 2340 */ 
0x00,0x00,0x00,0x00,0xFE,0x7F,0xC0,0x60,0xC0,0x60,0x7E,0x7E,0x06,0x03,0x7E,0x7E,
0xC0,0xC0,0xCC,0xC6,0xD8,0xEC,0xE0,0xF0,0xF8,0xDC,0xCC,0xC7,0xC6,0x60,0x78,0x7C,
/* 2341 */ 
0x00,0x00,0x00,0x30,0xCC,0x1B,0xFC,0xFF,0xFE,0x7B,0xCC,0x7B,0xFC,0x7F,0x0C,0x78,
0xFC,0x7F,0x7C,0x7E,0xEE,0x77,0x6C,0x76,0xEC,0x37,0x6C,0x76,0x6C,0xDE,0xEE,0x8F,
/* 2342 */ 
0x00,0x00,0x00,0x00,0xE0,0xFF,0x0C,0x1B,0x18,0x1B,0xC0,0x7F,0x66,0xDB,0x7C,0xDB,
0x60,0xDB,0xE0,0xD9,0xF0,0xD9,0xF8,0xF9,0x78,0xC0,0x6C,0xC0,0x66,0xC0,0xC6,0x7F,
/* 2343 */ 
0x00,0x00,0x60,0x00,0x60,0x0C,0xFE,0xFF,0x60,0x0C,0x3C,0x0C,0xF6,0xFF,0x36,0x33,
0x36,0x33,0x36,0x1E,0xF6,0xFF,0xF6,0x00,0xF6,0x00,0xFE,0x00,0xC6,0x00,0x60,0x00,
/* 2344 */ 
0x00,0x00,0x00,0x00,0xFE,0x7F,0xF6,0xCC,0xF6,0xCC,0xF6,0xFF,0xFE,0xCC,0xF6,0xCC,
0xF6,0x7F,0x36,0x3F,0xFE,0x6F,0xF6,0x6F,0xF6,0xCF,0x76,0xEF,0x76,0x33,0x3F,0x3F,
/* 2345 */ 
0x00,0x00,0x18,0x00,0x78,0x7F,0x6C,0xDB,0x66,0xDB,0xFF,0xFF,0xDE,0xDB,0xDE,0xDB,
0xFE,0xFF,0xDE,0x00,0xDE,0x1E,0xDE,0xDF,0xFC,0xDF,0x80,0xFF,0xFC,0x67,0x00,0x3C,
/* 2346 */ 
0x00,0x00,0x80,0x01,0x00,0x03,0xFC,0xFF,0x66,0xCC,0xFE,0xFF,0x60,0x6C,0xFC,0x7F,
0x60,0x0C,0xFE,0xFF,0x30,0x18,0x18,0x30,0xFC,0x7F,0x86,0xC1,0x80,0x01,0xFC,0x7F,
/* 2347 */ 
0x00,0x00,0x80,0x01,0x80,0x01,0xFE,0xFF,0xFE,0xFF,0x66,0xCC,0xFC,0x7F,0x60,0x0C,
0xFE,0xFF,0x18,0x30,0xFC,0x7F,0x9E,0xF1,0x98,0x31,0x98,0x37,0xC0,0x0C,0x78,0x38,
/* 2348 */ 
0x00,0x00,0x00,0x00,0x00,0x00,0xFC,0x7F,0x00,0x00,0x00,0x00,0x00,0x00,0x00,0x00,
0xFC,0x3F,0x00,0x00,0x00,0x00,0x00,0x00,0x00,0x00,0x00,0x00,0xFE,0xFF,0x00,0x00,
/* 2349 */ 
0x00,0x00,0x80,0x01,0xC0,0x00,0x60,0x18,0x30,0x30,0xE0,0x7F,0xC0,0x00,0xFE,0xFF,
0xC0,0x06,0x60,0x0C,0xF8,0x3F,0x0E,0xE0,0xF0,0x1F,0x00,0x00,0x00,0x00,0xFE,0xFF,
/* 2350 */ 
0x00,0x00,0x80,0x01,0xC0,0x03,0xE0,0x06,0xB0,0x1D,0x9C,0x31,0x9F,0xF9,0xB0,0x0D,
0xE0,0x0D,0x80,0x07,0xFE,0xFF,0x80,0x01,0x80,0x01,0x80,0x01,0x80,0x01,0x80,0x01,
/* 2351 */ 
0x00,0x00,0xD8,0x0C,0xD8,0x0C,0xFE,0x0F,0xD8,0xFE,0xD8,0x66,0xFE,0x67,0x00,0x66,
0xFC,0x6F,0x86,0x3F,0xFC,0x3D,0x86,0x39,0xFC,0x39,0x86,0x3D,0x86,0x6D,0xE0,0xC7,
/* 2352 */ 
0x00,0x00,0xF8,0x1F,0x00,0x30,0xF0,0x1C,0x80,0x0F,0xF8,0x38,0xFE,0xFF,0xC0,0xC1,
0x78,0x6C,0x70,0x78,0xDE,0xCE,0xFE,0xFF,0x80,0x03,0xE0,0x0F,0xB8,0x39,0x0E,0xE0,
/* 2353 */ 
0x00,0x00,0x00,0x00,0x9E,0x3F,0x36,0x1F,0xF6,0x7F,0x36,0x00,0xF6,0xFF,0xF6,0x7B,
0xF6,0x73,0x76,0xDE,0xF6,0xFF,0x36,0x0E,0x36,0x1F,0xF6,0x37,0x7C,0xE6,0x00,0x06,
/* 2354 */ 
0x00,0x00,0x80,0x01,0x80,0x01,0xFE,0x7F,0x98,0x19,0xB0,0x19,0xB0,0x0D,0xE0,0x0D,
0xFF,0xFF,0x18,0x03,0x18,0x63,0x18,0x3E,0x18,0x0C,0x18,0x0C,0x18,0x3B,0xF8,0xE1,
/* 2355 */ 
0x00,0x00,0x0C,0x00,0xCC,0x7F,0xCC,0x66,0xBF,0x3D,0x0C,0x1F,0x0C,0x0C,0x8C,0x7F,
0xFC,0xCC,0xDC,0x7F,0xCF,0xCC,0xCC,0xCC,0xCC,0x7F,0x0C,0x6C,0x0C,0xFF,0xEE,0xC1,
/* 2356 */ 
0x00,0x00,0x00,0x00,0xFE,0x7F,0x60,0x3F,0x6C,0x3E,0x66,0x1C,0x66,0x1E,0xF6,0xFF,
0x3E,0x3E,0xEC,0x6F,0xC0,0x6D,0xC0,0x6D,0xFF,0x3F,0x60,0x6C,0x60,0xFC,0xFC,0xDF,
/* 2357 */ 
0x00,0x00,0x18,0x00,0x18,0x00,0xD8,0xFF,0x18,0xC0,0x3C,0xC0,0x18,0xC0,0x18,0xC0,
0x78,0xC0,0xB8,0xFF,0x1E,0xC0,0x18,0xC0,0x18,0xC0,0x18,0xC0,0x18,0xC0,0xDE,0x7F,
/* 2358 */ 
0x00,0x00,0x0C,0x0C,0x8C,0xFF,0xCC,0xCC,0xFE,0xCC,0xFC,0xFF,0xFC,0xCC,0xF6,0xCC,
0xB6,0x7F,0x36,0x0C,0xB6,0x7F,0x9C,0x61,0x18,0x33,0x3C,0x1E,0x06,0x1E,0xE0,0xF3,
/* 2359 */ 
0x00,0x00,0x00,0x00,0xFE,0xFF,0x30,0x18,0xFC,0xFE,0x30,0x18,0x30,0x18,0xFE,0xFF,
0x80,0x31,0xF8,0x19,0x6C,0x7B,0x6C,0x6C,0x6C,0xF7,0xE6,0xF1,0xF0,0xD8,0xFE,0x1F,
/* 2360 */ 
0x00,0x00,0x00,0x00,0x60,0x00,0xF0,0x1F,0x18,0x0C,0x0C,0x0C,0xFE,0x7F,0x0C,0x63,
0x0C,0x63,0x0C,0x63,0x0C,0x63,0xFC,0x3F,0x0C,0x00,0x0C,0xC0,0x0C,0xC0,0xF8,0xFF,
/* 2361 */ 
0x00,0x00,0x00,0x00,0xCC,0x7F,0x18,0x66,0x00,0x66,0xC0,0x63,0x66,0x63,0x8C,0x61,
0xF8,0x7C,0x00,0x0C,0x00,0x0C,0xD8,0x7C,0xD8,0x0C,0xCC,0x0C,0xCC,0x0C,0xF6,0xFF,
/* 2362 */ 
0x00,0x00,0x80,0x01,0x80,0x01,0xFC,0x7F,0xC0,0x07,0xE0,0x0D,0xBC,0x39,0x9E,0xF9,
0xB0,0x19,0xFE,0xFF,0x30,0x1C,0x78,0x3C,0xFC,0x3E,0xFC,0x7B,0xB6,0xD9,0x30,0x18,
/* 2363 */ 
0x00,0x00,0x00,0x30,0x98,0x31,0x98,0x19,0xF8,0xFF,0xEC,0xF7,0xEC,0xF7,0x6E,0xDF,
0xEE,0x7F,0x0C,0x00,0xCC,0x7F,0xCC,0x60,0xCC,0x7F,0xCC,0x60,0xCC,0x60,0xC0,0x7F,
/* 2364 */ 
0x00,0x00,0x60,0x0C,0x60,0x0C,0xFE,0x7F,0x6C,0x0C,0x18,0x06,0xB0,0x37,0x86,0x67,
0xCC,0x66,0xD8,0x66,0xC0,0xF6,0x78,0xF6,0x78,0x36,0x0C,0x18,0x0C,0x1C,0xE6,0x07,
/* 2365 */ 
0x00,0x00,0x00,0x00,0x7E,0x0C,0x18,0x6C,0x0C,0x6F,0x8C,0x6D,0x8C,0xCD,0xFC,0xCD,
0xE6,0xCD,0xE7,0xED,0x66,0x6C,0x66,0x6C,0x66,0x30,0x66,0x30,0x66,0x1C,0xFC,0x07,
/* 2366 */ 
0x00,0x00,0x00,0x00,0x38,0x38,0xE0,0x0C,0x80,0x07,0xC0,0x0F,0x78,0x3B,0x0E,0x63,
0x00,0x03,0xFC,0x7F,0x60,0x0F,0x60,0x1B,0x30,0x33,0x18,0x63,0x0C,0x63,0xE0,0xC3,
/* 2367 */ 
0x00,0x00,0x00,0x00,0x8C,0xC1,0xF8,0xCC,0xE0,0xCC,0xB8,0xCD,0x6E,0xCF,0x60,0xCC,
0xFE,0xCF,0x60,0xCE,0xF8,0xCD,0xEC,0xCD,0x6C,0xCF,0x66,0xC3,0x60,0xC0,0x3C,0xFC,
/* 2368 */ 
0x00,0x00,0x00,0x00,0x06,0x06,0xCC,0x36,0xD8,0x36,0xC0,0x66,0xC0,0x66,0x6E,0x66,
0x7C,0xC6,0x60,0xC6,0x18,0xE6,0x18,0x66,0x0C,0x36,0x0C,0x18,0x06,0x0C,0xE6,0x07,
/* 2369 */ 
0x00,0x00,0x00,0x00,0x18,0x0C,0x8C,0x3D,0xEC,0x6D,0xB6,0x6D,0xB6,0x6D,0x9E,0xCD,
0xD8,0xCC,0xCC,0xCC,0x76,0x6C,0x1E,0x3C,0x00,0x30,0x70,0x18,0x1E,0x0E,0xE0,0x03,
/* 2370 */ 
0x00,0x00,0x18,0x00,0xD8,0x3F,0xEC,0xF8,0xEC,0xDB,0x6C,0xCE,0xEC,0xFB,0xEE,0xFF,
0x0E,0x60,0xCF,0x31,0xFC,0xE1,0xCC,0x7F,0xEC,0x31,0x7C,0x1F,0x0C,0x0E,0xCC,0xFB,
/* 2371 */ 
0x00,0x00,0x00,0x00,0x0C,0x0E,0x3E,0x1B,0xF6,0x71,0x76,0xC0,0xF6,0x7F,0x36,0x06,
0xF6,0xFF,0x36,0x06,0x36,0x06,0xF6,0x7F,0xF6,0x60,0xF6,0x60,0xDE,0x60,0xC0,0x7F,
/* 2372 */ 
0x00,0x00,0x18,0x00,0xF8,0x06,0xCC,0xFE,0x66,0x66,0xFC,0x67,0x80,0x3F,0x80,0x3D,
0xFC,0x19,0x80,0x39,0xFE,0x6F,0x00,0xC3,0xCC,0x66,0xCC,0x66,0xCC,0xC6,0xC6,0xCC,
/* 2373 */ 
0x00,0x00,0x18,0x06,0xF8,0xFF,0x6C,0x1B,0xE6,0x19,0xE0,0xFF,0xEC,0x0C,0x6C,0x0C,
0xEC,0x7F,0xEC,0x6D,0xEC,0x6D,0xEC,0x6D,0xBC,0x6D,0xB0,0x6D,0x98,0x6D,0x0E,0x7C,
/* 2374 */ 
0x00,0x00,0x00,0x00,0xFC,0xFF,0x36,0x1B,0x36,0x1B,0xB6,0x7F,0xF6,0xDB,0xF6,0xDB,
0xFE,0xDB,0xF6,0xDB,0xF6,0xDB,0xF6,0xF1,0xF6,0xC0,0xF6,0xC0,0xF6,0xC0,0xDC,0xFF,
/* 2375 */ 
0x00,0x00,0x00,0x00,0xFE,0x7F,0xCC,0x6E,0xCC,0x6E,0xCC,0x6E,0xCC,0x6E,0xCC,0x6E,
0xFE,0xFF,0xCC,0x6E,0xCC,0x6E,0xCC,0x6E,0xFC,0x6E,0x7C,0x6E,0x6C,0x6E,0xE6,0x7F,
/* 2376 */ 
0x00,0x00,0x00,0x00,0x30,0x18,0xFE,0xFF,0xB0,0x19,0xB0,0x19,0x80,0x01,0x80,0x7F,
0x80,0x01,0x80,0x01,0xFC,0x7F,0x0C,0x60,0x0C,0x60,0x0C,0x60,0x0C,0x60,0xFC,0x7F,
/* 2377 */ 
0x00,0x00,0x00,0x00,0x30,0x60,0x30,0x38,0x30,0x0C,0xFC,0x07,0x38,0xC0,0x78,0x60,
0x7C,0x38,0xFC,0x0E,0x36,0x03,0x36,0xC0,0x30,0x60,0x30,0x38,0x30,0x0E,0xF0,0x03,
/* 2378 */ 
0x00,0x00,0x00,0x00,0x00,0x00,0x86,0x01,0x86,0x61,0x86,0x61,0x86,0x61,0x86,0x61,
0x86,0x61,0x86,0x61,0x86,0x61,0x86,0x61,0x86,0x61,0x86,0x61,0x86,0x61,0xFC,0x7F,
/* 2379 */ 
0x00,0x00,0x00,0x00,0xBC,0xDF,0xFC,0xDE,0xFC,0xDE,0xFC,0xDE,0xFC,0xDE,0xFC,0xDE,
0xFC,0xDF,0xFC,0xDE,0xF6,0xDE,0xF6,0xDE,0xF6,0xDE,0xF6,0xC6,0xF6,0xC6,0xFE,0xFF,
/* 2380 */ 
0x00,0x00,0x00,0x06,0x0C,0x06,0xCE,0x7F,0x7E,0xC0,0x7E,0xC0,0xFE,0x7F,0xFE,0x7B,
0x6C,0xC6,0xEC,0xDF,0x6C,0xF7,0x7C,0xF6,0x7C,0xE7,0xFC,0xFF,0xF6,0xC6,0xB0,0xF7,
/* 2381 */ 
0x00,0x00,0x18,0x00,0x18,0x60,0x30,0x30,0x7E,0x1E,0x60,0x03,0x60,0xC0,0xF0,0x60,
0x78,0x38,0x78,0x0E,0xDC,0x83,0x1E,0xC0,0x18,0x60,0x18,0x38,0x18,0x0E,0xC0,0x03,
/* 2382 */ 
0x00,0x00,0x00,0x00,0xFC,0x7F,0x18,0xC0,0x06,0xC0,0x86,0xC1,0x86,0xC1,0x86,0xC1,
0x86,0xC3,0x86,0xC7,0xC6,0xCC,0x66,0xD8,0x36,0xD8,0x1E,0xC0,0x06,0xC0,0x06,0xDC,
/* 2383 */ 
0x00,0x00,0x00,0x00,0x3E,0x06,0xF6,0x7F,0xDE,0x66,0x9E,0x37,0x9E,0x37,0x9E,0x1F,
0xFE,0xFF,0x36,0x0C,0x36,0x0E,0x36,0x1E,0x3E,0x1B,0x86,0x33,0xC6,0x61,0x66,0xC0,
/* 2384 */ 
0x00,0x00,0x00,0x06,0x0C,0x06,0xEC,0xFF,0xFE,0x7F,0x6C,0xDF,0xEC,0xF1,0xEC,0xFF,
0x6C,0xC0,0xFC,0x7F,0xCC,0x7F,0xCE,0x60,0xCC,0x7F,0xCC,0x60,0x8C,0x3F,0xFE,0xFF,
/* 2385 */ 
0x00,0x00,0x00,0x00,0x3E,0x3F,0xB6,0x19,0xFE,0xFF,0xFE,0x36,0xFE,0x63,0xFE,0xCD,
0xFE,0xFF,0xFE,0x00,0xFE,0x7F,0xFE,0x7F,0xCE,0x00,0x7C,0xFF,0xF6,0xC1,0x66,0xFF,
/* 2386 */ 
0x00,0x00,0x00,0x30,0x3C,0x1B,0xF6,0xFF,0x36,0x0C,0xF6,0x7F,0x3E,0x0C,0xF6,0xFF,
0xB6,0x6D,0xB6,0x3D,0xF6,0xFF,0x3E,0x00,0xB6,0x7F,0xF6,0x60,0xF6,0x60,0xF0,0x7F,
/* 2387 */ 
0x00,0x00,0x30,0x18,0x60,0x18,0xFE,0xFF,0x80,0x01,0xFC,0x7F,0x80,0x01,0xFE,0xFF,
0x98,0x19,0xB0,0x19,0xFE,0xFF,0xF0,0x1F,0x1C,0x70,0x0C,0x60,0x0C,0x60,0xF8,0x7F,
/* 2388 */ 
0x00,0x00,0x00,0x00,0x0C,0x0C,0x78,0xCC,0x70,0xCC,0x60,0xCC,0x66,0xCC,0x6C,0xCC,
0x78,0xCC,0x70,0xCC,0x70,0xCC,0x78,0xCC,0x78,0xCC,0x6C,0xCC,0x6C,0xCC,0xC6,0x7F,
/* 2389 */ 
0x00,0x00,0x00,0x00,0x00,0x03,0xFC,0xFF,0x0C,0xC0,0x0C,0xC0,0xFC,0x7F,0x0C,0x00,
0xFC,0xFF,0x3C,0xCF,0x6C,0xDB,0x6C,0xFB,0xCC,0xF3,0x6C,0xDB,0x3E,0xCF,0x66,0xDB,
/* 2390 */ 
0x00,0x00,0x00,0x00,0x18,0x33,0xD8,0xFF,0x0C,0x0C,0xEC,0x7F,0x36,0x0C,0xFC,0xFF,
0x98,0x6D,0x0C,0x3F,0xCC,0xFF,0x7E,0x00,0x80,0x7F,0xF0,0x61,0x9E,0x61,0x80,0x7F,
/* 2391 */ 
0x00,0x00,0x00,0x00,0x0C,0x06,0xEC,0xFF,0x8C,0x31,0xBE,0x31,0xCC,0x7F,0x6C,0xCF,
0x6C,0xDB,0xEC,0xF1,0xEC,0xFF,0xFC,0xF1,0xFC,0xF1,0x67,0xDF,0x60,0xC0,0x60,0xF0,
/* 2392 */ 
0x00,0x00,0x18,0x00,0x98,0x01,0xD8,0xFF,0x6C,0x06,0x3C,0x06,0x0C,0x06,0xEE,0xFF,
0x0F,0xC3,0x0C,0xC3,0x0C,0xC3,0x8C,0xC1,0x8C,0xC1,0xCC,0xC0,0x6C,0x60,0x3C,0x7E,
/* 2393 */ 
0x00,0x00,0x00,0x00,0x80,0x01,0xFE,0xFF,0x30,0x18,0x60,0x0C,0xF8,0x3F,0x0E,0xE0,
0x66,0xCC,0x3E,0xF8,0xE6,0xDF,0x36,0xD8,0x36,0xD8,0x36,0xD8,0xF6,0xDF,0x06,0xF8,
/* 2394 */ 
0x00,0x00,0x00,0x03,0x30,0x33,0xFC,0x7F,0x06,0xC0,0xF6,0xDF,0x36,0xD8,0xF0,0x1F,
0x00,0x00,0xF8,0x3F,0x8C,0x31,0x8C,0x31,0x8C,0x31,0xCC,0x33,0x60,0x1E,0x3E,0x70,
/* 2395 */ 
0x00,0x00,0x00,0x00,0x00,0x06,0xFE,0x7F,0xF6,0xC0,0xF6,0xC0,0xF6,0xDF,0xF6,0xDB,
0xF6,0xDB,0xFE,0xDB,0xF6,0xDB,0xF6,0xDB,0xF6,0xDB,0xF6,0xCE,0xF6,0xC0,0xDE,0xF8,
/* 2396 */ 
0x00,0x00,0x00,0x00,0x80,0x01,0x80,0x01,0x80,0x01,0x80,0x01,0x80,0x01,0x80,0x7F,
0x80,0x01,0x80,0x01,0x80,0x01,0x80,0x01,0x80,0x01,0x80,0x01,0x80,0x01,0xFE,0xFF,
/* 2397 */ 
0x00,0x00,0x00,0x03,0x18,0x33,0x18,0x33,0x30,0x1B,0x30,0x0F,0xFC,0x7F,0x0C,0x60,
0xEC,0x6F,0x3C,0x78,0x3C,0x78,0x3C,0x78,0x3C,0x78,0xEC,0x6F,0x0C,0x60,0x0C,0x7C,
/* 2398 */ 
0x00,0x00,0x00,0x00,0xB0,0x31,0xFC,0x7F,0x06,0xC0,0xF6,0xFF,0x1E,0xF0,0x18,0x30,
0xF0,0x1F,0x00,0x03,0xFC,0x7F,0x60,0x63,0x30,0x36,0x3C,0x1C,0x36,0x38,0xF0,0xE3,
/* 2399 */ 
0x00,0x00,0x00,0x0C,0xD8,0x6C,0x98,0x6D,0xFF,0x3D,0x18,0x0C,0xDC,0xFF,0xFC,0xC0,
0xFE,0xFF,0xDE,0xC0,0xDE,0xC0,0xD8,0xFF,0xD8,0xC0,0xD8,0xC0,0xD8,0xC0,0xD8,0x78,
/* 2400 */ 
0x00,0x00,0x18,0x0C,0xD8,0x6C,0x98,0x6D,0xFE,0x3D,0x18,0x0C,0xD8,0x7F,0xD8,0x60,
0xF8,0x60,0xDC,0x7F,0xDF,0x60,0xD8,0x7F,0xD8,0x60,0xD8,0x60,0xD8,0x60,0xDE,0x78,
/* 2401 */ 
0x00,0x00,0x00,0x0C,0x38,0x0C,0x9E,0x6D,0x18,0x3F,0x18,0x0C,0xFE,0xFF,0xB8,0xC1,
0xB8,0xC1,0xFC,0xFF,0x9C,0xC1,0x9E,0xC1,0x98,0xFF,0x98,0xC1,0x98,0xC1,0x98,0xF9,
/* 2402 */ 
0x00,0x00,0x18,0x00,0x18,0x03,0x78,0x73,0xFE,0x1F,0x3E,0x36,0x3E,0x1E,0x1E,0xCE,
0xDE,0xFB,0x18,0x60,0xF8,0xFF,0x18,0x1B,0x3C,0x1B,0xBC,0xD9,0xF6,0xD8,0x66,0xF8,
/* 2403 */ 
0x00,0x00,0x00,0x00,0x60,0x0C,0xFE,0xFF,0x78,0x0C,0x38,0x0C,0xF8,0x7F,0x0C,0x60,
0x6C,0x60,0xC6,0x60,0x80,0x63,0x00,0x67,0x00,0x66,0x00,0x60,0x00,0x60,0xE0,0x3F,
/* 2404 */ 
0x00,0x00,0x00,0x00,0x30,0x00,0xF8,0x7F,0x18,0xC0,0x0C,0xC0,0x0C,0xC0,0x66,0xC0,
0xC0,0xC1,0x00,0xC3,0x00,0xC6,0x00,0xC0,0x00,0x60,0x00,0x60,0xC0,0x70,0x80,0x3F,
/* 2405 */ 
0x00,0x00,0x00,0x00,0x30,0xFE,0xFE,0xCD,0xCC,0xCC,0xCC,0xCC,0x6C,0xCC,0xFE,0xC7,
0x00,0x7B,0xFC,0x00,0xC6,0xFE,0xC6,0xC6,0xFE,0xC6,0xC6,0xC6,0xC6,0xC6,0xFC,0xFE,
/* 2406 */ 
0x00,0x00,0x00,0x00,0x80,0x01,0xB0,0x19,0xB0,0x31,0x98,0x31,0x98,0x61,0x8C,0x61,
0x8C,0xF1,0x86,0x31,0x80,0x31,0x80,0x19,0x00,0x0C,0x00,0x06,0x80,0x03,0xFE,0x00,
/* 2407 */ 
0x00,0x00,0x00,0x00,0xFC,0xCC,0xB6,0x6D,0xB6,0x3D,0x36,0x0C,0xF6,0xFF,0xF6,0xC0,
0xF6,0xFF,0xF6,0xC0,0xF6,0xC0,0xF6,0xFF,0xF6,0xC0,0xF6,0xC0,0xF6,0xC0,0xDC,0xF8,
/* 2408 */ 
0x00,0x00,0x00,0x00,0xFE,0x7D,0x18,0x6F,0x18,0x6F,0x98,0x6D,0x8C,0x3D,0xE6,0x3D,
0x00,0x6C,0xFC,0x6F,0x0C,0xCF,0x0C,0xCF,0x0C,0xCF,0x0C,0xFF,0x0C,0x1F,0xF8,0x0D,
/* 2409 */ 
0x00,0x00,0x00,0x00,0x98,0xFF,0x18,0xC6,0x0C,0xC6,0x6C,0xC6,0x36,0xC3,0xBC,0x6D,
0xD8,0x38,0x0C,0x7F,0xF6,0xC1,0x9C,0xC1,0x80,0xC1,0xF8,0xC1,0x8E,0xC1,0x80,0x7F,
/* 2410 */ 
0x00,0x00,0x80,0x01,0x80,0x01,0xFE,0xFF,0x60,0x1C,0xB8,0x31,0xFE,0xFF,0x80,0x0D,
0xFE,0xFF,0x80,0x01,0xF0,0x3F,0x1F,0x30,0x18,0x30,0xF0,0x3F,0x18,0x30,0xF0,0x3F,
/* 2411 */ 
0x00,0x00,0x00,0x00,0x3C,0x1E,0x36,0x33,0xBE,0x61,0xFE,0xC0,0xBE,0x7F,0x3E,0x00,
0x3E,0x00,0xFE,0xFF,0xBE,0x3D,0xBE,0x3D,0xFE,0x6C,0xFC,0xCC,0x0C,0xCC,0x86,0x0F,
/* 2412 */ 
0x00,0x00,0x18,0x00,0x18,0x18,0x18,0xFF,0xFC,0xC1,0xFE,0xC1,0xFE,0xC7,0xFE,0xE7,
0x7E,0x36,0x7E,0x1E,0x7E,0x0E,0x3C,0xC6,0x78,0xC6,0xD8,0xC6,0xFC,0xC6,0x00,0x7E,
/* 2413 */ 
0x00,0x00,0x00,0x00,0xC0,0x7F,0x78,0x03,0x00,0x03,0x00,0x03,0xFE,0xFF,0x00,0x03,
0x00,0x03,0x00,0x03,0xFC,0x7F,0x0C,0x60,0x0C,0x60,0x0C,0x60,0x0C,0x60,0xFC,0x7F,
/* 2414 */ 
0x00,0x00,0x00,0x00,0x80,0x03,0xE0,0x06,0x30,0x1C,0x18,0x70,0xFE,0xDF,0x80,0x01,
0xFC,0x7F,0x80,0x01,0x80,0x01,0xF8,0x3F,0x0C,0x30,0x0C,0x30,0x0C,0x30,0xF8,0x3F,
/* 2415 */ 
0x00,0x00,0x00,0x00,0x30,0x00,0xFE,0xFF,0x30,0x66,0x30,0x66,0xFE,0x67,0x7E,0x67,
0xFC,0x3F,0xFE,0x3D,0xFE,0x3D,0xFE,0x39,0x7E,0x38,0x6C,0x3C,0x6C,0x66,0xFE,0xC3,
/* 2416 */ 
0x00,0x00,0x0C,0x00,0xEC,0xFF,0xCC,0x30,0xFE,0x3F,0xCC,0x30,0xCC,0x3F,0xCC,0x30,
0xFC,0xFF,0x0C,0x30,0xEE,0xFF,0x6C,0xDB,0xCC,0x79,0x8C,0x71,0xCC,0x7B,0x7E,0xCC,
/* 2417 */ 
0x00,0x00,0x00,0x00,0x30,0x60,0xFC,0x60,0x8C,0x61,0xFC,0xFF,0x8C,0x61,0x8C,0x61,
0xFC,0x67,0x8C,0x67,0xCC,0x6D,0xFF,0x6D,0xE0,0x61,0xB0,0x61,0x9C,0x61,0xB6,0x7F,
/* 2418 */ 
0x00,0x00,0x00,0x00,0xEC,0x7F,0xCC,0x3F,0xCE,0x30,0xDE,0x3F,0xFE,0x30,0xFE,0xFF,
0x6E,0x30,0xEF,0x7F,0x0C,0xDB,0xEC,0xDB,0xCC,0x71,0xCC,0x71,0x6C,0xDB,0x3C,0x8C,
/* 2419 */ 
0x00,0x00,0x00,0x0C,0x0C,0x0C,0xD8,0x0C,0xF0,0x3C,0xC0,0x0C,0xC6,0x0C,0xEC,0xFF,
0x00,0x0C,0x98,0xCD,0x98,0x6D,0xD8,0x6C,0x6C,0x6C,0x0C,0x3C,0x0C,0x1C,0xF6,0x07,
/* 2420 */ 
0x00,0x00,0x18,0x0C,0x30,0x0C,0x60,0x0C,0x7E,0x0C,0x60,0x0C,0xB0,0x7F,0xF0,0x0C,
0xF8,0x0C,0xFC,0x0C,0x36,0x0C,0x30,0x0C,0x30,0x0C,0x30,0x0C,0xF0,0xFF,0x30,0x00,
/* 2421 */ 
0x00,0x00,0x00,0x00,0x0C,0x3F,0x1C,0x33,0x18,0x33,0x80,0x31,0x9E,0xF1,0x18,0x60,
0x98,0x7F,0x18,0x63,0x18,0x33,0x18,0x36,0x18,0x1E,0x78,0x1C,0x38,0x37,0xC0,0xE1,
/* 2422 */ 
0x00,0x00,0x00,0x0C,0xFE,0x0C,0x18,0x7F,0x8C,0xCD,0x8C,0xCD,0x8C,0xCD,0xFC,0xCD,
0xEE,0xFF,0xEF,0xCD,0xEC,0xCD,0xEC,0xCD,0xEC,0xFF,0x6C,0x0F,0x6C,0x0C,0x7C,0x0C,
/* 2423 */ 
0x00,0x00,0x00,0x00,0x80,0x01,0xF8,0x3F,0x8C,0x61,0x8C,0x61,0x8C,0x61,0x8C,0x61,
0xFC,0x7F,0x8C,0x61,0x8C,0x61,0x8C,0x61,0xFC,0x7F,0x80,0x01,0x80,0x01,0x00,0x00,
/* 2424 */ 
0x00,0x00,0x00,0x0C,0x18,0x0C,0xBE,0xFF,0xF6,0xCC,0xF6,0xCC,0xF6,0xCC,0xF6,0xCC,
0xB6,0xFF,0xF6,0xCC,0xF6,0xCC,0xF6,0xCC,0xB6,0xFF,0x36,0x6C,0x3C,0x0C,0x00,0x0C,
/* 2425 */ 
0x00,0x00,0x18,0x00,0x18,0x06,0x98,0x3F,0xF8,0xE6,0x6C,0xC6,0x6C,0xC6,0x6E,0xC6,
0xEF,0xFF,0x6C,0xC6,0x6C,0xC6,0x6C,0xC6,0xCC,0x7F,0x0C,0x06,0x0C,0x06,0x00,0x06,
/* 2426 */ 
0x00,0x00,0x80,0x01,0x80,0x01,0xF8,0x3F,0x0C,0x30,0xFC,0x3F,0x0C,0x30,0x0C,0xF0,
0xFC,0xFF,0x0C,0x70,0x0C,0x30,0xFE,0x3F,0x00,0x3C,0x00,0x37,0xE0,0x31,0x3E,0x36,
/* 2427 */ 
0x00,0x00,0x00,0x00,0xE6,0xFF,0x6C,0xC0,0xF8,0xD9,0xE0,0x31,0xC3,0x60,0x6E,0x66,
0x1C,0x06,0xF0,0xFF,0x18,0x0E,0x18,0x1F,0x8C,0x3F,0xCC,0x76,0x7C,0xC6,0x06,0x06,
/* 2428 */ 
0x00,0x00,0x00,0x00,0x8C,0xFF,0xCC,0x00,0xFF,0x00,0xEC,0x7F,0xFC,0x00,0xF6,0x00,
0xF6,0x7F,0xF6,0xDB,0xFC,0x7B,0xD8,0x3B,0xF8,0x33,0xFC,0x33,0x66,0x7B,0x33,0xCE,
/* 2429 */ 
0x00,0x00,0x00,0x0C,0x18,0x0C,0x98,0xFF,0x8C,0xCD,0xEC,0xCD,0xBE,0xCD,0xB0,0xFF,
0x98,0xCD,0x8C,0xCD,0xFE,0xCD,0x80,0xCD,0x80,0x7F,0xF8,0x0C,0x0E,0x0C,0x00,0x0C,
/* 2430 */ 
0x00,0x00,0x00,0x0C,0x18,0x0C,0x30,0x0C,0xFE,0xFF,0xE0,0xCD,0xB0,0xCD,0xB0,0xCD,
0xB8,0xFF,0xFC,0xCD,0xDE,0xCD,0x98,0xCD,0x98,0x7F,0x18,0x0C,0x18,0x0C,0x18,0x0C,
/* 2431 */ 
0x00,0x00,0x00,0x00,0x06,0x03,0x0C,0x03,0xF8,0x7F,0x30,0xC3,0x06,0xC3,0x0C,0x0F,
0x18,0x0F,0x00,0x0F,0x00,0x0F,0x98,0x0D,0x98,0xCD,0xCC,0xCC,0x66,0xCC,0x38,0x7C,
/* 2432 */ 
0x00,0x00,0x80,0x01,0x00,0x03,0xFE,0xFF,0x86,0xC1,0x86,0xC1,0xF8,0x3F,0x8C,0x61,
0x8C,0x61,0xFC,0x7F,0x8C,0x61,0x8C,0x61,0x8C,0x61,0xFC,0x7F,0x80,0x01,0x80,0x01,
/* 2433 */ 
0x00,0x00,0x00,0x00,0x0C,0x0C,0xCC,0xFF,0xFE,0xCC,0xFC,0xCC,0xB6,0xFF,0xF6,0xCC,
0xF6,0xCC,0xF6,0xFF,0xDE,0xCC,0xDC,0xCC,0x98,0xFF,0x3C,0x0C,0x06,0x0C,0x07,0x0C,
/* 2434 */ 
0x00,0x00,0x18,0x00,0x18,0x30,0xFE,0xFF,0x18,0x30,0xF8,0x3F,0x18,0x30,0xF8,0x3F,
0x18,0x30,0x18,0x30,0xFC,0x7F,0x8C,0x0D,0xCC,0x18,0x6C,0x30,0x3C,0x00,0xF8,0xFF,
/* 2435 */ 
0x00,0x00,0x00,0x00,0x6C,0x7F,0x6C,0x66,0x6C,0x36,0x6C,0x1C,0x6C,0x1E,0xE0,0xF3,
0xF8,0x3F,0x0C,0x60,0xF8,0x7F,0x0C,0x60,0x0C,0x60,0xFC,0x7F,0x0C,0x60,0x00,0x6C,
/* 2436 */ 
0x00,0x00,0x00,0x06,0x18,0x06,0xD8,0x7F,0x38,0x06,0xFE,0x7F,0xFE,0x60,0xFE,0x7F,
0xDB,0x60,0xDB,0x7F,0xD8,0x60,0xD8,0x7F,0xD8,0x60,0xF8,0xFF,0x18,0x1B,0xD8,0x71,
/* 2437 */ 
0x00,0x00,0x00,0x00,0x86,0x19,0xCC,0x38,0xF8,0x6F,0x00,0x03,0xF3,0xFF,0x8E,0x19,
0xDC,0x36,0x70,0xE7,0x80,0x1B,0xEC,0x6C,0x0C,0x37,0xE6,0x19,0x06,0x0E,0xF0,0x03,
/* 2438 */ 
0x00,0x00,0x00,0x03,0x00,0x03,0xFC,0xFF,0x00,0x03,0xF8,0x7F,0x00,0x00,0xF0,0x3F,
0x18,0x63,0x18,0x63,0x18,0x63,0xF8,0x3F,0x18,0x00,0x0C,0x00,0x0C,0x00,0x0C,0x00,
/* 2439 */ 
0x00,0x00,0x00,0x00,0x18,0x03,0x18,0x03,0x0C,0x03,0xFC,0x7F,0x0C,0x03,0x06,0x03,
0x06,0x03,0x00,0x03,0xFC,0x7F,0x00,0x03,0x00,0x03,0x00,0x03,0x00,0x03,0xFE,0xFF,
/* 2440 */ 
0x00,0x00,0x18,0x00,0x9E,0x7F,0xDE,0x6C,0xFE,0x6C,0x9E,0x7F,0xDE,0x6C,0xDB,0x6C,
0x98,0x7F,0x7E,0x0C,0xD8,0x7F,0x18,0xC6,0x18,0xC6,0x78,0xC3,0x9E,0xC1,0xE0,0x7C,
/* 2441 */ 
0x00,0x00,0x00,0x00,0x9C,0x0D,0x9E,0x0D,0x9E,0x0D,0xFC,0x7F,0xDE,0x0C,0xDE,0x0C,
0xDE,0x0C,0xF8,0x7F,0x70,0x0C,0x18,0x0C,0x1E,0x0C,0x18,0x0C,0x18,0x0C,0xC0,0xFF,
/* 2442 */ 
0x00,0x00,0x00,0x00,0xC0,0x19,0x78,0x18,0x60,0x18,0x60,0x18,0x60,0x18,0x60,0x18,
0xFE,0xFF,0x60,0x18,0x60,0x18,0x60,0x18,0x30,0x18,0x30,0x18,0x18,0x18,0x0C,0x18,
/* 2443 */ 
0x00,0x00,0x00,0x00,0x98,0x7F,0xD8,0x60,0x8C,0x61,0x6C,0x3F,0xB6,0x7F,0xDE,0xCC,
0xD8,0xCC,0xCC,0xFF,0xF6,0xCC,0xDE,0xCC,0xC0,0xFF,0x70,0xCC,0x1F,0xCC,0x00,0xFC,
/* 2444 */ 
0x00,0x00,0x00,0x00,0xB0,0x19,0xB0,0x39,0x98,0x31,0x8C,0x79,0x86,0xCF,0x80,0x03,
0xF0,0x3F,0x3E,0x30,0x30,0x30,0xF0,0x3F,0x30,0x30,0xF0,0x3F,0x30,0x30,0xF0,0x3F,
/* 2445 */ 
0x00,0x00,0x00,0x1B,0x00,0x33,0xFC,0xFF,0x0C,0x06,0xFC,0x66,0xCC,0x3C,0xCC,0xDC,
0xCC,0xDC,0xFE,0xF6,0x86,0xE3,0xFB,0x7F,0xCC,0x66,0xCC,0x66,0xCC,0x66,0xFE,0xFF,
/* 2446 */ 
0x00,0x00,0x00,0x00,0xFC,0xC3,0x60,0xD8,0xFE,0xDF,0xF8,0xD9,0xF8,0xD9,0xFE,0xDF,
0xF8,0xD9,0xFC,0xD9,0xFE,0xDF,0xF8,0xDF,0xF0,0xC1,0x78,0xC3,0x6C,0xC6,0x66,0xF0,
/* 2447 */ 
0x00,0x00,0x00,0x0C,0x7C,0x0F,0x66,0x0F,0x66,0xFF,0xE6,0x0D,0xFE,0x0C,0xE6,0x0C,
0x66,0x0C,0xE6,0x7F,0x7E,0x0C,0x66,0x0C,0x66,0x0C,0x66,0x0C,0x66,0x0C,0xFE,0xFF,
/* 2448 */ 
0x00,0x00,0x00,0x00,0xFC,0x3F,0x30,0x30,0x60,0x18,0xC0,0x0C,0x80,0x07,0x80,0x03,
0xF0,0x1E,0x1E,0xF0,0x80,0x01,0xF8,0x3F,0x80,0x01,0x80,0x01,0x80,0x01,0xFE,0xFF,
/* 2449 */ 
0x00,0x00,0x00,0x00,0xF0,0xFF,0x3C,0x0C,0x3C,0x0C,0xBC,0xFF,0xFC,0xCC,0xFC,0xCC,
0xFC,0xCC,0xFC,0xCC,0xFC,0xCC,0xF0,0xCC,0xD8,0xCC,0xD8,0xFC,0x0C,0x0C,0x00,0x0C,
/* 2450 */ 
0x00,0x00,0x00,0x00,0x98,0x01,0x98,0x01,0xF8,0x7F,0x8C,0x01,0x8C,0x01,0x86,0x01,
0x80,0x01,0xFE,0xFF,0x80,0x03,0x80,0x07,0xC0,0x06,0xE0,0x0C,0x30,0x38,0x1E,0xE0,
/* 2451 */ 
0x00,0x00,0x00,0x00,0xB6,0xFF,0x9C,0x19,0xFC,0x19,0xFC,0xFF,0xFE,0xDF,0xF8,0xDF,
0xF0,0xDF,0xF8,0xDF,0xFC,0xDF,0xF6,0xDF,0xF0,0xDF,0xB0,0xDF,0xD8,0xDE,0x7C,0x60,
/* 2452 */ 
0x00,0x00,0x00,0x00,0x98,0x01,0xB0,0xFF,0xFE,0x0D,0xCC,0x0D,0x8C,0x6D,0xFC,0x7D,
0xEC,0x6F,0xEC,0x6D,0xEC,0x6D,0xEC,0x6D,0xEC,0x7D,0xEC,0x81,0xE6,0x81,0x7E,0xFF,
/* 2453 */ 
0x00,0x00,0x00,0x00,0xEC,0x7F,0x78,0x60,0x78,0x60,0xE0,0x7F,0x66,0x60,0xEC,0x7F,
0x98,0x0D,0xBC,0x0D,0xF8,0x6D,0xEC,0x6D,0xEC,0x3D,0xCC,0x0D,0x86,0x0D,0xFE,0xFF,
/* 2454 */ 
0x00,0x00,0x00,0x0C,0x1C,0x0C,0xB0,0x7F,0x00,0x0C,0x00,0x0C,0x0F,0x0C,0x98,0x7F,
0x18,0x30,0xD8,0xFF,0x18,0x30,0x18,0x33,0x78,0x36,0x78,0x36,0x38,0x30,0x00,0x3F,
/* 2455 */ 
0x00,0x00,0x00,0x00,0xF8,0x7F,0x0C,0xC0,0x0C,0xC0,0x0C,0xC0,0xFC,0xFF,0x0C,0x60,
0x0C,0x00,0x0C,0x00,0x0C,0x00,0x0C,0x00,0x0C,0x00,0x0C,0x00,0x06,0x00,0x06,0x00,
/* 2456 */ 
0x00,0x00,0x00,0x00,0xFE,0x3F,0x00,0x36,0xE0,0x33,0xFC,0x30,0xC0,0x30,0xFC,0x3F,
0xCC,0x3C,0xCC,0x3C,0xCC,0x3C,0xF8,0x37,0xC0,0xBC,0xC0,0xBC,0xF0,0xFF,0x1E,0xF8,
/* 2457 */ 
0x00,0x00,0x00,0x00,0x80,0x01,0x80,0x01,0x80,0x01,0x80,0x01,0x80,0x01,0xFE,0xFF,
0x80,0x01,0x80,0x01,0x80,0x01,0x80,0x01,0x80,0x01,0x80,0x01,0x80,0x01,0x00,0x00,
/* 2458 */ 
0x00,0x00,0x00,0x00,0x00,0x00,0xFC,0x7F,0xC0,0x00,0xC0,0x00,0x60,0x00,0x30,0x00,
0xF8,0x7F,0x1C,0x60,0x1E,0x60,0x18,0x60,0x18,0x60,0x18,0x60,0x18,0x60,0xF0,0x7F,
/* 2459 */ 
0x00,0x00,0x00,0x00,0x18,0x0E,0x18,0x1B,0x98,0x31,0xFC,0x60,0x78,0xC0,0xD8,0x7F,
0x78,0x00,0xB8,0x7F,0xDE,0x60,0xD8,0x60,0xD8,0x60,0xD8,0x60,0xD8,0x60,0xDE,0x7F,
/* 2460 */ 
0x00,0x00,0x00,0x00,0x00,0x30,0x7E,0x30,0xE6,0xFF,0x66,0x30,0x66,0x30,0xE6,0x31,
0x66,0x33,0x7E,0x36,0x66,0x36,0x66,0x3C,0x66,0x30,0x66,0x30,0x66,0x33,0x3C,0x3E,
/* 2461 */ 
0x00,0x00,0x30,0x00,0x30,0x06,0x30,0x06,0x18,0x06,0x18,0x06,0x18,0x06,0xFC,0xFF,
0x1C,0x06,0x1E,0x06,0x18,0x06,0x18,0x06,0x18,0x06,0x18,0x06,0x18,0x06,0x18,0x00,
/* 2462 */ 
0x00,0x00,0x00,0x00,0xC0,0x07,0x60,0x0C,0xB8,0x39,0x0E,0xE3,0xF8,0x3F,0x18,0x30,
0xF8,0x3F,0x18,0x30,0xF8,0x3F,0x18,0x60,0x98,0x3B,0x18,0x0E,0x18,0x38,0xF8,0x61,
/* 2463 */ 
0x00,0x00,0x00,0x00,0x0C,0x0C,0x0C,0x0C,0xFC,0x7F,0xE6,0xCD,0xE6,0xCD,0xFB,0xCD,
0x98,0xCD,0x98,0xCD,0x98,0xCD,0x18,0x7F,0x18,0x6C,0x78,0x6C,0x38,0xFC,0xF8,0x07,
/* 2464 */ 
0x00,0x00,0x00,0x00,0x00,0x03,0xFC,0xFF,0x06,0xC0,0x60,0xC6,0xD8,0x06,0xB0,0x07,
0x60,0x06,0x60,0x03,0xFE,0xFF,0x00,0x03,0x80,0x0F,0xC0,0x18,0x60,0x70,0x3E,0xC0,
/* 2465 */ 
0x00,0x00,0x00,0x00,0x0C,0x00,0xD8,0x7F,0xF0,0x60,0xC0,0x60,0xCE,0x60,0xD8,0x60,
0xD8,0x60,0xD8,0x7F,0x18,0x00,0x18,0x1B,0xF8,0x31,0xB8,0x61,0xD8,0xC0,0x60,0xC0,
/* 2466 */ 
0x00,0x00,0x00,0x03,0x00,0x03,0xF8,0x3F,0x0C,0x63,0x0C,0x63,0x0C,0x63,0x0C,0x63,
0x0C,0x63,0xFC,0x7F,0x0C,0x03,0x98,0x01,0xB0,0x01,0xE0,0x01,0xE0,0x03,0x3E,0xFE,
/* 2467 */ 
0x00,0x00,0x00,0x00,0x30,0x00,0xF0,0xFF,0x18,0x03,0x0C,0x03,0x06,0x03,0x00,0x03,
0xFE,0xFF,0x00,0x03,0x80,0x07,0x80,0x07,0xC0,0x0C,0xE0,0x18,0x30,0x30,0x1E,0xE0,
/* 2468 */ 
0x00,0x00,0x00,0x06,0x0C,0x06,0xFC,0xFF,0x0C,0x06,0xCC,0x3F,0x7C,0xE6,0x3E,0xC6,
0x3E,0xC6,0x3F,0xC6,0xEC,0x7F,0x6C,0x06,0xCC,0x03,0x8C,0x03,0x8C,0x07,0xFC,0xFC,
/* 2469 */ 
0x00,0x00,0x00,0x00,0xFC,0x7F,0x0C,0x60,0x0C,0x60,0xFC,0x7F,0x3C,0x63,0x6C,0x33,
0xCC,0x1B,0xFC,0xFF,0x0C,0x03,0x8C,0x07,0xC6,0x0F,0x66,0x3B,0x3E,0x63,0x0C,0xC3,
/* 2470 */ 
0x00,0x00,0x00,0x18,0x3E,0x18,0x60,0x7F,0xEC,0xD9,0xEC,0xD9,0xE6,0xD9,0xB6,0xD9,
0xFE,0xD9,0xC0,0xFF,0xC0,0x1B,0xF0,0x1B,0xDE,0x0E,0xC0,0x1C,0xC0,0x36,0xF8,0xE3,
/* 2471 */ 
0x00,0x00,0x00,0x00,0x0C,0x0C,0x0C,0x06,0x7E,0x66,0x6C,0x63,0xEC,0xC1,0xEC,0xFF,
0x66,0x80,0x66,0x00,0x66,0xFF,0xBC,0xC1,0xB8,0xC1,0xB8,0xC1,0xEC,0xC1,0x06,0x7F,
/* 2472 */ 
0x00,0x00,0x00,0x00,0x00,0x3E,0x00,0x76,0xFE,0xFF,0x00,0x06,0x00,0x06,0x00,0x06,
0xFE,0x0F,0x60,0x0C,0x60,0x0C,0x60,0x0C,0x60,0xD8,0xE0,0xDB,0xF0,0xF0,0x1E,0xE0,
/* 2473 */ 
0x00,0x00,0x00,0x00,0xFC,0x7F,0x00,0x00,0x00,0x00,0x00,0x00,0xFE,0xFF,0x00,0x03,
0x30,0x1B,0x30,0x33,0x18,0x33,0x18,0x63,0x0C,0x63,0x0C,0xC3,0x06,0xC3,0xE0,0x03,
/* 2474 */ 
0x00,0x00,0x00,0x00,0x00,0x03,0x00,0x03,0x00,0x03,0x00,0x03,0xFE,0xFF,0x00,0x03,
0x00,0x03,0x00,0x03,0x00,0x03,0x00,0x03,0x00,0x03,0x00,0x03,0x00,0x03,0xFC,0x7F,
/* 2475 */ 
0x00,0x00,0x00,0x00,0x98,0x31,0x98,0x31,0x98,0x31,0x98,0x31,0xFF,0xFF,0x98,0x31,
0x98,0x31,0x98,0x31,0x98,0x31,0x98,0x31,0x18,0x1F,0x18,0x00,0x18,0x00,0xF8,0xFF,
/* 2476 */ 
0x00,0x00,0x00,0x06,0x18,0x06,0xD8,0xFF,0x18,0x0C,0x7E,0x0C,0x9C,0x7F,0xFC,0x6C,
0xFC,0x6C,0xFE,0x6C,0xDE,0x6C,0xDB,0x6C,0xD8,0x6C,0xD8,0x6C,0x18,0x3C,0x18,0x0C,
/* 2477 */ 
0x00,0x00,0x00,0x00,0xFE,0xFF,0x80,0x01,0xF8,0x3F,0x8C,0x61,0x8C,0x61,0xF8,0x3F,
0xFC,0x3F,0x80,0x61,0x80,0x61,0xFE,0x7F,0x80,0x61,0xFC,0x3F,0x80,0x01,0xF0,0x01,
/* 2478 */ 
0x00,0x00,0x00,0x00,0x18,0x38,0x18,0xF8,0xD8,0xFF,0x3E,0x18,0x18,0x18,0xD8,0x1F,
0x18,0x1B,0x38,0x33,0x1E,0x33,0x18,0x33,0x18,0xFB,0x18,0xFF,0xF8,0xE1,0x1E,0xE0,
/* 2479 */ 
0x00,0x00,0x30,0x60,0xFC,0x3E,0x30,0x03,0xF0,0xFE,0x3E,0x33,0xB0,0x33,0xBC,0x31,
0x00,0x03,0xFE,0xFF,0xF8,0x3F,0x00,0x00,0xF8,0x3F,0xF0,0x1F,0x1C,0x70,0xF8,0x7F,
/* 2480 */ 
0x00,0x00,0x00,0x00,0xC6,0xE0,0xCC,0x3C,0xF8,0x0F,0xD8,0x0C,0xC0,0x7C,0xCE,0x3C,
0xD8,0x3F,0xF8,0x3D,0xD8,0x36,0xD8,0x36,0xD8,0x36,0xFC,0x33,0x3C,0x30,0xE6,0xFF,
/* 2481 */ 
0x00,0x00,0x30,0x0C,0x30,0x0C,0xFE,0x3F,0x30,0x6C,0xF0,0x66,0x78,0x67,0x3E,0x6E,
0x30,0xFB,0xBE,0xE3,0x80,0x01,0xFE,0x7F,0xC0,0x60,0xC0,0x60,0x60,0x60,0x3E,0x3E,
/* 2482 */ 
0x00,0x00,0x00,0x00,0xF8,0x3F,0x18,0x30,0xF8,0x3F,0x18,0x30,0x18,0x30,0xF0,0x1F,
0xFE,0xFF,0x80,0x01,0x98,0x01,0x98,0x7F,0xB8,0x01,0xF8,0x01,0xCC,0x01,0x87,0xFF,
/* 2483 */ 
0x00,0x00,0x00,0x06,0x1C,0x66,0xB6,0x3F,0x36,0x3E,0xF6,0xFF,0x36,0x67,0xF6,0x39,
0xF6,0xCF,0xB6,0xC1,0x36,0x7F,0xF6,0x7F,0xF6,0x60,0xFE,0x7F,0xC0,0x60,0xC0,0x7F,
/* 2484 */ 
0x00,0x00,0xC0,0x18,0xCC,0x18,0xDE,0xFF,0xFE,0x3D,0xFE,0x61,0x3E,0x60,0xFE,0xFF,
0xDE,0x36,0xDE,0x36,0xDE,0x36,0xFE,0x36,0xFE,0x7F,0x3E,0xDF,0x18,0x0E,0xF0,0xFF,
/* 2485 */ 
0x00,0x00,0x00,0x00,0xCC,0x7F,0x0C,0x06,0x18,0x06,0xE0,0xFF,0x0E,0x06,0x18,0x06,
0x18,0x06,0xD8,0x3F,0xD8,0x60,0xD8,0x60,0xD8,0x60,0xD8,0x3F,0x3C,0x00,0xE6,0xFF,
/* 2486 */ 
0x00,0x00,0x18,0x00,0x18,0x06,0x18,0x06,0x0C,0x06,0x0C,0x06,0xFC,0xFF,0x0E,0x06,
0x0E,0x06,0x0C,0x06,0x0C,0x06,0x0C,0x06,0x0C,0x06,0x0C,0x06,0x0C,0x06,0xEC,0x7F,
/* 2487 */ 
0x00,0x00,0x18,0x06,0x18,0x06,0xEC,0x7F,0x0C,0x06,0x0C,0x06,0xFC,0xFF,0x0E,0x18,
0x0E,0x18,0xFF,0xFF,0xCC,0x18,0x8C,0x19,0x8C,0x19,0x0C,0x1B,0x0C,0x18,0x0C,0x1F,
/* 2488 */ 
0x00,0x00,0x00,0x00,0xF8,0x7F,0x1E,0x63,0x7E,0x36,0x7C,0x1E,0x7C,0x0C,0x38,0x3E,
0xFE,0xEF,0xF8,0x0C,0xF8,0x7F,0x7C,0x0C,0xDC,0xFF,0x1E,0x0C,0x18,0x0C,0x18,0x0C,
/* 2489 */ 
0x00,0x00,0x00,0x03,0x0C,0x03,0x7C,0xFF,0xCC,0x0D,0xC6,0x0D,0x7E,0x7F,0x98,0xCD,
0x98,0xCD,0x98,0xCD,0x98,0xCD,0x98,0xCD,0x98,0xCD,0xD8,0xCD,0xF8,0xFD,0x30,0x00,
/* 2490 */ 
0x00,0x00,0x00,0x00,0xF8,0x3F,0x0C,0x03,0x0C,0x03,0x0C,0x03,0x0C,0x03,0xFC,0x7F,
0x0C,0x03,0x0C,0x03,0x0C,0x06,0x0C,0x06,0x0C,0x66,0x8C,0x6D,0xEC,0x6C,0x3C,0x78,
/* 2491 */ 
0x00,0x00,0x00,0x00,0x80,0x01,0x00,0x00,0xFE,0x7F,0x80,0x01,0xF8,0x3F,0x8C,0x61,
0x8C,0x61,0x8C,0x61,0x8C,0x61,0x8C,0x61,0x8C,0x61,0x8C,0x61,0x8C,0x6F,0x00,0x38,
/* 2492 */ 
0x00,0x00,0x00,0x00,0x0C,0x0C,0xCC,0x7F,0x0C,0x0C,0x3E,0x0C,0x3E,0x0C,0xFE,0xFF,
0x3F,0x30,0xEF,0xFF,0x0F,0x30,0x8C,0x31,0x0C,0x33,0x0C,0x36,0x0C,0x30,0x00,0x3E,
/* 2493 */ 
0x00,0x00,0xC0,0x00,0x80,0x01,0xFE,0x7F,0x06,0xC0,0x06,0xC0,0xFE,0xFF,0x60,0x0C,
0x60,0x18,0x30,0x30,0xE0,0x7F,0x80,0x01,0xFC,0x7F,0x80,0x01,0x80,0x01,0xFE,0xFF,
/* 2494 */ 
0x00,0x00,0x00,0x00,0x98,0x7F,0x98,0x61,0xBE,0x6D,0xB0,0x6D,0xB0,0x6D,0x98,0x6D,
0xB8,0x6D,0xFC,0x7D,0x9E,0x1D,0x18,0x1E,0x18,0x1E,0x18,0xDB,0x98,0xD9,0xF8,0xF8,
/* 2495 */ 
0x00,0x00,0x00,0x00,0x0C,0x78,0x18,0x78,0xF8,0xFF,0x00,0xD8,0x00,0x18,0x0E,0x18,
0xD8,0x1F,0x18,0x1B,0x18,0x1B,0x18,0x1B,0x78,0xDB,0x78,0xFF,0xF8,0xF1,0x00,0xE0,
/* 2496 */ 
0x00,0x00,0x00,0x00,0xB6,0x01,0xB6,0xFF,0xB6,0x31,0xB6,0x31,0xF6,0x31,0xF6,0x33,
0xF6,0x33,0x36,0x33,0x36,0x1E,0x36,0x1C,0x3E,0x0C,0x30,0x1E,0x30,0x73,0xC0,0xC1,
/* 2497 */ 
0x00,0x00,0x00,0x00,0x00,0x7F,0xFC,0x01,0x80,0x01,0x00,0x03,0xFC,0xFF,0x00,0x03,
0x00,0x03,0x00,0x03,0xFE,0xFF,0x00,0x06,0x00,0x06,0x00,0x03,0x00,0x03,0xF0,0x03,
/* 2498 */ 
0x00,0x00,0x30,0x00,0x70,0x18,0x60,0x0C,0xFE,0xFF,0x80,0x01,0xF8,0x3F,0x18,0x30,
0x18,0x30,0xF8,0x3F,0x18,0x30,0x18,0x30,0xF8,0x3F,0x18,0x30,0x18,0x30,0xF8,0x3F,
/* 2499 */ 
0x00,0x00,0x00,0x00,0x80,0x01,0xFE,0xFF,0x06,0xC0,0x06,0xD8,0x06,0xD8,0xFE,0xFF,
0x00,0x18,0x18,0x18,0x30,0x18,0x70,0x18,0x60,0x18,0xC0,0x18,0x00,0x18,0x80,0x0F,
/* 2500 */ 
0x00,0x00,0x80,0x01,0x80,0x01,0xFC,0x7F,0x80,0x01,0xFC,0x7F,0xC0,0x00,0xFE,0xFF,
0xC0,0x30,0x60,0x30,0xF0,0x7F,0xD8,0x30,0x8E,0x31,0x00,0x33,0x00,0x33,0x00,0x3E,
/* 2501 */ 
0x00,0x00,0x00,0x00,0xEC,0x7F,0x6C,0x66,0xCC,0x66,0xDE,0x36,0xCC,0xFF,0x6C,0xC0,
0x6C,0xC0,0xFC,0xFF,0x8E,0x31,0x0C,0x33,0x0C,0x1B,0x0C,0x0E,0x0C,0x1F,0xEF,0xF1,
/* 2502 */ 
0x00,0x00,0x80,0x01,0x30,0x03,0xF8,0xFF,0x18,0x03,0xFC,0x7F,0x1E,0x03,0xF8,0x7F,
0x18,0x03,0x18,0x03,0xF8,0xFF,0x00,0x00,0xFC,0x7F,0x0C,0x60,0x0C,0x60,0xF8,0x7F,
/* 2503 */ 
0x00,0x00,0x00,0x00,0xFC,0x3F,0x98,0x31,0x98,0x19,0xB0,0x19,0xFE,0xFF,0x06,0xC0,
0xFE,0xDF,0x36,0x78,0x30,0x18,0x60,0x0C,0xC0,0x06,0x80,0x03,0xE0,0x0E,0x3E,0xF8,
/* 2504 */ 
0x00,0x00,0x00,0x03,0xF0,0xFF,0x1B,0x03,0xFE,0x7F,0x7E,0x6E,0xF8,0x7F,0x78,0x6F,
0x78,0x66,0xDC,0x3F,0xEF,0x3F,0xCC,0x60,0x8C,0x31,0x0C,0x1F,0x0C,0x0F,0xFE,0xF9,
/* 2505 */ 
0x00,0x00,0x00,0x00,0x60,0x0C,0x60,0x06,0xFC,0x7F,0x8C,0x61,0xFC,0x7F,0x8C,0x61,
0x8C,0x61,0xF8,0x3F,0xFE,0xFF,0x00,0x00,0xF8,0x3F,0x18,0x30,0x18,0x30,0xF8,0x3F,
/* 2506 */ 
0x00,0x00,0x00,0x00,0xFE,0xFF,0x30,0x0C,0x00,0x06,0x3E,0x0C,0x60,0x7F,0x60,0x33,
0x30,0x63,0xB0,0xFF,0xF6,0x3F,0x36,0x3F,0x36,0x3F,0xB6,0xFD,0xFE,0xFD,0xCF,0xFC,
/* 2507 */ 
0x00,0x00,0x18,0x00,0x98,0xFF,0xD8,0x00,0xD8,0x63,0xFE,0x63,0xD8,0x36,0xFC,0x3C,
0xFC,0x18,0xFE,0x18,0xDE,0x3C,0xDB,0x6C,0xD8,0x66,0xD8,0xC3,0xD8,0x00,0x98,0xFF,
/* 2508 */ 
0x00,0x00,0x00,0x03,0x18,0x06,0xF8,0xFF,0x18,0x03,0x3E,0x33,0x9C,0x61,0xFC,0x60,
0xFC,0xFF,0x9E,0xF7,0x9E,0x37,0xDB,0x36,0xD8,0xF6,0xD8,0xF6,0xD8,0xF6,0x78,0xF6,
/* 2509 */ 
0x00,0x00,0x00,0x00,0x80,0x0D,0xFE,0x0D,0x98,0xFF,0xF8,0x0D,0xCC,0x0D,0xCC,0x0C,
0xEC,0xFF,0x6E,0x1C,0x78,0x1E,0x70,0x3E,0x30,0x6F,0x98,0x6D,0xCC,0xCC,0x06,0x0C,
/* 2510 */ 
0x00,0x00,0x18,0x00,0xD8,0xFF,0x18,0xC0,0xFE,0x71,0x18,0x1B,0x18,0x0E,0xD8,0x7F,
0x78,0xCC,0x38,0xCC,0x1E,0xCC,0x18,0x6C,0x18,0x0C,0x18,0x0C,0x18,0x0C,0xDE,0x0F,
/* 2511 */ 
0x00,0x00,0x18,0x0C,0x18,0x1E,0x7E,0x33,0x8C,0xE1,0xDC,0x7F,0x1C,0x00,0x9E,0xC7,
0xFE,0xDD,0x98,0xDF,0x98,0xDD,0xF8,0xDD,0xBE,0xDF,0x98,0xCD,0x98,0xCD,0x98,0xFF,
/* 2512 */ 
0x00,0x00,0x30,0x00,0x30,0x7F,0x30,0x66,0xF0,0x67,0x30,0x66,0x30,0x66,0xFE,0x67,
0x30,0x66,0x3C,0x3C,0xFC,0x3C,0xBC,0x19,0xB6,0x1D,0xB6,0x3D,0x36,0x66,0xBC,0xC3,
/* 2513 */ 
0x00,0x00,0x00,0x00,0x78,0xFF,0xCC,0x61,0x87,0x67,0xFC,0x3F,0x30,0x18,0x30,0x18,
0xFE,0xFF,0x30,0xD8,0x78,0xD8,0xCE,0xD9,0x86,0x79,0x86,0x19,0x86,0x19,0xFC,0x1F,
/* 2514 */ 
0x00,0x00,0x00,0x00,0xC6,0x7C,0xCC,0xCC,0x98,0xCF,0xC0,0x6C,0xC6,0x78,0xFC,0x7F,
0xD8,0x78,0xF0,0x7B,0xF8,0x7B,0xFC,0x36,0xFC,0x36,0xFC,0x7E,0xDE,0xCC,0xE6,0xC6,
/* 2515 */ 
0x00,0x00,0x00,0x0C,0x7E,0x0C,0xE0,0xFF,0x30,0x06,0x30,0x33,0x1E,0x63,0x9E,0x61,
0x9E,0xFF,0x7E,0xFF,0x1E,0x3F,0x9E,0x3D,0x9E,0xFD,0xDE,0xFD,0xFE,0xFD,0xCE,0xFC,
/* 2516 */ 
0x00,0x00,0x00,0x0C,0xC0,0x18,0xF8,0x7F,0xC0,0x78,0xC0,0x18,0xC0,0x18,0xC0,0x18,
0xFE,0x7F,0xC0,0x60,0xC0,0x60,0xC0,0x60,0xC0,0x60,0xC0,0x60,0xC0,0x60,0xC0,0x3E,
/* 2517 */ 
0x00,0x00,0x00,0x0C,0x3C,0x0C,0x66,0x7F,0x66,0x0C,0xFE,0xFF,0x7E,0xDB,0x7E,0xDE,
0xFE,0xDD,0x7E,0x1B,0x7E,0x1E,0xDC,0xFF,0x3C,0x3C,0x6C,0x66,0x66,0xC3,0xC0,0xC1,
/* 2518 */ 
0x00,0x00,0x30,0x00,0x30,0x0C,0xFC,0x3F,0xFC,0x6C,0xC6,0x6C,0xC6,0x6C,0xFC,0x6F,
0x00,0x6E,0xFC,0x6C,0x70,0x6C,0x30,0x7E,0xF0,0xFF,0x7E,0xF6,0x60,0xE3,0xFE,0xC1,
/* 2519 */ 
0x00,0x00,0x30,0x00,0xFE,0x0D,0x00,0x3F,0xFC,0x6C,0xCC,0x6F,0xFC,0x6E,0xFE,0x6E,
0x60,0x6C,0x70,0xFE,0xF8,0xFF,0xCE,0xFB,0x78,0xF3,0xF8,0x76,0xCC,0x66,0xCC,0xCC,
/* 2520 */ 
0x00,0x00,0x00,0x00,0x60,0x0C,0xFC,0x7F,0xF8,0x7F,0xCC,0x66,0xCC,0x66,0xF8,0x3F,
0xFC,0x3F,0x80,0x0D,0xFE,0xFF,0xC0,0x01,0x78,0x7F,0xFF,0x7F,0x30,0x60,0xF0,0x7F,
/* 2521 */ 
0x00,0x00,0x00,0x00,0xFC,0x7F,0x0C,0x60,0xFC,0x7F,0xFC,0x7F,0x80,0x61,0xFC,0x7F,
0x80,0x39,0xFE,0xFF,0x80,0x03,0xF0,0x3F,0x1F,0x60,0xF0,0x7F,0x18,0x60,0xF0,0x7F,
/* 2522 */ 
0x00,0x00,0x00,0x00,0xEC,0xFF,0x7E,0xDB,0x7E,0xDB,0xDE,0x7F,0x1E,0x66,0xDE,0x7F,
0x1E,0x36,0xFE,0xFF,0x1E,0x07,0xFE,0x7F,0xDE,0x60,0xDE,0x7F,0xDE,0x60,0x8C,0x7F,
/* 2523 */ 
0x00,0x00,0x00,0x00,0xFC,0x7F,0xCC,0xCC,0xFC,0x7F,0x80,0x61,0xFC,0x7F,0x80,0x19,
0xFE,0xFF,0x00,0x03,0xE0,0x3F,0x3C,0x60,0x36,0x60,0xF0,0x7F,0x30,0x60,0xF0,0x7F,
/* 2524 */ 
0x00,0x00,0x00,0x00,0xFC,0x7F,0xCC,0xCC,0xCC,0x6C,0xF8,0x3F,0xF8,0x7F,0x8C,0xC1,
0x86,0xC1,0xFC,0xDF,0x8C,0xD9,0x8C,0xD9,0xF8,0xCF,0x80,0xF1,0xE0,0xFF,0x3C,0x7C,
/* 2525 */ 
0x00,0x00,0x00,0x00,0xF8,0x3F,0x80,0x01,0xFE,0xFF,0xC0,0x07,0xF0,0x1D,0x9E,0x73,
0xC0,0x06,0xF0,0x1D,0x9C,0xFD,0xB6,0x1D,0xE0,0x07,0xE0,0x0F,0xB0,0x39,0xFC,0x61,
/* 2526 */ 
0x00,0x00,0xC0,0x00,0x7C,0x7E,0x06,0x60,0xFC,0x7F,0x06,0x60,0x06,0x60,0xFC,0x3F,
0x8E,0x31,0xBE,0x37,0xE6,0x3D,0x86,0x31,0xBE,0xFF,0xE6,0xF9,0xE6,0xF9,0xBC,0xEF,
/* 2527 */ 
0x00,0x00,0x00,0x00,0xFC,0x7F,0x0C,0x60,0xFC,0x7F,0xFC,0x3F,0x0C,0x03,0xFC,0x7F,
0x3C,0x63,0xEC,0x7F,0xFC,0x7F,0x1C,0xCF,0x1E,0xDB,0xFE,0xFF,0x1E,0xC0,0x1E,0x7C,
/* 2528 */ 
0x00,0x00,0x80,0x01,0x80,0x1D,0x80,0x31,0x80,0x01,0xFE,0xFF,0x80,0x03,0xC0,0x07,
0xE0,0x07,0xE0,0x0D,0xB0,0x19,0x98,0x31,0x8C,0x61,0x86,0xC1,0x80,0x01,0x80,0x01,
/* 2529 */ 
0x00,0x00,0x00,0x00,0x0C,0x3E,0x0C,0x76,0xF8,0xFF,0x18,0x06,0x00,0x1F,0x00,0x1F,
0x9E,0x37,0x98,0x37,0xD8,0x66,0x78,0x66,0x38,0x06,0x18,0x06,0x3C,0x06,0xE6,0xFF,
/* 2530 */ 
0x00,0x00,0x00,0x60,0x18,0x60,0x18,0x60,0xFE,0xFF,0x18,0x66,0x1C,0x66,0xDC,0x6F,
0xFC,0x7B,0xBE,0x7B,0x9E,0x7B,0x9B,0x7B,0xD8,0x73,0xD8,0x66,0x78,0x60,0x18,0x78,
/* 2531 */ 
0x00,0x00,0x00,0x00,0x80,0x01,0xFE,0xFF,0x80,0x01,0xF8,0x3F,0x8C,0x61,0x8C,0x61,
0x8C,0x61,0xFC,0x7F,0x98,0x33,0xC0,0x07,0xE0,0x0D,0xB0,0x19,0x9C,0x71,0x86,0xC1,
/* 2532 */ 
0x00,0x00,0x00,0x06,0x00,0x66,0xFC,0x7F,0x0C,0xC6,0x0C,0x06,0x0C,0x66,0x0C,0x36,
0x1C,0x36,0x3C,0x1E,0x6C,0x1E,0x66,0x8C,0x06,0x8E,0x86,0xDB,0xC6,0xF0,0x76,0xE0,
/* 2533 */ 
0x00,0x00,0x00,0x00,0xCC,0x7F,0xCC,0x66,0xCC,0x36,0xCC,0x1C,0xCC,0x1C,0xCC,0x77,
0xC0,0x01,0x80,0x01,0xFE,0xFF,0x30,0x18,0x30,0x0C,0x60,0x0C,0x60,0x0C,0xFE,0xFF,
/* 2534 */ 
0x00,0x00,0x00,0x00,0xFC,0x7F,0xB6,0x67,0xFC,0x3D,0xB6,0x19,0xFC,0xFF,0x30,0xD8,
0xFC,0x79,0xB0,0x79,0xF8,0x1E,0x0C,0x0F,0x00,0x03,0xF8,0x3F,0x00,0x03,0xFE,0xFF,
/* 2535 */ 
0x00,0x00,0x00,0x00,0x00,0x03,0xFC,0xFF,0x66,0x18,0x66,0x18,0x66,0x18,0xFC,0xFF,
0x66,0x18,0x66,0x18,0x66,0x18,0xC6,0x0F,0xF6,0x36,0xF6,0x6C,0x9E,0x6D,0x9E,0xCD,
/* 2536 */ 
0x00,0x00,0x00,0x00,0xEC,0x0D,0xEC,0x0D,0xEC,0xFC,0xFE,0x6F,0xF0,0x6E,0xFC,0x6F,
0x66,0x6C,0x30,0x6C,0xFE,0x39,0x98,0x39,0x8C,0x39,0xF8,0x78,0xE0,0x6C,0xBE,0xC7,
/* 2537 */ 
0x00,0x00,0x00,0x18,0xCE,0x0C,0xFC,0xFB,0xC0,0xDC,0xE0,0xFF,0xF6,0xF7,0xFC,0x33,
0xF8,0x33,0xF8,0x33,0xF8,0x33,0xD8,0x39,0xEC,0x7B,0xEC,0x6F,0xFC,0xCF,0xDE,0xC6,
/* 2538 */ 
0x00,0x00,0x00,0x00,0x30,0x7E,0xFE,0xC7,0x98,0xC7,0xCC,0xC6,0xCC,0xC6,0xDC,0xC6,
0x70,0xC6,0xF0,0xC7,0x1E,0x7C,0x78,0x33,0x78,0x63,0x6C,0x7E,0x6C,0xDE,0xE6,0xDF,
/* 2539 */ 
0x00,0x00,0x00,0x00,0xFC,0xDF,0x0C,0xDE,0x0C,0xDE,0xFC,0xDF,0xCC,0xD8,0xCC,0xD8,
0xFC,0xDF,0xDC,0xDE,0xDC,0xDE,0xDE,0xDE,0xDE,0xDE,0xDE,0xC6,0xDE,0xC7,0xC0,0xF8,
/* 2540 */ 
0x00,0x00,0x00,0x00,0xFE,0x7F,0x80,0x01,0xFC,0x7F,0xCC,0x66,0xCC,0x66,0xCC,0x66,
0xCC,0x77,0xC0,0x00,0xFE,0xFF,0x30,0x18,0x30,0x0C,0xE0,0x07,0x80,0x1F,0xFC,0xF0,
/* 2541 */ 
0x00,0x00,0x00,0x06,0x18,0x0C,0xF8,0xFF,0x18,0xC6,0xFC,0x7E,0x98,0x3F,0x18,0x3C,
0xB8,0x7F,0xD8,0xFF,0x7E,0xFE,0x18,0x0C,0xF8,0xFF,0x18,0x0C,0x18,0x0C,0x0E,0x0C,
/* 2542 */ 
0x00,0x00,0x80,0x01,0x80,0x01,0xFE,0xFF,0xF0,0x1F,0x18,0x30,0x0C,0x30,0xFE,0xFF,
0x0C,0x30,0xF8,0x3F,0xC0,0xE3,0x70,0x3E,0x3C,0x0C,0x36,0x18,0xB0,0x33,0xF0,0xE0,
/* 2543 */ 
0x00,0x00,0x00,0x00,0xFC,0x3F,0x8C,0x31,0x8C,0x31,0xFC,0x3F,0x8C,0x31,0x8C,0x31,
0x8C,0x31,0xFC,0x3F,0x8C,0x31,0x8C,0x31,0x8C,0xFF,0x86,0xF9,0x86,0xC1,0x86,0x7F,
/* 2544 */ 
0x00,0x00,0x00,0x0C,0x30,0x0C,0x36,0x0C,0xB6,0x7F,0xF6,0xCC,0xF6,0xCC,0xF6,0xCC,
0xF6,0xCC,0xF6,0xCC,0xF6,0xCC,0xF6,0xCC,0xF0,0xCC,0xD8,0xCC,0xCC,0xFC,0x0E,0x0C,
/* 2545 */ 
0x00,0x00,0x18,0x00,0x18,0x0E,0x18,0x1E,0x98,0x33,0xFC,0xE0,0x7C,0xC0,0xFC,0x7F,
0x3C,0x0C,0x7E,0x0C,0x1E,0x0C,0xDB,0x7F,0x18,0x0C,0x18,0x0C,0x18,0x0C,0xF8,0xFF,
/* 2546 */ 
0x00,0x00,0x18,0x00,0x18,0x1E,0x18,0x1B,0x98,0x71,0xFE,0xC0,0x78,0x00,0xD8,0x7F,
0x18,0x0C,0x38,0x0C,0x9E,0x7F,0x18,0x0C,0x18,0x0C,0x18,0x0C,0x18,0x0C,0xCE,0xFF,
/* 2547 */ 
0x00,0x00,0x00,0x00,0xFC,0x3F,0xFE,0xFF,0x86,0xC1,0xFE,0xFF,0x86,0xC1,0xFC,0x7F,
0x30,0x00,0xFE,0x7F,0x38,0x63,0x78,0x7F,0xFC,0x63,0xF6,0x7F,0x30,0x63,0x30,0x7F,
/* 2548 */ 
0x00,0x00,0x00,0x00,0x00,0x00,0xFE,0xFF,0xC0,0xC3,0xC0,0x63,0xCC,0x63,0xCC,0x63,
0x78,0x36,0x78,0x36,0x30,0x1E,0x70,0x1C,0x78,0x1C,0xCC,0x36,0x07,0x63,0xC0,0xC1,
/* 2549 */ 
0x00,0x00,0x80,0x01,0xFE,0xFF,0x80,0x61,0xEE,0x6F,0xB8,0x39,0xF8,0x7D,0xCE,0x67,
0xCC,0xCD,0xF8,0x79,0xB8,0x3B,0xEC,0x6F,0xC0,0x06,0xE0,0x0C,0x30,0x18,0x1E,0xF0,
/* 2550 */ 
0x00,0x00,0x00,0x03,0x0C,0x1B,0x98,0x19,0x80,0xFF,0xC0,0x19,0xC0,0x19,0xFE,0x19,
0x98,0xFF,0x98,0x19,0x98,0x19,0x98,0xFF,0xF8,0x19,0xB8,0x19,0xB8,0x19,0x98,0xFF,
/* 2551 */ 
0x00,0x00,0x00,0x00,0x00,0x03,0x00,0x03,0x00,0x63,0xFE,0x33,0xC0,0x1B,0xC0,0x0F,
0xC0,0x07,0x60,0x0F,0x30,0x1B,0x38,0x1B,0x0C,0x33,0x06,0xE3,0x00,0x03,0xF0,0x01,
/* 2552 */ 
0x00,0x00,0x00,0x00,0x1E,0x78,0xFE,0x0F,0x1E,0x06,0xFE,0xFF,0x9E,0x37,0x9E,0x37,
0x9E,0x37,0xFE,0xFF,0x9E,0x37,0x9E,0x37,0xFE,0xFF,0x1E,0x06,0x1E,0x06,0xFC,0xFF,
/* 2553 */ 
0x00,0x00,0x80,0x01,0xBC,0x31,0x1E,0x33,0x18,0x1B,0x98,0x7F,0xFE,0x60,0xD8,0x60,
0xFC,0x60,0xFC,0x7F,0x1E,0x1B,0x1E,0x1B,0x18,0x1B,0x18,0xDB,0x98,0xD9,0xF8,0xF8,
/* 2554 */ 
0x00,0x00,0x00,0x06,0x1E,0x06,0x36,0x1B,0x36,0x33,0xB6,0x61,0xF6,0x7C,0xB6,0x67,
0x36,0xDB,0x36,0x1B,0x36,0x1B,0x36,0x1B,0xB6,0xD9,0xB6,0xD9,0xDC,0xD8,0x70,0xF8,
/* 2555 */ 
0x00,0x00,0x00,0x00,0xDE,0x3F,0xDE,0x36,0x9E,0x37,0xDE,0xFF,0x7E,0xF0,0xFE,0xF3,
0xDE,0xFE,0xDE,0x3E,0xFE,0x3F,0xFE,0x3F,0x1E,0x3F,0x9E,0xF9,0xDE,0x30,0x0C,0x30,
/* 2556 */ 
0x00,0x00,0x00,0x00,0x80,0xFF,0x7E,0x0C,0x7E,0x0C,0xFE,0xFF,0xFE,0xC1,0xFE,0xCD,
0xFE,0xCD,0xFE,0xCD,0xFE,0xCD,0xFE,0xCD,0xFE,0xCD,0x7E,0x36,0x66,0x67,0x83,0xC3,
/* 2557 */ 
0x00,0x00,0x00,0x70,0xFC,0x1F,0x8C,0x61,0x18,0x33,0xFC,0xFF,0x06,0xC0,0xFE,0xD8,
0x9E,0xFF,0xCC,0x1E,0xDC,0x1B,0xF6,0x1B,0x60,0x1B,0x30,0xFE,0x1C,0x18,0x06,0x18,
/* 2558 */ 
0x00,0x00,0x00,0x00,0x8C,0x31,0x18,0x33,0x38,0x1B,0x80,0x7F,0xC0,0x60,0xDE,0x60,
0xD8,0x60,0x98,0x7F,0x18,0x1B,0x18,0x1B,0x78,0x1B,0xB8,0xD9,0xB8,0xD9,0xE0,0xF8,
/* 2559 */ 
0x00,0x00,0x00,0x00,0xFE,0xFF,0x18,0x0C,0x18,0x0C,0x8C,0x7F,0xFC,0xC1,0xEC,0xCD,
0xEE,0xCD,0xEF,0xCD,0xEC,0xCD,0xEC,0xCD,0x6C,0x1E,0x6C,0x36,0x6C,0x63,0xB8,0xC1,
/* 2560 */ 
0x00,0x00,0x00,0x00,0xCC,0xFE,0xD8,0xC6,0xFE,0xC7,0xB6,0xC7,0xB6,0xFF,0xB6,0xC7,
0xB6,0xC7,0xB6,0xC7,0xB6,0xFF,0xFC,0xC7,0x30,0xC6,0x18,0xC6,0x0C,0xC3,0x06,0xFB,
/* 2561 */ 
0x00,0x00,0x00,0x00,0x18,0x7F,0xF8,0x19,0xFE,0x19,0xBE,0x19,0xBE,0x19,0x9E,0x19,
0x9E,0xFF,0x18,0x18,0x18,0x7B,0x98,0x79,0xBC,0xD9,0xBC,0xD9,0xE6,0xD8,0xC6,0x0F,
/* 2562 */ 
0x00,0x00,0x0C,0x00,0x8C,0xE1,0xFE,0x3F,0x8C,0x07,0x8C,0x07,0xFC,0xFF,0x8C,0x37,
0xFC,0x37,0x8C,0x37,0x8C,0x37,0xFF,0x37,0x78,0x36,0xD8,0x36,0xCC,0x36,0x86,0x03,
/* 2563 */ 
0x00,0x00,0x00,0x00,0x6C,0xC3,0xFC,0x7F,0x6C,0x1B,0x7F,0x1B,0xEC,0xFB,0x6C,0x7B,
0x6C,0x7B,0xFC,0x7B,0x6C,0x7B,0x6E,0x7B,0xCC,0x7F,0x6C,0x7B,0x6C,0x6F,0x3E,0x6E,
/* 2564 */ 
0x00,0x00,0x00,0x00,0x6C,0x63,0xFE,0x3F,0x7E,0x0F,0x7E,0x0F,0xFE,0xFF,0x7E,0x6F,
0x7E,0x6F,0xFE,0x6F,0x7E,0x6F,0x7E,0x6F,0xFE,0x6F,0x7E,0x6F,0x7E,0x6F,0x30,0x6E,
/* 2565 */ 
0x00,0x00,0x00,0x00,0xFC,0x7F,0x8C,0x61,0x8C,0x61,0xFC,0x7F,0x8C,0x61,0x8C,0x61,
0xFC,0x7F,0x00,0x00,0x3C,0x33,0x3C,0x63,0x36,0x66,0x36,0xFE,0x36,0xD8,0xE0,0x1F,
/* 2566 */ 
0x00,0x00,0xC0,0x00,0x7E,0x0C,0x30,0x06,0x30,0x06,0xFE,0x06,0x30,0x06,0x38,0x06,
0x7C,0x33,0xFC,0x63,0xF6,0x63,0xB6,0x61,0xB3,0xC1,0xB0,0xF9,0xB0,0xCF,0x30,0x00,
/* 2567 */ 
0x00,0x00,0x00,0x00,0xFC,0x7F,0x00,0x60,0x00,0x60,0xFC,0x7F,0x00,0x60,0xFC,0x6F,
0x0C,0x6C,0x0C,0x6C,0x0C,0x6C,0x0C,0x6C,0x0C,0x6C,0xF8,0x67,0x00,0x60,0x00,0x7E,
/* 2568 */ 
0x00,0x00,0x30,0x00,0x30,0x0C,0x18,0x0C,0xD8,0x66,0xCC,0x66,0x6C,0x33,0x78,0x3F,
0x30,0x18,0x18,0x0C,0x18,0x0C,0xEC,0x66,0x38,0x3C,0x00,0x00,0x00,0x00,0xFE,0xFF,
/* 2569 */ 
0x00,0x00,0x00,0x00,0xFE,0xFF,0x30,0x06,0x30,0x06,0xF0,0xC7,0x98,0x67,0x8C,0x37,
0x9C,0x1F,0xB6,0x0F,0xF0,0x06,0xE0,0x06,0x60,0xC6,0x30,0xC6,0x18,0xC6,0x0E,0xFC,
/* 2570 */ 
0x00,0x00,0x00,0x0C,0x7C,0x0C,0x0C,0x7F,0x0C,0x6C,0xFC,0xFF,0x0C,0x6C,0x0C,0x6C,
0xBC,0x7F,0x0C,0x0C,0xFE,0xFF,0x0C,0x0C,0x6C,0x0C,0x6C,0x7F,0xFE,0x0C,0xCE,0x0C,
/* 2571 */ 
0x00,0x00,0x00,0x03,0x00,0x03,0xFC,0x7F,0x00,0x03,0x00,0x03,0x00,0x03,0xFC,0x7F,
0x00,0x18,0x00,0x18,0xFE,0xFF,0x30,0x18,0x60,0x18,0xC0,0x18,0x00,0x18,0xC0,0x1F,
/* 2572 */ 
0x00,0x00,0x00,0x00,0xFC,0xFF,0x86,0xC1,0x86,0xFF,0xFC,0xE1,0x00,0xC0,0xFC,0xFF,
0xFE,0xF7,0xFE,0xF7,0xFE,0xF7,0xFE,0xF7,0xFE,0xF7,0xFE,0xDD,0xFE,0xC1,0xFE,0xF9,
/* 2573 */ 
0x00,0x00,0x00,0x00,0xFC,0x7F,0xCC,0x66,0xCC,0x66,0xCC,0x66,0xCC,0x66,0xCC,0x66,
0xCC,0x66,0x6C,0x66,0x6C,0x66,0x3C,0x7C,0x0C,0x60,0x0C,0x60,0x0C,0x60,0xFC,0x7F,
/* 2574 */ 
0x00,0x00,0x18,0x00,0xF8,0xFF,0x18,0xC0,0x0C,0xC0,0xEC,0xDF,0x0C,0xC0,0xEE,0xDF,
0x6E,0xD8,0x6C,0xD8,0x6C,0xD8,0x6C,0xD8,0xEC,0xDF,0x0C,0xC0,0x0C,0xC0,0x0C,0x7E,
/* 2575 */ 
0x00,0x00,0x00,0x00,0xF8,0x01,0xF8,0x31,0x78,0x33,0x6C,0x36,0x6C,0x36,0x6E,0x3C,
0x6E,0x30,0x6C,0x30,0x6C,0x36,0x6C,0x36,0x6C,0x3B,0xCC,0x7D,0x0C,0xC6,0xCC,0xC3,
/* 2576 */ 
0x00,0x00,0x00,0x00,0x8C,0x7F,0x3C,0xC0,0x66,0xC0,0x66,0xDF,0x7B,0xC0,0x98,0xFF,
0x98,0xF1,0x98,0xF1,0x98,0xF1,0x98,0xF1,0x98,0xDF,0x18,0xC0,0x78,0xC0,0x38,0xFC,
/* 2577 */ 
0x00,0x00,0x00,0x00,0x00,0x00,0xFC,0x3F,0x0C,0x30,0x0C,0x30,0x0C,0x30,0x0C,0x30,
0xFC,0x3F,0x0C,0x00,0x0C,0x00,0x0C,0x00,0x0C,0xC0,0x0C,0xC0,0x0C,0xC0,0xFC,0x7F,
/* 2578 */ 
0x00,0x00,0x00,0x00,0x18,0x1E,0x18,0x33,0x18,0x33,0x3E,0x33,0x9C,0x61,0xBC,0x6D,
0xFC,0xCC,0x7E,0x06,0x1E,0x06,0x1B,0x33,0x18,0x33,0x98,0x61,0x98,0x71,0x18,0xDF,
/* 2579 */ 
0x00,0x00,0x00,0x0C,0x30,0x0C,0x60,0x0C,0xF0,0x1C,0x98,0x37,0x8E,0x63,0xC0,0xC0,
0xFC,0x7F,0x18,0x30,0xF8,0x3F,0x18,0x30,0xF8,0x3F,0x18,0x30,0xFE,0xFF,0x00,0x30,
/* 2580 */ 
0x00,0x00,0x00,0x00,0x30,0x00,0x30,0x0C,0x18,0x0C,0x18,0x1C,0x38,0x1C,0xEC,0x36,
0x8C,0x67,0x06,0xC3,0x80,0x01,0xEC,0x61,0x6C,0x63,0x6C,0xDB,0x66,0xDB,0xE6,0x0F,
/* 2581 */ 
0x00,0x00,0x00,0x00,0x78,0xFF,0x6C,0x18,0x6C,0x18,0x6C,0x7F,0xCC,0xC3,0xF6,0xDB,
0xDE,0xDB,0x98,0xDB,0x38,0xDB,0x6C,0xCF,0x6C,0xCF,0xC6,0x3C,0xFE,0x66,0x00,0xC3,
/* 2582 */ 
0x00,0x00,0x00,0x00,0xCC,0x60,0x8C,0x31,0x18,0x1B,0xC0,0x7F,0x0E,0x06,0x18,0x06,
0xF8,0xFF,0x18,0x06,0x18,0x06,0x18,0x1F,0x98,0x31,0xD8,0x60,0x7C,0x00,0xE6,0xFF,
/* 2583 */ 
0x00,0x00,0x00,0x00,0x80,0x01,0xFC,0xFF,0x06,0xC0,0x86,0xC1,0x86,0xC1,0x80,0x01,
0xFE,0xFF,0x80,0x03,0xC0,0x07,0xE0,0x0D,0xB0,0x19,0x98,0x31,0x8E,0xE1,0x80,0x01,
/* 2584 */ 
0x00,0x00,0x00,0x00,0x00,0x18,0x18,0x1B,0x30,0x33,0x80,0x31,0x80,0x61,0x9C,0x6D,
0xD8,0xCC,0x18,0x06,0x18,0x06,0x18,0x33,0x78,0x33,0xF8,0x61,0xB8,0x7F,0x00,0x00,
/* 2585 */ 
0x00,0x00,0x00,0x00,0xC0,0x7F,0x0C,0x30,0x18,0x1F,0x00,0x0C,0xC0,0x7F,0xDE,0xCC,
0xD8,0xCC,0xD8,0xFF,0xD8,0xCC,0xD8,0xCC,0xD8,0xFF,0xF8,0xCC,0xF8,0xCC,0xC0,0x7C,
/* 2586 */ 
0x00,0x00,0x00,0x0C,0x18,0x7F,0xD8,0xCD,0xD8,0xCC,0xFE,0xFF,0xD8,0xCC,0xD8,0xCC,
0xF8,0x7F,0x38,0x0C,0xDE,0x7F,0x98,0x61,0x18,0x33,0x18,0x1E,0x18,0x1E,0xFE,0xF3,
/* 2587 */ 
0x00,0x00,0x30,0x0C,0x18,0x7F,0xFC,0xCD,0xFC,0xCD,0xFC,0xFF,0xFC,0xCD,0xEC,0xCD,
0x6C,0x7F,0x7E,0x0C,0xFC,0xFF,0x7E,0x63,0x7E,0x76,0x7E,0x1C,0x76,0x3E,0xF8,0xE3,
/* 2588 */ 
0x00,0x00,0x00,0x00,0xF8,0x0D,0xD8,0x1F,0x98,0xF9,0xFC,0xDB,0x98,0xDB,0xD8,0xDF,
0xF8,0x7F,0x98,0x79,0x9E,0x79,0xF8,0x7F,0xD8,0x36,0xD8,0x33,0x98,0x7B,0xFE,0xCE,
/* 2589 */ 
0x00,0x00,0x80,0x19,0x9E,0x19,0xDE,0xFB,0x9E,0xD9,0xFE,0xFF,0xFE,0xFF,0xFE,0x37,
0xFE,0x37,0xFE,0x37,0xDE,0x33,0xDE,0x73,0xDE,0x7F,0xFE,0x7F,0xFE,0xCD,0xB0,0x8F,
/* 2590 */ 
0x00,0x00,0x00,0x00,0x30,0x0C,0xFE,0x7F,0x30,0x0C,0x00,0x00,0xFC,0x1F,0x60,0x30,
0x60,0x30,0x6C,0xF0,0x6C,0xF0,0x66,0xD8,0x36,0xD8,0x18,0x18,0x1C,0x18,0x06,0x1F,
/* 2591 */ 
0x00,0x00,0x00,0x00,0xFE,0xFF,0x3C,0x18,0x3C,0x18,0xFE,0x18,0xFE,0xFF,0xFE,0x1C,
0xFE,0x3C,0xFE,0x3C,0xEE,0x7E,0xC6,0x7E,0xFE,0xDB,0xC6,0xD9,0xC6,0x18,0x7E,0x18,
/* 2592 */ 
0x00,0x00,0x00,0x00,0x98,0x19,0xD8,0x70,0x78,0xE0,0x3C,0x0F,0x0C,0x1B,0xCE,0x31,
0x6E,0x60,0x3C,0xC0,0xEC,0x7F,0x6C,0x60,0x6C,0x60,0x6C,0x60,0x6C,0x60,0xCC,0x7F,
/* 2593 */ 
0x00,0x00,0x80,0x01,0xFC,0xFF,0x80,0x01,0xFC,0x7F,0x80,0x01,0xFE,0xFF,0xC0,0x0D,
0x70,0x06,0xF8,0x33,0x70,0x60,0xFC,0xFF,0x00,0xCF,0x30,0x1B,0x18,0x33,0xCE,0x61,
/* 2594 */ 
0x00,0x00,0x00,0x00,0x0C,0x06,0xEC,0xFF,0x18,0x06,0xE0,0x7F,0x60,0x66,0x7E,0x66,
0x78,0x66,0xD8,0x3F,0x18,0x1F,0x98,0x3F,0xD8,0x76,0x78,0xE6,0x3C,0x06,0xE6,0xFF,
/* 2595 */ 
0x00,0x00,0x00,0x00,0xFC,0xFF,0x60,0x06,0xFC,0x7F,0x66,0x66,0x66,0x66,0xFC,0x7F,
0xB8,0x31,0xF0,0x19,0xFE,0xFF,0x80,0x03,0xC0,0x07,0xF0,0x1D,0x9C,0x71,0x06,0xC0,
/* 2596 */ 
0x00,0x00,0x18,0x00,0xF8,0xFF,0x98,0x0D,0xEC,0x7F,0xBC,0xCD,0xBC,0xCD,0xEE,0x7F,
0x6E,0x66,0xCC,0x36,0x0C,0x06,0xEC,0x7F,0x0C,0x0F,0xCC,0x3F,0x6C,0x66,0x3C,0xC6,
/* 2597 */ 
0x00,0x00,0x80,0x01,0x98,0xFD,0xD8,0xCC,0xFE,0xCF,0xB6,0xFD,0xB6,0xCD,0xB6,0xCD,
0xFC,0xFD,0x30,0xC6,0x30,0xC7,0x98,0xF9,0x8E,0x01,0xFC,0x7F,0x80,0x01,0xFE,0xFF,
/* 2598 */ 
0x00,0x00,0x00,0x00,0x66,0x7B,0x6C,0xCF,0x60,0xCF,0xC0,0xCF,0xF6,0xCE,0xFC,0xFE,
0xF8,0xCE,0xF0,0xCE,0xF8,0xCE,0xFC,0xFF,0xCC,0xCC,0xC6,0xCC,0x66,0xC6,0x30,0xFE,
/* 2599 */ 
0x00,0x00,0x80,0x01,0x00,0x03,0xFE,0xFF,0x36,0xC0,0xFE,0xFF,0x18,0x06,0x0C,0x06,
0xCC,0x7F,0x6E,0x60,0x6C,0x60,0xCC,0x7F,0x6C,0x60,0x6C,0x60,0x6C,0x60,0xCC,0x3F,
/* 2600 */ 
0x00,0x00,0x00,0x00,0x0C,0x3F,0x98,0x01,0x80,0x01,0x80,0x01,0x9E,0x7F,0x98,0x31,
0x98,0x31,0x98,0x3D,0x98,0x39,0xD8,0x70,0xF8,0xF0,0xF8,0x30,0xD8,0x30,0x60,0x30,
/* 2601 */ 
0x00,0x00,0x00,0x00,0x80,0x01,0xFC,0x7F,0x80,0x61,0xFE,0xFF,0x80,0x61,0xFC,0x3F,
0x8C,0x31,0xEC,0x3D,0xEC,0x3D,0xEC,0x39,0xBC,0x39,0xBC,0x39,0x9C,0x31,0x06,0x00,
/* 2602 */ 
0x00,0x00,0x00,0x0C,0xFE,0x36,0x38,0x66,0x38,0xC3,0xFE,0xFF,0xFE,0x36,0xFE,0x63,
0xFE,0xC7,0xFE,0x7E,0xEE,0x67,0xC6,0x67,0xFE,0x3D,0xC6,0x18,0xC6,0x3C,0xFE,0xE7,
/* 2603 */ 
0x00,0x00,0x00,0x00,0x30,0x18,0xFE,0xFF,0x30,0x18,0x00,0x00,0x7C,0x7C,0x00,0x00,
0xFE,0xFF,0x30,0x18,0x3C,0x7E,0xFC,0x7E,0xFC,0xDB,0xF6,0xDB,0xB6,0xDB,0x3C,0x1E,
/* 2604 */ 
0x00,0x00,0x18,0x06,0x18,0x06,0xFC,0xFF,0x66,0x33,0xF8,0x3F,0x0C,0x60,0xFC,0x7F,
0x0C,0x60,0xFC,0x7F,0xFC,0x7F,0x78,0x3C,0x60,0x0C,0xFE,0xFF,0x30,0x0C,0x1C,0x0C,
/* 2605 */ 
0x00,0x00,0x00,0x00,0xF8,0x3F,0x0C,0x30,0x0C,0x30,0xF8,0x3F,0x80,0x01,0xF8,0x1F,
0x8C,0x71,0x8C,0x61,0x8C,0x61,0xFC,0x3F,0x98,0x01,0x80,0x61,0x80,0xFF,0xFC,0xC0,
/* 2606 */ 
0x00,0x00,0x00,0x06,0x3E,0x03,0xF6,0x7F,0x36,0x7F,0x9E,0x0D,0xDE,0x0C,0xFE,0x7F,
0x9E,0x7F,0xB6,0x61,0xB6,0x7F,0xB6,0x61,0xBE,0x7F,0x86,0x61,0x86,0x61,0x86,0x79,
/* 2607 */ 
0x00,0x00,0x00,0x00,0x7E,0x06,0xFE,0xFF,0xDE,0x06,0x1E,0x03,0x9E,0x7F,0xFE,0x63,
0xDE,0x63,0xDE,0x7F,0xF6,0x63,0xF6,0x7F,0xDE,0x63,0xC6,0x63,0xE6,0x7B,0xB6,0xFF,
/* 2608 */ 
0x00,0x00,0x00,0x00,0x18,0x70,0x98,0xDF,0x0C,0xC6,0xEC,0x6D,0x36,0x6F,0x1E,0x33,
0x18,0x06,0xCC,0xFF,0x06,0x33,0xBE,0x31,0x80,0x1B,0x70,0x1E,0x1E,0x3E,0xC0,0xE3,
/* 2609 */ 
0x00,0x00,0x00,0x0C,0xFC,0x0C,0xB6,0x7F,0xBE,0x7F,0xFE,0x1E,0xFE,0xFF,0xE6,0x01,
0xBC,0x7F,0xB6,0xC7,0xBE,0xFF,0xB6,0xFF,0xBE,0xC7,0xB6,0xC7,0xB6,0x67,0xFE,0xFF,
/* 2610 */ 
0x00,0x00,0x00,0x00,0x7E,0x0C,0xD8,0xFF,0x8C,0x31,0x8C,0x31,0x8C,0x31,0xBC,0x7B,
0xFE,0x7E,0xFE,0xCC,0xFF,0x0C,0xFC,0xFF,0x3C,0x0C,0x3C,0x0C,0x3C,0x0C,0x3C,0x0C,
/* 2611 */ 
0x00,0x00,0x00,0x00,0x0C,0x63,0x0C,0x63,0x0C,0x63,0xFC,0x7F,0xC0,0x00,0xE0,0x3F,
0x70,0x60,0x78,0x60,0xCC,0x30,0x80,0x31,0x00,0x1B,0x00,0x0E,0x00,0x07,0xFC,0x01,
/* 2612 */ 
0x00,0x00,0x00,0x0C,0xFC,0xFF,0x1E,0x0C,0x98,0x7F,0xD8,0x6C,0xFE,0x7F,0xD8,0x6C,
0xBC,0x7F,0x7C,0x6C,0xDE,0xFF,0x1E,0xC6,0xD8,0x6F,0x78,0xFF,0x78,0xFF,0x18,0x3F,
/* 2613 */ 
0x00,0x00,0x00,0x00,0xC6,0x18,0x8C,0x0D,0xFC,0xFF,0x18,0x03,0x80,0x63,0xE6,0x36,
0x3C,0x1F,0x98,0x0D,0xF8,0x3E,0x18,0x6F,0xD8,0xCD,0xF8,0x0D,0x3C,0x07,0xE6,0xFF,
/* 2614 */ 
0x00,0x00,0x00,0x63,0x7E,0x33,0x7E,0x36,0xDE,0xFF,0x1E,0x0E,0x7E,0xCF,0xDE,0x7D,
0xDE,0x3E,0xDE,0x1B,0xDE,0x3C,0xDE,0x7E,0xCE,0xDB,0xE6,0x1B,0xF6,0x0E,0x9E,0xFF,
/* 2615 */ 
0x00,0x00,0x00,0x03,0x0C,0x63,0x0C,0x63,0xFC,0xFF,0x0C,0xC3,0x0C,0xC3,0xF8,0x7F,
0xFC,0x7F,0x00,0x00,0x00,0x00,0xFE,0xFF,0x60,0x1B,0x30,0x33,0x1C,0x63,0x76,0xC3,
/* 2616 */ 
0x00,0x00,0x00,0x00,0x7C,0x0C,0x60,0x0C,0x30,0x0C,0x18,0x0F,0x18,0x6F,0x98,0x6D,
0xF8,0x6D,0xBC,0x6D,0xB6,0x6D,0xB0,0xCD,0xF0,0xCC,0xF0,0xCC,0xF0,0x0C,0xBE,0x0F,
/* 2617 */ 
0x00,0x00,0x00,0x00,0x98,0x7F,0xD8,0x60,0xD8,0x60,0xFE,0x3F,0x18,0x00,0xD8,0x7F,
0xF8,0x6C,0xF8,0x6C,0xDF,0x6C,0xD8,0x66,0xD8,0x66,0x18,0x7E,0x98,0x73,0xFE,0xC0,
/* 2618 */ 
0x00,0x00,0x18,0x06,0x0C,0x06,0xFC,0xFF,0x66,0x1B,0xE0,0x31,0xFC,0x7F,0x80,0x61,
0x80,0x61,0xFE,0xFF,0x80,0x61,0xFC,0x7F,0x80,0x01,0xC0,0x00,0xE0,0x00,0x3E,0x00,
/* 2619 */ 
0x00,0x00,0x30,0x18,0x30,0x18,0xFC,0x7F,0xB0,0x19,0xFE,0xFF,0x00,0x00,0xF8,0x3F,
0x0C,0x30,0xFC,0x7F,0x18,0x30,0xF0,0x7F,0x70,0x36,0x3C,0x1C,0xB6,0x39,0xF0,0xE0,
/* 2620 */ 
0x00,0x00,0x18,0x06,0x18,0x33,0x18,0x33,0x98,0x61,0xFC,0xFF,0x18,0x3B,0xBC,0x61,
0xBC,0xC3,0xFE,0x03,0x9E,0x7F,0xDB,0x63,0xF8,0x36,0x18,0x1C,0x18,0x3E,0xD8,0xE3,
/* 2621 */ 
0x00,0x00,0x00,0x06,0x1C,0x03,0x36,0x33,0xB6,0x61,0xF6,0x7F,0x36,0x1B,0xB6,0x71,
0xF6,0xE3,0x76,0x3F,0xB6,0x31,0xF6,0x33,0x76,0x3E,0x36,0x1E,0x3E,0x1E,0xE0,0xF3,
/* 2622 */ 
0x00,0x00,0x00,0x06,0x18,0x0C,0xCC,0xFF,0x6C,0xC0,0xB6,0xC1,0xB6,0x7F,0x9E,0x0D,
0xD8,0x7E,0xEC,0x63,0xE6,0x63,0xFE,0x63,0xC0,0x7F,0xC0,0x63,0xFC,0x63,0x06,0x7E,
/* 2623 */ 
0x00,0x00,0x00,0x00,0x80,0xCD,0x7E,0x6F,0x18,0x3F,0x98,0x7F,0xD8,0xC0,0xFE,0xCC,
0xD8,0xCC,0xD8,0xCC,0xD8,0xCC,0xD8,0xC6,0x78,0xC6,0x3C,0x1E,0x06,0x73,0xE0,0xC1,
/* 2624 */ 
0x00,0x00,0x80,0x01,0x80,0x01,0xFE,0x7F,0x80,0x01,0xFE,0xFF,0xC6,0xC0,0x66,0xCE,
0xF6,0xDB,0x80,0x31,0xF0,0x60,0xFC,0xFF,0xB0,0xDD,0xB8,0x39,0x98,0x31,0xEE,0x61,
/* 2625 */ 
0x00,0x00,0x0C,0x0C,0x8C,0x6D,0xFC,0x6F,0x06,0x3F,0x86,0x7F,0x80,0xC1,0xBC,0xCD,
0x98,0xCD,0x98,0xCD,0xFE,0xCD,0x98,0xCD,0x98,0xC7,0x18,0x36,0x38,0x63,0xF8,0xC1,
/* 2626 */ 
0x00,0x00,0x00,0x00,0xFC,0x7F,0x0C,0x06,0x0C,0x06,0xFC,0x06,0xCC,0xFE,0xCC,0x66,
0xCC,0x66,0xCC,0x66,0xFC,0x63,0x0C,0x63,0x0C,0x63,0x06,0x63,0x86,0x61,0xC6,0x60,
/* 2627 */ 
0x00,0x00,0x00,0x00,0xEC,0x7F,0x6C,0x60,0xEC,0x7F,0x7E,0x60,0xEC,0x7F,0x0C,0x00,
0xEC,0x7D,0x0C,0xC7,0x6C,0xCE,0xFC,0xDE,0x9C,0xE7,0xC6,0xFE,0x70,0xCE,0xC0,0xFF,
/* 2628 */ 
0x00,0x00,0x30,0x00,0xF0,0x00,0xD8,0x06,0xD8,0x7E,0xD8,0x6E,0xCC,0x67,0xFE,0x66,
0xCE,0x66,0xCC,0x66,0xCC,0x66,0xCC,0x7E,0xCC,0xC0,0xCC,0xC0,0xCC,0xC0,0xC0,0xFF,
/* 2629 */ 
0x00,0x00,0x80,0x01,0x80,0x01,0xFC,0xFF,0x06,0xC0,0x1E,0xC0,0x1E,0xC0,0x18,0x18,
0x18,0x0E,0x18,0x03,0xF8,0x01,0x38,0x00,0x18,0x00,0x18,0xC0,0x18,0xC0,0xF0,0x7F,
/* 2630 */ 
0x00,0x00,0x00,0x0C,0x0C,0x0C,0x8C,0x6D,0xBE,0x7D,0xEC,0x6F,0xEC,0x6F,0xB6,0x6D,
0xB6,0x6D,0xB6,0x6D,0xBE,0x7D,0xBC,0xCD,0x98,0xCD,0xB8,0xC1,0xEC,0xC1,0x86,0x7F,
/* 2631 */ 
0x00,0x00,0x00,0x00,0x8C,0x31,0xEC,0xFF,0x8C,0x31,0xBE,0x3F,0x0C,0x1B,0x8C,0x31,
0xEC,0x60,0x8C,0xFF,0x0C,0x00,0xCC,0x7F,0xFC,0x60,0xDC,0x60,0xC7,0x60,0xC0,0x7F,
/* 2632 */ 
0x00,0x00,0x00,0x18,0xDE,0x78,0xFE,0x6F,0xCC,0x6D,0xEE,0xFF,0xFE,0xDF,0xF8,0xFF,
0xF8,0xFF,0xFC,0xFF,0xFC,0xFF,0xDE,0xFD,0xF8,0xFF,0xF8,0xFE,0xF8,0xD8,0x1E,0xCE,
/* 2633 */ 
0x00,0x00,0x00,0x00,0x00,0x18,0xCC,0x18,0x8C,0x19,0x1C,0xFF,0x0C,0x18,0xEC,0x18,
0xFC,0x3C,0xD8,0x3C,0xCE,0x6C,0xCC,0x66,0xCC,0xC6,0xCC,0xC3,0xCC,0x01,0x7E,0xFF,
/* 2634 */ 
0x00,0x00,0x00,0x00,0xBC,0x7F,0xB6,0x61,0xB6,0x7F,0xB6,0x61,0xBE,0x7F,0x18,0x00,
0x9E,0xFF,0xDE,0xDE,0xFE,0xF6,0x9E,0xE7,0x1E,0xF7,0xFE,0xF7,0xFE,0xDE,0x00,0xF7,
/* 2635 */ 
0x00,0x00,0x00,0x00,0x7C,0x0C,0xE6,0xCF,0x66,0x7E,0x66,0x3E,0x66,0x6F,0xBC,0xCD,
0xD8,0x8F,0x1E,0x00,0xF6,0x7F,0x9E,0x61,0x9E,0x7F,0x9E,0x61,0xF6,0x61,0x9E,0x7F,
/* 2636 */ 
0x00,0x00,0x00,0x00,0x3C,0x06,0x66,0x33,0x66,0x33,0xE6,0x61,0xFE,0x61,0xE6,0xFF,
0x66,0xC0,0xE6,0x7F,0xFE,0x60,0xE6,0x60,0xE6,0x60,0xE6,0x60,0xE6,0x60,0xBB,0x7F,
/* 2637 */ 
0x00,0x00,0x00,0x00,0x30,0x18,0xFE,0xFF,0x30,0x18,0x60,0x18,0x60,0x18,0x30,0x30,
0x18,0x60,0xFC,0x7F,0x00,0xC0,0xF8,0x7F,0x0C,0x60,0x0C,0x60,0x0C,0x60,0xF8,0x7F,
/* 2638 */ 
0x00,0x00,0x00,0x00,0x18,0x03,0x18,0x33,0x98,0x31,0xBE,0x61,0xD8,0x60,0xD8,0xFF,
0x78,0xC0,0xB8,0x7F,0xDC,0x60,0xDE,0x60,0xD8,0x60,0xD8,0x60,0xD8,0x60,0xDE,0x7F,
/* 2639 */ 
0x00,0x00,0x80,0x01,0xC0,0x00,0x60,0x0C,0x30,0x18,0x18,0x30,0x0C,0x7E,0xFE,0xC3,
0x00,0xC0,0xF8,0x3F,0x0C,0x30,0x0C,0x30,0x0C,0x30,0x0C,0x30,0x0C,0x30,0xF8,0x3F,
/* 2640 */ 
0x00,0x00,0x00,0x00,0xFC,0x7F,0x80,0x01,0x80,0x01,0xFC,0x7F,0xC0,0x00,0xFE,0xFF,
0xE0,0x19,0x38,0x33,0x3C,0x7B,0x66,0xCF,0xC0,0x03,0x70,0x1F,0x1E,0x33,0xE0,0xE1,
/* 2641 */ 
0x00,0x00,0x00,0x00,0x00,0x18,0xFE,0x19,0x78,0xFF,0x78,0x18,0xFE,0x1C,0xFE,0x1C,
0xEE,0x1C,0xEE,0x3C,0xEE,0x3E,0xC6,0x3E,0xFE,0x7E,0xC6,0x7B,0xC6,0xDB,0xFC,0xC1,
/* 2642 */ 
0x00,0x00,0x00,0x00,0x80,0x01,0x80,0x01,0x80,0x01,0xFE,0xFF,0x80,0x03,0x80,0x03,
0x80,0x03,0xC0,0x06,0xC0,0x06,0xE0,0x0D,0xE0,0x19,0x30,0x33,0x1C,0x66,0x06,0xC6,
/* 2643 */ 
0x00,0x00,0x00,0x00,0x80,0x01,0xFE,0xFF,0x80,0x03,0xC0,0x06,0xE0,0x0D,0xB8,0x39,
0x0F,0xE3,0x00,0x00,0x6C,0x33,0x6C,0x63,0x6C,0x7E,0x6C,0xDE,0x66,0xD8,0xE6,0x1F,
/* 2644 */ 
0x00,0x00,0x00,0x06,0x06,0x06,0x0C,0x06,0x38,0x06,0xE0,0xFF,0x06,0x06,0x0C,0x0E,
0x18,0x0F,0x00,0x0F,0x30,0x1B,0x98,0x1B,0x98,0x37,0xCC,0x66,0x66,0x6C,0x36,0xCC,
/* 2645 */ 
0x00,0x00,0x00,0x00,0x98,0x7F,0x98,0x61,0x98,0x67,0xFE,0x6D,0x98,0x6D,0x98,0x6D,
0x98,0x61,0xD8,0xFF,0x98,0x61,0x98,0x61,0xF8,0x61,0xDE,0x60,0xC0,0x60,0x60,0x7C,
/* 2646 */ 
0x00,0x00,0x0C,0x00,0x0C,0x3C,0xEC,0x3C,0xBE,0xFF,0x8C,0x37,0x8C,0x37,0xEC,0xFF,
0xFC,0x37,0xDC,0x36,0xCE,0x36,0xEC,0xFF,0xEC,0x37,0xBC,0x37,0x3C,0x37,0x0E,0xFE,
/* 2647 */ 
0x00,0x00,0x80,0x03,0xC0,0x06,0xF8,0x3D,0x0E,0xE3,0xF8,0x0F,0x00,0x38,0x00,0x1E,
0xE0,0x03,0xF8,0x3F,0x98,0x31,0x98,0x31,0x98,0x31,0xD8,0x3E,0xE0,0x18,0x3C,0x70,
/* 2648 */ 
0x00,0x00,0x00,0x03,0x00,0x03,0xFE,0x7F,0x1E,0x1C,0xFE,0x37,0x9E,0xFF,0x98,0x37,
0xB8,0x37,0xF8,0xFE,0xDF,0x36,0xD8,0x36,0xEC,0xFF,0xEC,0x37,0x3C,0x36,0x1E,0xFE,
/* 2649 */ 
0x00,0x00,0x00,0x00,0x06,0x3E,0xFC,0xFE,0x98,0x37,0xB0,0x37,0xB0,0x37,0xEE,0xFF,
0xEC,0x36,0xC0,0x36,0xCC,0x36,0xEC,0xFF,0xEC,0x37,0xB6,0x37,0x36,0xFF,0x06,0x06,
/* 2650 */ 
0x00,0x00,0x00,0x00,0xC0,0x7F,0x0C,0x00,0x0C,0x00,0x0C,0x00,0x3E,0x00,0xEC,0xFF,
0x0C,0x06,0x0C,0x03,0x0C,0x33,0x8C,0x31,0xBC,0x61,0xD8,0x60,0xCE,0xFE,0xE0,0xC3,
/* 2651 */ 
0x00,0x00,0x00,0x06,0x00,0x06,0xEC,0xFF,0x8C,0x3F,0xFE,0x60,0x7C,0xDF,0xFC,0xF1,
0x7E,0xDF,0xCE,0x7F,0x8E,0x3F,0xCC,0x60,0xCC,0x7F,0xCC,0x60,0xCC,0x7F,0xE0,0xFF,
/* 2652 */ 
0x00,0x00,0x00,0x03,0x00,0x03,0xFE,0xFF,0xDE,0x66,0xDE,0x36,0x7E,0x36,0x1C,0x1F,
0x98,0x31,0xFC,0xE6,0xDE,0x06,0xD8,0x36,0x78,0x1E,0x0C,0x0F,0x8C,0x19,0xF6,0xF0,
/* 2653 */ 
0x00,0x00,0x00,0x00,0xF6,0xFF,0xCC,0x3F,0xF8,0xF9,0xB0,0xD9,0xE6,0x7F,0xCC,0x3F,
0x78,0x60,0xE0,0x7F,0x78,0x60,0xF8,0x7F,0x0C,0x06,0xFC,0xFF,0x06,0x06,0x06,0x06,
/* 2654 */ 
0x00,0x00,0x00,0x00,0xEC,0xFF,0x18,0x1B,0xD8,0xFF,0x60,0xDB,0xC6,0xFF,0x1C,0x00,
0xD8,0x7F,0xD8,0x60,0xD8,0x7F,0xD8,0x7F,0x98,0x0D,0xF8,0xFF,0x38,0x0C,0x00,0x0C,
/* 2655 */ 
0x00,0x00,0x00,0x0C,0x80,0x0D,0x8C,0x6D,0x98,0x6D,0x00,0x3C,0x06,0x3E,0x9C,0x63,
0xF8,0xCC,0x98,0x6D,0x98,0x6D,0x98,0x6D,0x98,0x0F,0x78,0x1E,0x38,0x33,0xF8,0xE1,
/* 2656 */ 
0x00,0x00,0x00,0x00,0x98,0x7F,0xD8,0x60,0xD8,0x60,0xD8,0x60,0xFE,0x60,0xD8,0x7F,
0xD8,0x60,0xD8,0x60,0xD8,0x60,0xD8,0x60,0xF8,0x3F,0x1C,0x00,0x06,0x00,0xE0,0xFF,
/* 2657 */ 
0x00,0x00,0x00,0x00,0xF8,0x6D,0x9E,0x6D,0x98,0x3D,0x18,0x3E,0x78,0x3E,0x9E,0x63,
0xD8,0xCC,0x18,0x6C,0xFC,0x3D,0x98,0x3F,0x18,0x1E,0x98,0xB3,0xF8,0xE0,0xF8,0xFF,
/* 2658 */ 
0x00,0x00,0x0C,0x00,0x8C,0x7F,0x98,0x61,0x80,0x61,0xBC,0x61,0xB0,0x61,0xF8,0x7F,
0xB8,0x61,0xBC,0x61,0xEE,0x61,0x8C,0x61,0x8C,0x61,0x0C,0x3F,0x0C,0x00,0xC0,0xFF,
/* 2659 */ 
0x00,0x00,0x00,0x0C,0xC0,0xCC,0xFC,0xCC,0xCC,0xCC,0x8C,0x7F,0x8C,0x01,0xFC,0xFF,
0xBE,0x19,0xBF,0x7B,0xBC,0x7B,0xFC,0x7B,0xFC,0x1C,0xFC,0x3C,0x7C,0x66,0xE0,0xC3,
/* 2660 */ 
0x00,0x00,0x00,0x00,0x98,0xFF,0xD8,0xC0,0xD8,0xF3,0xFE,0xF3,0x98,0x61,0xD8,0x0C,
0xD8,0xFF,0x78,0x0C,0x1C,0x1E,0x1E,0x1F,0x98,0x3F,0xD8,0x6D,0x78,0xCC,0x1E,0x0C,
/* 2661 */ 
0x00,0x00,0x00,0x00,0xC0,0x3F,0xBE,0xE1,0xB6,0xC1,0xB6,0x61,0xB6,0x61,0x36,0x63,
0x36,0x33,0x36,0x33,0x36,0x1E,0x36,0x0E,0x36,0x0C,0x36,0x1F,0xBE,0x71,0xE0,0xC0,
/* 2662 */ 
0x00,0x00,0x00,0x03,0x0C,0x03,0x0C,0x63,0xF8,0x7F,0x18,0x00,0xFE,0xFF,0x18,0x03,
0x78,0x33,0x78,0x33,0x78,0x36,0x6C,0x1F,0x8C,0x0D,0x8C,0x19,0xE6,0x30,0x3F,0xE0,
/* 2663 */ 
0x00,0x00,0x00,0x00,0xCC,0x3F,0x18,0x38,0x30,0x0C,0x00,0x07,0xC6,0x01,0xCC,0xFF,
0x18,0xDB,0x00,0xDB,0xB0,0xD9,0x98,0xCD,0xD8,0xCC,0x6C,0xC6,0x3C,0xC7,0x86,0x79,
/* 2664 */ 
0x00,0x00,0x00,0x06,0x0C,0x0C,0xCC,0xFF,0x6C,0x0C,0xEC,0x7F,0x7E,0x6C,0xEC,0xFF,
0x6C,0x6C,0xEC,0x7F,0x6C,0x0C,0xEC,0x7F,0xFC,0x61,0xFC,0x61,0xB6,0x61,0xB0,0x7F,
/* 2665 */ 
0x00,0x00,0x18,0x06,0x18,0x0C,0xD8,0xFF,0xFE,0x0C,0xD8,0x7F,0xD8,0x6C,0xD8,0xFF,
0xD8,0x6C,0xF8,0x7F,0xDC,0x0C,0xFE,0x7F,0xF8,0x61,0xF8,0x61,0xF8,0x61,0xBE,0x7F,
/* 2666 */ 
0x00,0x00,0x80,0x01,0x98,0x31,0xB0,0x19,0xFE,0x7F,0x06,0xC0,0xF6,0xDF,0x1E,0xF0,
0x18,0x30,0x18,0x30,0xF0,0x1F,0x00,0x03,0xFC,0x7F,0x00,0x03,0x00,0x03,0xFE,0xFF,
/* 2667 */ 
0x00,0x00,0x00,0x00,0x98,0x31,0xB0,0x19,0xFE,0xFF,0x06,0xC0,0xFE,0xFF,0x1E,0xF0,
0x18,0x30,0xF0,0x1F,0x80,0x01,0xFE,0xFF,0xC0,0x07,0xE0,0x0F,0xB8,0x39,0x0E,0xE0,
/* 2668 */ 
0x00,0x00,0x00,0x00,0xBC,0x6D,0xB6,0x3D,0xB6,0x7F,0xF6,0xC0,0xFE,0xFF,0xF6,0xF1,
0xB6,0x31,0xB6,0x31,0x3E,0x1F,0x36,0x0C,0xF6,0x7F,0x36,0x0C,0x36,0x0C,0xFF,0xFF,
/* 2669 */ 
0x00,0x00,0x80,0x01,0x00,0x03,0xFC,0xFF,0x06,0x03,0xFE,0x7F,0x06,0x63,0xFE,0xFF,
0x06,0x63,0xF6,0x7F,0x06,0x03,0xE6,0x1F,0x3E,0x70,0x1E,0x60,0x1E,0x60,0xF3,0x7F,
/* 2670 */ 
0x00,0x00,0x00,0x00,0x18,0x0C,0xFE,0x7F,0xFE,0x0C,0xFE,0x7E,0xFC,0x6C,0xD8,0xFF,
0xFE,0x6C,0xD8,0x7F,0xFC,0x0C,0xFC,0x7F,0xFE,0xC3,0xD8,0xC3,0x78,0xC3,0x78,0x7F,
/* 2671 */ 
0x00,0x00,0x18,0x06,0x18,0x06,0x6C,0x66,0xCC,0x36,0x8C,0x1F,0xCC,0x3F,0x6E,0x60,
0x3E,0x60,0xBF,0x7F,0xBC,0x79,0xBC,0x79,0xBC,0x79,0xBC,0x7F,0x3C,0x60,0x0C,0x78,
/* 2672 */ 
0x00,0x00,0x18,0x00,0x18,0x0C,0xFC,0x6D,0x66,0x6F,0x7E,0x3F,0x66,0x7F,0xE6,0xC1,
0xFE,0xC1,0xE6,0xFF,0xFE,0xF7,0xF0,0xF7,0xF8,0xF7,0xEC,0xFF,0xE7,0xC1,0xF8,0xF1,
/* 2673 */ 
0x00,0x00,0x00,0x00,0x06,0x66,0xDC,0x66,0xD8,0x36,0x80,0x3F,0xC0,0x7F,0x6E,0xC0,
0x7C,0xDF,0xE0,0xF1,0xF8,0xF1,0xF8,0xF1,0xEC,0xF1,0x6C,0xDF,0x66,0xC0,0x66,0xF8,
/* 2674 */ 
0x00,0x00,0x00,0x0C,0x98,0x0D,0x7C,0x6F,0x18,0x3F,0x98,0x7F,0xFE,0xC1,0x98,0xFF,
0x9C,0xF3,0x9C,0xF3,0xFC,0xF3,0x9E,0xF3,0x9C,0xFF,0x9E,0xC1,0xB6,0x71,0xE6,0xFF,
/* 2675 */ 
0x00,0x00,0x00,0x00,0xD8,0x1F,0x30,0x0E,0x86,0x03,0x8C,0xFF,0x18,0xDB,0xB0,0xD9,
0x98,0xCD,0xEC,0xDE,0xB6,0x73,0xB0,0x31,0x98,0x3B,0xD8,0x1E,0xE0,0x0C,0x3E,0xF8,
/* 2676 */ 
0x00,0x00,0x00,0x00,0x98,0x01,0x98,0xFF,0xD8,0xC0,0xFE,0xC3,0x78,0xFF,0x98,0xCD,
0xD8,0xCC,0xF8,0xFF,0xDC,0xFC,0x9E,0xFD,0x98,0xFD,0x98,0xFF,0x18,0xC0,0x1E,0x7C,
/* 2677 */ 
0x00,0x00,0x00,0x06,0x0C,0x06,0xD8,0x7F,0x18,0x06,0xC0,0x7F,0x06,0x03,0xFC,0xFF,
0x18,0x33,0x80,0x31,0x98,0x7F,0xD8,0x33,0x6C,0x36,0x3C,0x3C,0x0C,0x30,0x06,0x3E,
/* 2678 */ 
0x00,0x00,0x00,0x00,0x0C,0x7E,0xF8,0xC3,0x78,0x66,0xC0,0x36,0xC6,0x36,0xCC,0xFF,
0x60,0xC0,0x60,0xC0,0x78,0xC0,0xF8,0xFF,0x6C,0xC0,0x6C,0xC0,0x66,0xC0,0xE6,0x7F,
/* 2679 */ 
0x00,0x00,0x00,0x00,0x18,0x7F,0x0C,0x63,0x8C,0x37,0xF6,0x1C,0x36,0x1C,0x1E,0x77,
0xF8,0xCD,0xCC,0xFF,0x76,0x0C,0x1E,0x3F,0x00,0x3F,0xE0,0x6D,0xFE,0xCC,0x00,0xCF,
/* 2680 */ 
0x00,0x00,0x00,0x00,0x30,0x0C,0xFC,0x7F,0x38,0x0C,0xFC,0x7F,0x3C,0x60,0xFE,0x7F,
0x98,0x61,0x80,0x61,0xFE,0x7F,0x8C,0x79,0x8C,0x79,0x8C,0x79,0xF8,0x7F,0x00,0x7C,
/* 2681 */ 
0x00,0x00,0x00,0x00,0x00,0x0F,0x6C,0x0F,0xCC,0x6F,0xFE,0x3F,0xDC,0x1F,0x9C,0x0F,
0x3E,0x0F,0x3E,0x3F,0x8E,0x6F,0xEF,0xCF,0x3C,0x0F,0x8C,0x0D,0x8C,0xCD,0xE0,0xF8,
/* 2682 */ 
0x00,0x00,0x00,0x00,0x0C,0x0C,0xEC,0x6D,0xF8,0x3D,0xC0,0x1D,0xC0,0x0D,0x86,0x0D,
0x8C,0x1D,0xCC,0x3D,0xFC,0x6D,0x8C,0xCD,0x8C,0xCD,0xF8,0xCC,0x3C,0x78,0xF6,0xFF,
/* 2683 */ 
0x00,0x00,0xC0,0x00,0xC6,0x00,0xEC,0xFF,0xF8,0xC1,0xF0,0xFF,0xC6,0xC3,0x6C,0xC3,
0x00,0xC3,0xF0,0xFF,0x78,0xF3,0x78,0xF3,0x6C,0xF3,0xEC,0xDF,0x06,0x60,0x06,0x7E,
/* 2684 */ 
0x00,0x00,0x80,0x01,0xBE,0x01,0xF6,0xFF,0xF6,0xC1,0xFE,0xFF,0xDE,0xC6,0xDE,0xC6,
0xDE,0xFF,0x36,0xC6,0xF6,0xF6,0xF6,0xF6,0xDE,0xF6,0x86,0xFF,0x06,0xC0,0x06,0x7E,
/* 2685 */ 
0x00,0x00,0x00,0x00,0x0C,0x30,0x18,0x30,0x30,0x30,0xC0,0xFF,0x1E,0x30,0x18,0x33,
0x18,0x33,0x18,0x33,0x18,0x36,0x18,0x36,0x78,0x3C,0x78,0x30,0x38,0x33,0x00,0x3E,
/* 2686 */ 
0x00,0x00,0x80,0x01,0xC0,0x00,0xFC,0x7F,0x60,0x0C,0x30,0x38,0xFF,0xFF,0x30,0x00,
0xF0,0x1F,0x30,0x00,0xF0,0x1F,0x30,0x00,0xFE,0xFF,0x60,0x18,0x30,0x30,0xF8,0x3F,
/* 2687 */ 
0x00,0x00,0x00,0x0C,0x1C,0x0C,0x9C,0xFF,0x1E,0x0C,0x7E,0x0C,0xDE,0xFF,0x1E,0x30,
0x18,0x30,0xF8,0xFF,0xB8,0x31,0x1C,0x33,0x1E,0x36,0x18,0x3C,0x18,0x30,0x00,0x3C,
/* 2688 */ 
0x00,0x00,0x60,0x06,0xFE,0x7F,0x60,0x06,0x30,0x06,0xBC,0x37,0xF6,0x7F,0x36,0x06,
0x3E,0x03,0xF6,0xFF,0xB6,0x3D,0xFE,0xFD,0x76,0x1F,0x36,0x1F,0xB6,0x7D,0xFE,0xCF,
/* 2689 */ 
0x00,0x00,0x00,0x06,0xBE,0x37,0xB6,0x1F,0x36,0x7F,0x3E,0x03,0xF6,0xFF,0xB6,0x31,
0xF6,0x7F,0xFE,0xF1,0xB6,0x31,0xB6,0x7F,0x36,0xC0,0xF6,0xFF,0x36,0xC0,0x3F,0x78,
/* 2690 */ 
0x00,0x00,0x00,0x03,0x00,0x03,0xFE,0xFF,0x9E,0x01,0xDE,0x3F,0xDC,0x31,0x78,0x1B,
0x18,0x0E,0x9C,0x1B,0xFE,0xF0,0x98,0x07,0x18,0x1C,0xCC,0x00,0x8C,0x0F,0x06,0x38,
/* 2691 */ 
0x00,0x00,0x00,0x00,0xB0,0x0D,0xE0,0x07,0xFC,0x7F,0xC0,0x00,0xFE,0xFF,0xB0,0x19,
0xF8,0x3F,0x0E,0xE0,0xF0,0x3F,0xF0,0x1F,0x00,0x00,0xF8,0x3F,0x18,0x30,0xF8,0x3F,
/* 2692 */ 
0x00,0x00,0x18,0x30,0x98,0x31,0x98,0x19,0xD8,0x7F,0x7C,0x66,0x98,0x7F,0xFC,0x06,
0xFC,0x06,0xDE,0x3F,0x1E,0xE6,0x1B,0xC7,0x98,0xC7,0xD8,0xC6,0x78,0x7E,0x18,0x06,
/* 2693 */ 
0x00,0x00,0x00,0xC0,0xFE,0xC3,0x06,0xDB,0xFE,0xDB,0x06,0xDB,0x06,0xDB,0xFC,0xD9,
0xF8,0xD9,0xFC,0xDB,0xF6,0xDB,0xD8,0xDB,0x6C,0xDB,0x66,0xC3,0x38,0xC3,0xEE,0xFF,
/* 2694 */ 
0x00,0x00,0x3C,0x3F,0xE6,0x61,0xE6,0x61,0xE6,0x7F,0xE6,0x61,0xFE,0x7F,0x18,0x07,
0x1E,0x7F,0xDE,0xF7,0x7E,0xDE,0x1E,0xDB,0x9E,0xCD,0x7E,0xCC,0x1E,0xC7,0x86,0x7D,
/* 2695 */ 
0x00,0x00,0x00,0x60,0x0C,0x63,0x0C,0x36,0xFE,0xFF,0x06,0xCC,0x03,0xFF,0xFE,0x0D,
0x98,0x0D,0x98,0x0D,0x7E,0xFF,0x18,0xCE,0x18,0xCF,0x18,0xCF,0xF8,0xFD,0x18,0x0C,
/* 2696 */ 
0x00,0x00,0x00,0x00,0x98,0x7F,0x98,0x61,0xBE,0x7F,0x98,0x61,0x98,0x61,0x98,0x7F,
0x18,0x00,0xB8,0x7F,0x9E,0x0D,0x98,0x0D,0xD8,0xFD,0xD8,0x0D,0x78,0x0F,0x3E,0xFE,
/* 2697 */ 
0x00,0x00,0x00,0x00,0xFC,0xFF,0xC6,0x0C,0xFE,0x7E,0xC6,0x63,0xFE,0x7B,0x00,0x7B,
0xFE,0x7B,0x3C,0x7B,0x3C,0x7B,0xFC,0x7F,0x3C,0x3C,0x3E,0x66,0x3E,0xC3,0xE6,0xFF,
/* 2698 */ 
0x00,0x00,0x00,0x0C,0x7C,0x0C,0xE6,0x7F,0x66,0x33,0x66,0x33,0xE6,0xFF,0xFC,0xCC,
0xD8,0xCC,0xDE,0x7F,0xFE,0x6D,0x9E,0x6D,0x9E,0x6D,0x9E,0x6D,0xFE,0x6D,0x0E,0x7C,
/* 2699 */ 
0x00,0x00,0x00,0x06,0x1C,0x06,0xF6,0xFF,0xB6,0x31,0xB6,0x31,0xF6,0xFF,0x76,0xCC,
0x76,0xCC,0xF6,0x3F,0xF6,0x6C,0xF6,0x6C,0xF6,0x6C,0xF6,0x6C,0xDE,0x7C,0x00,0x0C,
/* 2700 */ 
0x00,0x00,0x00,0x06,0x18,0x06,0x18,0x06,0xF8,0xFF,0x3C,0x06,0x0C,0x0F,0x0E,0x0F,
0x8E,0x1F,0x8F,0x1F,0xCC,0x36,0x6C,0x66,0xFC,0xFF,0x1C,0x06,0x0C,0x06,0x0C,0x06,
/* 2701 */ 
0x00,0x00,0x30,0x18,0x30,0x18,0xFE,0xFF,0x30,0x18,0xFE,0xFF,0x78,0x1C,0xD8,0x3C,
0xCC,0xE7,0x06,0x00,0xF8,0x3F,0x0C,0x30,0xFC,0x3F,0x0C,0x30,0x0C,0x30,0xF8,0x3F,
/* 2702 */ 
0x00,0x00,0x00,0x06,0xFE,0xFF,0x1E,0x06,0xFE,0xFF,0x3E,0xC0,0xDE,0xFF,0x7E,0x66,
0xFE,0x7F,0xDE,0x7F,0x1E,0x00,0xFE,0xFF,0xDE,0xC6,0xDE,0x7E,0xFE,0x07,0x7E,0xFF,
/* 2703 */ 
0x00,0x00,0x00,0x00,0xCC,0x7F,0xCC,0x60,0xFE,0x7F,0xFE,0x60,0xFE,0x60,0x8E,0x3F,
0x0F,0x7F,0x8F,0xDF,0xEC,0xDE,0x0C,0xDB,0x8C,0xCD,0xEC,0xCE,0x0C,0xC3,0xC0,0x7D,
/* 2704 */ 
0x00,0x00,0x00,0x30,0x8E,0x19,0x18,0x1B,0xF0,0x7F,0x00,0x66,0x06,0x66,0xEC,0x7F,
0x78,0x06,0x60,0x06,0xE0,0xFF,0x18,0xC7,0x98,0xC7,0xCC,0xC6,0x66,0xC6,0x30,0x76,
/* 2705 */ 
0x00,0x00,0x80,0xC1,0x8C,0xC1,0xD8,0xD8,0xFE,0xDB,0x30,0xDB,0x30,0xDB,0xFC,0xDB,
0x36,0xD8,0x36,0xD8,0xFC,0xDB,0x30,0xDE,0x38,0xDB,0x38,0xC3,0xBE,0xC3,0x00,0xF8,
/* 2706 */ 
0x00,0x00,0x00,0x00,0xFC,0x7F,0x0C,0xC0,0xFC,0x7F,0x0C,0x00,0x3C,0x33,0x3C,0x33,
0xFC,0xFF,0x3C,0x33,0x36,0x33,0x36,0x33,0x36,0x33,0x36,0x1E,0x36,0x00,0xF0,0xFF,
/* 2707 */ 
0x00,0x00,0x00,0x00,0xFC,0x7F,0x80,0x01,0x80,0x01,0x80,0x01,0x80,0x01,0xFE,0xFF,
0x00,0x03,0x80,0x03,0x80,0x07,0xC0,0x0C,0xC0,0x0C,0x60,0x18,0x38,0x70,0x0E,0xC0,
/* 2708 */ 
0x00,0x00,0x00,0x00,0xE6,0x7F,0x0C,0x06,0x00,0x03,0xE0,0xFF,0x80,0x19,0xCE,0x30,
0x78,0x66,0xF0,0xF6,0xD8,0x7E,0xD8,0x7E,0x6C,0x7E,0x6C,0xF6,0x66,0xF6,0x86,0x07,
/* 2709 */ 
0x00,0x00,0x00,0x00,0x0C,0x06,0xCC,0xFF,0x0C,0x06,0xBE,0x7F,0xCC,0x60,0xCC,0x7F,
0xCC,0x60,0xCC,0x7F,0xCC,0x60,0xCC,0x7F,0xFC,0x60,0xEE,0xFF,0x80,0x3B,0xC0,0x60,
/* 2710 */ 
0x00,0x00,0x00,0x00,0xF8,0x3F,0x8C,0x61,0x8C,0x61,0x8C,0x61,0x8C,0x61,0x8C,0x61,
0xFC,0x7F,0x8C,0x61,0x8C,0x61,0x8C,0x61,0x8C,0x61,0x8C,0x61,0x8C,0x61,0xF8,0x3F,
/* 2711 */ 
0x00,0x00,0x00,0x00,0xF8,0x63,0x3C,0x63,0x30,0x63,0xB0,0xFF,0xFE,0x63,0x30,0x63,
0x30,0x63,0x7C,0x63,0xC6,0x7F,0xC6,0x63,0xC6,0x63,0xC6,0x63,0xC6,0x63,0xFE,0x7F,
/* 2712 */ 
0x00,0x00,0x00,0x00,0x0C,0x78,0xCC,0x0F,0x3E,0x0C,0xFE,0xFF,0x7E,0x0C,0x3F,0x0C,
0x3F,0x0C,0xBF,0x7F,0xCF,0x60,0xCC,0x60,0xCC,0x60,0xCC,0x60,0xCC,0x60,0x80,0x7F,
/* 2713 */ 
0x00,0x00,0x00,0x00,0xF8,0xFF,0x1E,0x0C,0x18,0x06,0x98,0xFF,0x7E,0x33,0x18,0x73,
0x98,0xED,0xFE,0xCF,0x66,0xFF,0xE6,0xFD,0xE6,0xFD,0xE6,0xFD,0xE6,0xFC,0x3C,0x0F,
/* 2714 */ 
0x00,0x00,0x00,0x1E,0x3C,0x1E,0xB6,0x7F,0xF6,0xDE,0xF6,0xDE,0xFE,0xDE,0xF6,0xFF,
0xF6,0xDE,0xF6,0xDE,0xFE,0xDE,0xF6,0xDE,0xF6,0xFF,0x36,0x33,0xB6,0x61,0xFB,0xC0,
/* 2715 */ 
0x00,0x00,0x00,0x00,0x0C,0x0F,0x6C,0xCF,0x6C,0x6F,0xFE,0x3F,0xCC,0x1F,0x8C,0x0F,
0x3C,0x1F,0x9C,0x3F,0xEE,0x6F,0x3C,0xCF,0x8C,0xCD,0x8C,0xCD,0xCC,0xCC,0x6F,0xF8,
/* 2716 */ 
0x00,0x00,0x60,0x00,0xF0,0x1F,0x78,0x18,0xCC,0x0C,0x80,0x07,0x80,0x07,0xF0,0x1D,
0x1E,0xF3,0x00,0x03,0xF8,0x3F,0x60,0x03,0x30,0x1B,0x38,0x33,0x1C,0x63,0xE0,0xC3,
/* 2717 */ 
0x00,0x00,0x00,0x00,0xEC,0x7F,0x18,0x63,0x18,0x63,0x80,0x61,0xC0,0x61,0xFC,0x7C,
0x38,0x00,0xF8,0x7F,0x78,0x60,0x78,0x60,0x78,0x60,0xF8,0x7F,0x3C,0x00,0xE6,0xFF,
/* 2718 */ 
0x00,0x00,0x00,0x00,0x3E,0x1B,0x36,0x1B,0xF6,0x7B,0xF6,0x3B,0xFE,0x3B,0xB6,0x1B,
0x36,0x1B,0xB6,0x3B,0xFE,0x7B,0x76,0xDB,0x36,0xDB,0xB6,0xD9,0xF6,0xD9,0x7E,0xF8,
/* 2719 */ 
0x00,0x00,0x00,0x00,0x7E,0x1E,0x66,0x1E,0xE6,0x7F,0xE6,0x3F,0xE6,0x3F,0x3C,0x1F,
0x18,0x1E,0x18,0x1E,0xFE,0x3F,0x9E,0x7F,0xDE,0x1B,0x1E,0xDB,0xFE,0xD9,0xCE,0xF8,
/* 2720 */ 
0x00,0x00,0x00,0x00,0x7E,0x0C,0x66,0x0C,0x7E,0xFC,0x7E,0x0C,0x7E,0x0C,0x7E,0x0C,
0x7E,0x7F,0xFE,0xC1,0xFE,0xC1,0xB8,0xC1,0xF8,0xC1,0xEC,0xC1,0xCC,0xC1,0xC6,0x7F,
/* 2721 */ 
0x00,0x00,0x0C,0x00,0x0C,0x0C,0xFC,0x0D,0x86,0x7F,0x86,0x0D,0xFE,0x0C,0xF8,0x0C,
0x18,0x0C,0xD8,0xFF,0x7E,0x0C,0x18,0x1E,0x18,0x1E,0x18,0x33,0xF8,0x63,0xD8,0xC0,
/* 2722 */ 
0x00,0x00,0x00,0x00,0x18,0x0C,0x18,0x0C,0x7E,0xFC,0x7E,0x0C,0x7E,0x0C,0x7E,0x0C,
0x7E,0x7F,0xFE,0xC1,0xFE,0xC1,0xFE,0xC1,0xFE,0xC1,0xF8,0xC1,0x98,0xC1,0x18,0x7F,
/* 2723 */ 
0x00,0x00,0x00,0x00,0xFC,0xFF,0x0C,0x00,0x0C,0x00,0xFC,0xFF,0x0C,0x06,0x0C,0x06,
0x0C,0x06,0x0C,0x06,0x0C,0x06,0x06,0x06,0x06,0x06,0x06,0x06,0x06,0x06,0xC0,0x07,
/* 2724 */ 
0x00,0x00,0x00,0x00,0x00,0x7C,0xBE,0x07,0xB6,0x01,0xB6,0x01,0xB6,0xFF,0xB6,0x19,
0xB6,0x19,0xB6,0x19,0xB6,0x19,0xB6,0x19,0xF6,0x18,0xF6,0x18,0xDC,0x18,0x60,0x00,
/* 2725 */ 
0x00,0x00,0x00,0x00,0xD8,0x7F,0x78,0x60,0x3E,0x38,0x3E,0x1C,0x3E,0x37,0xDE,0xE1,
0x7E,0xC0,0xD8,0xFF,0x18,0x0C,0x18,0x0C,0x3C,0x0C,0x3C,0x0C,0x36,0x0C,0xE6,0xFF,
/* 2726 */ 
0x00,0x00,0x00,0x00,0xEC,0xFF,0x18,0x30,0x30,0x30,0x00,0x30,0x06,0x30,0x0C,0x30,
0x18,0x30,0x70,0x30,0x60,0x30,0x30,0x30,0x18,0x30,0x18,0x30,0x8C,0x31,0x06,0x3F,
/* 2727 */ 
0x00,0x00,0x00,0x00,0x3E,0x78,0xF0,0x0F,0x18,0x0C,0x18,0x0C,0x0C,0x0C,0xFC,0xFF,
0x36,0x0C,0x36,0x0C,0x36,0x0C,0x3C,0x0C,0xFC,0xFF,0x18,0x00,0x3C,0x00,0xE7,0xFF,
/* 2728 */ 
0x00,0x00,0x18,0x00,0x18,0x06,0xFC,0xFF,0x8C,0x1F,0xEC,0x70,0x6C,0x60,0xCE,0x3F,
0x0E,0x00,0xFF,0xFF,0x3C,0xC0,0xFC,0xFF,0x0C,0x06,0x0C,0x06,0x0C,0x06,0xCC,0x07,
/* 2729 */ 
0x00,0x00,0x80,0x01,0x80,0x01,0xFE,0xFF,0xF0,0x1F,0x18,0x30,0x18,0x30,0xF8,0x3F,
0x00,0x00,0xFE,0xFF,0x06,0xC0,0xFE,0xFF,0x00,0x03,0x00,0x03,0x00,0x03,0xF0,0x01,
/* 2730 */ 
0x00,0x00,0x00,0x00,0x00,0x03,0xFC,0x7F,0x0C,0x60,0xFC,0x3F,0x6C,0x18,0x6C,0x18,
0x7C,0x18,0xCC,0xFF,0xDC,0x18,0xFC,0x18,0xF6,0x18,0xE6,0xFF,0xF6,0x00,0x9B,0xFF,
/* 2731 */ 
0x00,0x00,0x00,0x00,0xFC,0xE1,0x8C,0x3F,0xBE,0x19,0xCC,0x18,0xCC,0x18,0x6C,0xFE,
0xCC,0x1B,0x7C,0x1B,0x6E,0x1B,0xEC,0x19,0xEC,0xFF,0xCC,0x00,0xEC,0x03,0x3E,0xFE,
/* 2732 */ 
0x00,0x00,0x30,0x00,0x18,0xC0,0xFC,0x7F,0x7E,0x33,0xFE,0x31,0xF6,0x31,0xF6,0xFF,
0x7F,0x37,0x66,0x33,0x7E,0x33,0xFE,0x33,0x7E,0xFF,0x76,0x03,0xE6,0x0F,0xFE,0xF8,
/* 2733 */ 
0x00,0x00,0x00,0x00,0xEC,0x7F,0xCC,0x31,0x18,0x1F,0x80,0x3F,0xE0,0xE6,0x7E,0xC6,
0xF8,0xFF,0x78,0xC6,0xF8,0xFF,0x78,0xC6,0x78,0xC6,0x78,0xD8,0x3C,0x70,0xE6,0xFF,
/* 2734 */ 
0x00,0x00,0x18,0x00,0xD8,0xFF,0xD8,0xC0,0xD8,0xFF,0xFE,0xE0,0xD8,0xC0,0xDC,0xFF,
0xFC,0xF3,0xFE,0xF3,0xFE,0xF3,0xFB,0xF3,0xD8,0xF3,0xD8,0xDE,0xD8,0xC0,0xD8,0xF8,
/* 2735 */ 
0x00,0x00,0x00,0x00,0xFF,0xFF,0x38,0xC3,0x38,0xFF,0xFE,0xC3,0xFE,0xFF,0xFE,0xE7,
0xFE,0xE7,0xFE,0xE7,0xEE,0xE7,0xC6,0xE7,0xC6,0xE7,0xFE,0xFF,0xC6,0xC3,0xFE,0xFB,
/* 2736 */ 
0x00,0x00,0x00,0x06,0x00,0x0C,0xFE,0x7F,0x36,0x33,0xF6,0xFF,0x36,0x00,0xFE,0x7F,
0xF6,0x66,0xF6,0x7F,0xF6,0x66,0xFE,0x7F,0x36,0x06,0xF6,0xFF,0x36,0x06,0xFE,0xFF,
/* 2737 */ 
0x00,0x00,0x00,0x00,0xFC,0x7F,0x06,0xC0,0xF6,0xDF,0x06,0xC0,0xE6,0xCF,0x36,0xD8,
0x36,0xD8,0x36,0xD8,0x36,0xD8,0x36,0xD8,0xF6,0xDF,0x06,0xC0,0x06,0xC0,0x06,0x7C,
/* 2738 */ 
0x00,0x00,0x0C,0x00,0x8C,0xFF,0xFC,0xC0,0xC6,0xFF,0xC6,0xC0,0xFE,0xDE,0xD8,0xF3,
0xD8,0xF3,0xFE,0xF3,0xD8,0xF3,0xD8,0xF3,0xD8,0xF3,0xF8,0xDE,0xF8,0xC0,0xD8,0xF8,
/* 2739 */ 
0x00,0x00,0x00,0x00,0xFC,0x61,0xBC,0x31,0xBC,0x19,0xBC,0x0D,0xEC,0xC7,0xEC,0x61,
0xFE,0x33,0x8C,0x19,0x8C,0xCF,0x8C,0xC3,0x8C,0x61,0x8C,0x31,0x86,0x1D,0xF6,0x07,
/* 2740 */ 
0x00,0x00,0x80,0x01,0x80,0x01,0xFE,0xFF,0x30,0x0C,0x60,0x0C,0xFC,0x7F,0xF8,0x3F,
0x8C,0x61,0xFC,0x7F,0x8C,0x61,0x8C,0x61,0xF8,0x3F,0xFC,0x7F,0x80,0x01,0xFE,0xFF,
/* 2741 */ 
0x00,0x00,0x18,0x00,0xD8,0x7F,0x98,0x61,0x18,0x3B,0x3C,0x0E,0xD8,0xFF,0xFC,0xCC,
0xFC,0xCC,0xFE,0xFF,0xFE,0xCC,0xDB,0xCC,0xD8,0xFF,0xD8,0xCC,0xD8,0xCC,0xD8,0xFC,
/* 2742 */ 
0x00,0x00,0x18,0x00,0xD8,0xFF,0x98,0x61,0x18,0x3B,0x7E,0x0E,0xD8,0x7F,0xD8,0xCC,
0xF8,0xCC,0xDC,0xFF,0xDE,0xCC,0xD8,0xCC,0xD8,0xFF,0xD8,0xCC,0xD8,0xCC,0xCE,0xFC,
/* 2743 */ 
0x00,0x00,0x18,0x0C,0x0C,0x0C,0xFC,0xFF,0x66,0x1B,0x60,0x18,0xFC,0x7F,0x0C,0x60,
0xEC,0x6F,0x0C,0x60,0xFC,0x6F,0x3C,0x6C,0x3C,0x6C,0xFC,0x6F,0x0C,0x60,0x0C,0x7C,
/* 2744 */ 
0x00,0x00,0x00,0x00,0x18,0x0C,0xD8,0xFF,0x0C,0x06,0x6C,0x33,0x36,0x33,0xBE,0x61,
0x98,0x7F,0x18,0xDB,0x0C,0x1B,0xFE,0x1B,0x0E,0xDB,0x80,0xD9,0xF8,0xD9,0xEE,0xF8,
/* 2745 */ 
0x00,0x00,0x00,0x03,0xF0,0xFF,0x1E,0x00,0xFE,0x7F,0xDE,0x70,0x98,0x1F,0xF8,0x7F,
0x78,0xC6,0x7C,0xC6,0xFE,0xFF,0x78,0xC6,0xF8,0xFF,0x6C,0xC6,0x6C,0xC6,0x66,0xFE,
/* 2746 */ 
0x00,0x00,0x00,0x06,0x18,0x0F,0x98,0x39,0xD8,0x60,0xFC,0xDF,0x0C,0x60,0xEE,0x7F,
0x6E,0x7E,0xEC,0x7F,0x6C,0x7E,0x6C,0x7E,0xEC,0x7F,0x6C,0x7E,0x6C,0x66,0xE0,0x7F,
/* 2747 */ 
0x00,0x00,0x00,0x00,0x18,0x3F,0x98,0x31,0x98,0x31,0xFE,0x31,0xD8,0xF0,0x18,0x00,
0xD8,0x7F,0xF8,0x61,0x9C,0x31,0x1E,0x33,0x18,0x1E,0x18,0x0E,0x18,0x3B,0xFE,0xE1,
/* 2748 */ 
0x00,0x00,0x00,0x03,0x38,0x03,0x60,0x03,0xC0,0x03,0x0C,0x03,0x38,0x03,0x30,0x03,
0xFE,0xFF,0x00,0x03,0x80,0x07,0x80,0x0D,0xC0,0x18,0x60,0x30,0x30,0x60,0x1C,0xC0,
/* 2749 */ 
0x00,0x00,0x00,0x00,0xE6,0x7F,0x0C,0x06,0xF8,0xFF,0x00,0x0F,0x80,0x1F,0xFE,0x76,
0xF8,0xDF,0x18,0x1B,0x18,0x1B,0x98,0xF1,0x98,0x61,0xF8,0x6E,0x3C,0x38,0xE7,0xFF,
/* 2750 */ 
0x00,0x00,0x00,0x00,0xE0,0x0F,0x30,0x0C,0x30,0x0C,0x30,0x0C,0x30,0x0C,0x30,0x0C,
0x3E,0xF8,0x06,0xC0,0x06,0xC0,0x06,0xC0,0x06,0xC0,0x06,0xC0,0x06,0xC0,0xFE,0xFF,
/* 2751 */ 
0x00,0x00,0x00,0x00,0xE0,0x1F,0xB8,0x01,0x80,0x01,0xFE,0xFF,0xC0,0x07,0xE0,0x1D,
0xB8,0x71,0xEE,0xC7,0x60,0x0C,0x60,0x0C,0x60,0x0C,0x30,0xCC,0x18,0xCC,0x0E,0x7C,
/* 2752 */ 
0x00,0x00,0x00,0x00,0x80,0x01,0xFC,0x7F,0x06,0xC0,0x66,0xCC,0x36,0x78,0x98,0x71,
0x8C,0x1D,0x80,0x31,0xFE,0xFF,0x80,0x03,0xC0,0x06,0x60,0x0C,0x38,0x38,0x0E,0xE0,
/* 2753 */ 
0x00,0x00,0x00,0x00,0xFC,0xFF,0x66,0xC0,0xE6,0xDF,0x76,0xCC,0xDE,0xCF,0x06,0xC3,
0xC6,0xCF,0xFE,0xF8,0x86,0xC3,0x06,0xCE,0xC6,0xC1,0x06,0xC7,0x06,0xCC,0xFC,0x7F,
/* 2754 */ 
0x00,0x00,0x00,0x06,0x18,0x06,0xF8,0x7F,0x0C,0x06,0x36,0x06,0x30,0x06,0xF8,0xFF,
0xCC,0x06,0xCE,0x06,0xCC,0xFE,0xCC,0x06,0xEC,0x06,0xEC,0x07,0x3C,0x07,0x3C,0x7C,
/* 2755 */ 
0x00,0x00,0x00,0x00,0x0C,0x0F,0x8C,0x39,0xF8,0xE0,0xF0,0x3F,0x00,0x06,0x1E,0x06,
0xF8,0xFF,0x98,0x1F,0x98,0x37,0xD8,0x66,0x78,0x66,0xB8,0x07,0x7C,0x03,0xC6,0xFF,
/* 2756 */ 
0x00,0x00,0x00,0x00,0x06,0x0F,0x8C,0x19,0xD8,0x70,0x70,0xC0,0xC6,0x7F,0x0C,0x06,
0x18,0x06,0xE0,0xFF,0x30,0x06,0xD8,0x3E,0xD8,0x36,0x6C,0x66,0x76,0x66,0x80,0x07,
/* 2757 */ 
0x00,0x00,0x00,0x00,0xFC,0x7F,0x0C,0x60,0xFC,0x7F,0x0C,0xC3,0xFC,0x7F,0x0C,0x33,
0xFC,0xFF,0x0C,0x07,0xCC,0x3F,0x7C,0x60,0x66,0x60,0xE6,0x7F,0x66,0x60,0xE0,0x7F,
/* 2758 */ 
0x00,0x00,0x00,0x00,0x00,0x00,0x80,0x01,0x80,0x01,0x80,0x01,0xFC,0x7F,0x80,0x01,
0x80,0x01,0x80,0x01,0x80,0x01,0x80,0x01,0x80,0x01,0x80,0x01,0x80,0x01,0xFE,0xFF,
/* 2759 */ 
0x00,0x00,0x00,0x00,0x00,0x0C,0x3E,0x0C,0x66,0x0C,0x66,0x0C,0xE6,0xFF,0x66,0x0C,
0x66,0x0C,0x66,0x0C,0x66,0x0C,0x66,0x0C,0x66,0x0C,0x66,0x0C,0x3E,0x0C,0xE0,0xFF,
/* 2760 */ 
0x00,0x00,0x00,0x00,0xE0,0x0F,0x30,0x0C,0x18,0x06,0xFE,0x3F,0x8C,0x61,0x8C,0x61,
0x8C,0x61,0x8C,0x61,0xF8,0x3F,0xC0,0x0F,0xC0,0xCF,0x60,0xDB,0x38,0xDB,0x0E,0xFF,
/* 2761 */ 
0x00,0x00,0x00,0x06,0x6E,0xC6,0x7C,0xC6,0x60,0xC6,0xC0,0x7F,0x07,0x00,0xEC,0xFF,
0x18,0x03,0xE0,0x7F,0x78,0xDB,0x6C,0xDB,0x6C,0xDB,0x66,0xDB,0x66,0xDB,0x60,0xFB,
/* 2762 */ 
0x00,0x00,0x00,0x00,0xFC,0xFF,0x06,0xC6,0x06,0xC6,0x06,0xC6,0xFE,0xFF,0x06,0xC7,
0x86,0xC7,0x86,0xC7,0xC6,0xC6,0x66,0xC6,0x3E,0xC6,0x06,0xC6,0xC6,0xC3,0xFC,0xFF,
/* 2763 */ 
0x00,0x00,0x18,0x00,0x98,0x0D,0x98,0x0D,0x98,0xFF,0xFC,0x0C,0xD8,0x0C,0xF8,0x0C,
0xD8,0xFF,0xF8,0x0C,0xDE,0x0C,0xD8,0xFF,0xD8,0x0C,0xD8,0x0C,0xD8,0x0C,0xDE,0xFF,
/* 2764 */ 
0x00,0x00,0x00,0x00,0xFE,0xFF,0x30,0x18,0x30,0x0C,0xFC,0x7E,0xF8,0xC6,0xFC,0xDF,
0xB6,0xDF,0x78,0xDE,0xCC,0xDE,0xCC,0xDE,0xCC,0x38,0xCC,0x6F,0xCC,0xC7,0xC6,0xC3,
/* 2765 */ 
0x00,0x00,0x00,0x00,0x7E,0x7F,0xF6,0x63,0xB6,0x7F,0x36,0x63,0x3E,0x63,0xF6,0x7F,
0xF6,0x0F,0xF6,0xDB,0xFE,0x7B,0xF6,0x33,0xF6,0x63,0xF6,0x6F,0xF6,0xC7,0x7F,0xFF,
/* 2766 */ 
0x00,0x00,0x18,0x00,0x18,0x33,0x18,0x33,0xFE,0x7F,0xFE,0x61,0xFE,0x61,0xFE,0x61,
0xFE,0x61,0xFE,0x7F,0x7E,0x1E,0x1C,0x1B,0x18,0xDB,0x78,0xDB,0x78,0xDB,0xCF,0xF9,
/* 2767 */ 
0x00,0x00,0x0C,0x00,0x78,0x7F,0xD8,0xC3,0xDE,0xC3,0xB0,0xFF,0x18,0xC3,0xF8,0xC3,
0xFC,0x7F,0xDE,0xFB,0xFC,0x3B,0xCC,0x33,0xCC,0x63,0xCC,0xCF,0xEC,0x01,0x3C,0xFF,
/* 2768 */ 
0x00,0x00,0x00,0x00,0xCC,0x7F,0xCC,0x60,0xD8,0x7F,0xC0,0x60,0xC0,0x60,0xDE,0x7F,
0xD8,0x03,0xD8,0x66,0xD8,0x3C,0xD8,0x18,0xD8,0x36,0xD8,0x63,0x3C,0x00,0xE6,0xFF,
/* 2769 */ 
0x00,0x00,0x00,0x00,0xFC,0x7F,0x80,0x01,0x80,0x01,0xFE,0xFF,0xC0,0x06,0x60,0x0C,
0x30,0x18,0x1E,0x70,0xF8,0xFF,0x18,0x30,0x18,0x30,0x18,0x30,0x18,0x30,0xF8,0x3F,
/* 2770 */ 
0x00,0x00,0x80,0x01,0x80,0x01,0x80,0x01,0xFE,0xFF,0x86,0x31,0x86,0x31,0x86,0x31,
0x86,0x31,0x86,0x31,0x86,0x31,0xFC,0x1F,0x80,0x01,0x80,0xC1,0x80,0xC1,0x80,0xFF,
/* 2771 */ 
0x00,0x00,0x00,0x00,0xFE,0x3F,0xFE,0x37,0x7E,0x63,0xFE,0x7F,0xFE,0x3D,0xFE,0x18,
0xCF,0xFF,0xF8,0x3F,0x0C,0x60,0xFC,0x7F,0x0C,0x60,0xFC,0x7F,0x0C,0x60,0x0C,0x3E,
/* 2772 */ 
0x00,0x00,0x98,0x01,0x98,0x01,0x98,0xFF,0xFF,0x0C,0x78,0x0C,0xF8,0x6D,0x98,0xFD,
0xF8,0xCF,0xDC,0xCD,0x9F,0xCD,0x98,0x6D,0x98,0x7D,0x98,0xCD,0x98,0xC1,0x8F,0xFF,
/* 2773 */ 
0x00,0x00,0x00,0x00,0x18,0x78,0xD8,0x0F,0x18,0x06,0x7F,0x06,0x18,0x06,0x18,0x06,
0xD8,0xFF,0x78,0x06,0x3C,0x06,0x1E,0x06,0x18,0xC6,0x18,0xC6,0x18,0xC6,0x1E,0x7E,
/* 2774 */ 
0x00,0x00,0x00,0x00,0xFC,0x31,0x66,0x33,0x66,0x3F,0xE6,0x61,0xFE,0x60,0xE6,0x60,
0xE6,0x60,0xE6,0x7F,0x7C,0x1B,0x66,0x1B,0x66,0xDB,0x66,0xDB,0xE6,0xD9,0xFE,0xF8,
/* 2775 */ 
0x00,0x00,0x00,0x00,0x18,0x18,0xFE,0xFF,0xCE,0xC1,0xFE,0xC6,0xF6,0x06,0xF6,0xC6,
0x66,0x76,0x7E,0x1E,0xCC,0x07,0x80,0xC7,0xE0,0xC7,0xBE,0xC7,0x80,0xC7,0xF0,0xFE,
/* 2776 */ 
0x00,0x00,0x00,0x00,0x3E,0x0C,0xF6,0xFF,0xF6,0xC0,0xF6,0xC0,0xF6,0xC1,0x9E,0x71,
0xB6,0x19,0xB6,0x0D,0xE6,0x07,0xE6,0xC1,0xFE,0xC1,0xB6,0xC1,0x86,0xC1,0x06,0x7F,
/* 2777 */ 
0x00,0x00,0x00,0x0C,0x7E,0x0C,0x60,0x0C,0x6C,0x0C,0x6C,0x0C,0xEC,0xFF,0x66,0x0C,
0xFC,0x0C,0xC0,0x1E,0xC0,0x1E,0xE0,0x1E,0xFE,0x36,0xC0,0x63,0xC0,0x61,0xF8,0xC1,
/* 2778 */ 
0x00,0x00,0x00,0x00,0x7E,0x18,0x60,0xFF,0xEC,0xC1,0xEC,0xC1,0xEC,0xC1,0x6C,0x63,
0xFC,0x33,0xC0,0x1B,0xC0,0x0E,0xE0,0x03,0xFE,0xC3,0xC0,0xC3,0xC0,0xC3,0x78,0xFE,
/* 2779 */ 
0x00,0x00,0x00,0x18,0xEC,0x1B,0xEC,0xFF,0xEC,0x19,0xFE,0x0D,0xFC,0xFC,0xFC,0xCE,
0xFC,0xCF,0x7E,0xFF,0x6E,0xCF,0x6F,0xCF,0xEC,0xFD,0x6C,0xCC,0x6C,0xCC,0x6C,0xFC,
/* 2780 */ 
0x00,0x00,0x00,0x00,0xC0,0x3F,0x78,0x60,0x8C,0x31,0x98,0x31,0x18,0x1B,0x80,0x01,
0xC0,0x00,0xFE,0xFF,0x30,0x18,0x38,0x0C,0xE0,0x06,0x80,0x07,0xC0,0x1D,0x7E,0x70,
/* 2781 */ 
0x00,0x00,0x18,0x00,0x18,0x00,0xD8,0xFF,0x18,0x06,0x3C,0x03,0x18,0x03,0x18,0x03,
0x78,0xFF,0xB8,0xC3,0xDE,0xC3,0xD8,0xC3,0x78,0xC3,0x18,0xC3,0x18,0xC3,0x1E,0x7F,
/* 2782 */ 
0x00,0x00,0x00,0x00,0xFE,0x7F,0x36,0x0C,0x36,0x0C,0xF6,0x7F,0xB6,0x3D,0xB6,0x3D,
0xB6,0x3D,0xF6,0xFF,0xB6,0x3D,0xB6,0x3D,0xB6,0x3D,0xF6,0x7F,0x1E,0x0C,0xC0,0xFF,
/* 2783 */ 
0x00,0x00,0x00,0x06,0x18,0x0C,0xD8,0xFF,0x7E,0xC0,0x78,0xDB,0x98,0x71,0xD8,0x60,
0x78,0x00,0xDC,0x3F,0x1F,0x18,0x18,0x0E,0x18,0x03,0x98,0xC1,0xD8,0xC0,0xCE,0xFF,
/* 2784 */ 
0x00,0x00,0x00,0x00,0x1C,0x0C,0x36,0x0C,0xF6,0x7F,0x36,0x0C,0x36,0x0C,0x36,0x0C,
0xF6,0xFF,0x36,0x0C,0x36,0x0C,0xF6,0xFF,0x36,0x0C,0x36,0x0C,0x36,0x0C,0xFC,0xFF,
/* 2785 */ 
0x00,0x00,0x18,0x00,0x18,0x18,0x18,0x18,0x7E,0x7F,0x7E,0x18,0x7E,0x18,0x7E,0x18,
0x7E,0x7F,0x7E,0x18,0x7E,0x18,0xBC,0xFF,0x78,0x18,0x78,0x18,0x78,0x18,0xCE,0xFF,
/* 2786 */ 
0x00,0x00,0x00,0x00,0x0E,0x06,0xDC,0x7F,0x38,0x06,0x00,0x06,0x07,0x06,0x0E,0x06,
0xD8,0x7F,0x00,0x00,0x30,0x06,0xF0,0xFF,0x18,0x06,0x0C,0x06,0x0C,0x06,0xE6,0xFF,
/* 2787 */ 
0x00,0x00,0x0C,0x0C,0x0C,0x0C,0x0C,0x0C,0xFE,0xFF,0x6C,0x0C,0x6C,0x0C,0x6C,0x0C,
0xE6,0xFF,0x66,0x0C,0x66,0x0C,0xBC,0xFF,0x38,0x0C,0x78,0x0C,0xCC,0x0C,0xC6,0xFF,
/* 2788 */ 
0x00,0x00,0x00,0x00,0xFE,0x7F,0x30,0x00,0x18,0x00,0xF0,0x1F,0x78,0x18,0xD8,0x18,
0x98,0x19,0x98,0x19,0x0C,0x1B,0x0C,0x1B,0x0C,0x18,0x0C,0xCC,0xCC,0xCF,0x7C,0xF8,
/* 2789 */ 
0x00,0x00,0x0C,0x0C,0x0C,0x0C,0x18,0x0C,0xC0,0xFF,0x3C,0x0C,0x30,0x0C,0x78,0x0C,
0xF8,0xFF,0x3C,0x0E,0x6E,0x1E,0x0C,0x3F,0x8C,0x3D,0xCC,0x6C,0x6C,0xCC,0x00,0x0C,
/* 2790 */ 
0x00,0x00,0x00,0x00,0xFE,0xFF,0x00,0x03,0x80,0x0D,0xE0,0x39,0xBC,0xE1,0x86,0x01,
0x80,0x01,0xFC,0xFF,0x80,0x01,0x98,0x01,0x18,0x7F,0x98,0x01,0x98,0x01,0xFE,0xFF,
/* 2791 */ 
0x00,0x00,0x00,0x0C,0xF8,0x0D,0x18,0x0F,0x18,0x0F,0x0C,0x0F,0x8C,0x0D,0x9E,0x1D,
0xF7,0x3D,0xC0,0x6D,0xC0,0xCC,0xC0,0x0C,0x60,0x0C,0x30,0x0C,0x1C,0x0C,0x06,0x0C,
/* 2792 */ 
0x00,0x00,0x00,0x0C,0x3E,0x0C,0xE0,0xFF,0xDC,0xC0,0xB6,0xC7,0xB6,0x7F,0xF6,0x7E,
0xF6,0x7E,0xFE,0x7E,0xF0,0x7F,0x76,0x7B,0x3C,0x7B,0xBC,0xD9,0xFC,0xD9,0xDE,0xF8,
/* 2793 */ 
0x00,0x00,0x80,0x01,0x80,0x01,0xFE,0xFF,0xD8,0x1E,0xD8,0x36,0xCC,0x66,0xC6,0xC6,
0xFC,0x3F,0x00,0x60,0xFC,0x7F,0x06,0x00,0xFC,0x7F,0x00,0xC0,0x00,0xC0,0xF8,0x70,
/* 2794 */ 
0x00,0x00,0x00,0x00,0x06,0x06,0xFC,0xFF,0x78,0x1B,0x60,0x7B,0x66,0x7B,0x3C,0x7B,
0xE0,0x7F,0x00,0x60,0xF8,0x7F,0x6C,0x00,0xEC,0x7F,0x0C,0x60,0x06,0x60,0x86,0x7F,
/* 2795 */ 
0x00,0x00,0x00,0x00,0xFE,0x7F,0x18,0x00,0x18,0x00,0x18,0x00,0x18,0x00,0xD8,0xFF,
0x7E,0x1B,0x18,0x1B,0x18,0x1B,0x18,0x1B,0x78,0xDB,0x9C,0xD9,0xC7,0xD8,0x70,0xF8,
/* 2796 */ 
0x00,0x00,0x00,0x00,0xFE,0xFF,0x00,0x18,0x00,0x7E,0x00,0xC3,0xFE,0xDB,0x3C,0xDB,
0x3C,0xDB,0x3C,0xDB,0x3C,0xDB,0x3C,0xCF,0xFC,0x0D,0x7C,0x6C,0x36,0xE6,0x00,0xC3,
/* 2797 */ 
0x00,0x00,0xC0,0x00,0xC0,0x00,0xC0,0x00,0xFC,0x1F,0xC0,0x18,0xCC,0x18,0xD8,0x18,
0xF0,0x18,0xE0,0x18,0xC0,0x19,0x60,0xDB,0x30,0xDF,0x30,0xDE,0x1C,0xF0,0x06,0xF0,
/* 2798 */ 
0x00,0x00,0x00,0x00,0x18,0x06,0xFE,0x7F,0xFE,0xC0,0xFE,0xC0,0xFE,0xFF,0x1E,0x00,
0x1E,0x00,0xD8,0xFF,0x18,0x1B,0x18,0x1B,0x1C,0x1B,0x3C,0xDB,0xB6,0xD9,0xE6,0xF8,
/* 2799 */ 
0x00,0x00,0x80,0x01,0x80,0x01,0xFE,0xFF,0x06,0xC0,0x06,0xC0,0xF8,0xFF,0x00,0x00,
0x00,0x00,0xFE,0xFF,0x60,0x0C,0x60,0x0C,0x60,0xCC,0x60,0xCC,0x38,0xCC,0x0E,0xFC,
/* 2800 */ 
0x00,0x00,0x00,0x00,0x00,0x0C,0xFC,0xFF,0xCC,0xC0,0xCC,0xC1,0x8C,0x7F,0xFC,0x6E,
0xFE,0x6E,0xFE,0x6E,0xFF,0x6F,0x3C,0x6F,0x3C,0x7F,0x3C,0x0F,0xBC,0xCD,0xFC,0xF8,
/* 2801 */ 
0x00,0x00,0x00,0x03,0x98,0x01,0x98,0x3F,0xD8,0x30,0x7C,0x18,0xD8,0xFF,0xD8,0xC6,
0xD8,0xC6,0xF8,0xC6,0xDE,0x7F,0x18,0x1E,0x18,0x1B,0x18,0xDB,0x98,0xD9,0xEE,0xF8,
/* 2802 */ 
0x00,0x00,0x00,0x00,0x9C,0x01,0xB6,0x3F,0xF6,0x30,0x76,0x18,0xF6,0xFF,0x76,0xC6,
0x7E,0xC6,0x76,0xC6,0xF6,0xFF,0x36,0x1E,0x36,0x1B,0x36,0xDB,0xBE,0xD9,0xF8,0xF8,
/* 2803 */ 
0x00,0x00,0x18,0x00,0x18,0x0C,0x9C,0xFF,0xF6,0xC0,0xE6,0xC0,0xE6,0xFF,0x66,0x00,
0x7E,0x00,0xE6,0xFF,0x66,0x1B,0x66,0x1B,0x66,0xDB,0x66,0xDB,0xBC,0xD9,0xE0,0xF0,
/* 2804 */ 
0x00,0x00,0x00,0x06,0x0C,0x06,0xCC,0xFF,0x7E,0xC0,0xBE,0xC1,0xBE,0x7F,0xCE,0x6E,
0xCF,0x6E,0x6F,0x6E,0xEC,0x6F,0x0C,0x6F,0x0C,0x3F,0x8C,0x8D,0xCC,0xCC,0x60,0xFC,
/* 2805 */ 
0x00,0x00,0x80,0x01,0x00,0x03,0xFE,0xFF,0x06,0xC0,0x1E,0xFE,0xF8,0x63,0xCC,0x63,
0xCC,0x63,0xCC,0x63,0xDE,0x63,0xF6,0x7F,0x60,0x33,0x60,0xC3,0x38,0xC3,0x0E,0xFF,
/* 2806 */ 
0x00,0x00,0x00,0x06,0x0C,0x06,0xEC,0xFF,0x7F,0xC0,0x7C,0xF8,0xF6,0x6F,0xF6,0x6E,
0xF6,0x6E,0x76,0x6E,0xFE,0x6F,0xFC,0x6F,0x18,0x7F,0xBC,0x8D,0x8C,0x8D,0xC6,0xFC,
/* 2807 */ 
0x00,0x00,0x00,0x00,0xFE,0xFF,0x60,0x00,0x60,0x00,0x60,0x00,0xE0,0x7F,0x30,0x60,
0x30,0x60,0x30,0x60,0x30,0x60,0x30,0x60,0x18,0x60,0x18,0x30,0x8C,0x31,0x06,0x1F,
/* 2808 */ 
0x00,0x00,0x00,0x00,0x3C,0x0C,0xF6,0xFF,0xF6,0xC0,0xF6,0xC1,0xBE,0x7F,0xB6,0x7F,
0xB6,0x7F,0xF6,0x7E,0xFC,0x7F,0xF6,0x7F,0x36,0x3B,0x36,0x1B,0xB6,0xD9,0xFC,0xF8,
/* 2809 */ 
0x00,0x00,0x00,0x00,0x00,0x00,0xFC,0x7F,0x38,0x06,0x00,0x06,0x06,0x06,0x0C,0x06,
0xF8,0x7F,0x00,0x06,0x30,0x06,0x18,0x06,0x18,0x06,0x0C,0x06,0x06,0x06,0xF6,0xFF,
/* 2810 */ 
0x00,0x00,0x00,0x00,0xFC,0x7F,0x80,0x01,0x80,0x01,0x80,0x01,0x80,0x01,0x80,0x01,
0xFC,0x7F,0x80,0x01,0x80,0x01,0x80,0x01,0x80,0x01,0x80,0x01,0x80,0x01,0xFE,0xFF,
/* 2811 */ 
0x00,0x00,0x00,0x00,0x80,0x01,0x80,0x01,0x00,0x03,0xFE,0xFF,0x18,0x00,0x18,0x00,
0x18,0x00,0x18,0x00,0x18,0x00,0x18,0x00,0x18,0x00,0x18,0x00,0x18,0x00,0xF0,0x7F,
/* 2812 */ 
0x00,0x00,0x00,0x00,0x18,0x00,0x98,0xFF,0x7E,0x0C,0x18,0x0C,0x38,0x0C,0x38,0x0C,
0x7C,0x0C,0x7C,0x7F,0x1E,0x0C,0x1E,0x0C,0x18,0x0C,0x18,0x0C,0x18,0x0C,0xD8,0xFF,
/* 2813 */ 
0x00,0x00,0x00,0x00,0xFC,0x7F,0x86,0xF1,0xDE,0xF3,0xDE,0xF6,0xF6,0xDE,0xF6,0xDC,
0xE6,0xCC,0xE6,0xDC,0xE6,0xDC,0xF6,0xF6,0x9E,0xF7,0x1E,0xF3,0x0E,0xC0,0x06,0x7C,
/* 2814 */ 
0x00,0x00,0x30,0x00,0x30,0x06,0x18,0x0C,0xCC,0xFF,0x66,0x0C,0x30,0x0C,0x18,0x0C,
0x1C,0x0C,0xDE,0x7F,0x1B,0x0C,0x18,0x0C,0x18,0x0C,0x18,0x0C,0x18,0x0C,0xF8,0xFF,
/* 2815 */ 
0x00,0x00,0x00,0x00,0xFC,0xFF,0xE6,0x0C,0x66,0x0C,0x66,0x0C,0x66,0x0C,0x66,0x0C,
0x7E,0x0C,0xE6,0x7F,0x66,0x0C,0x66,0x0C,0x66,0x0C,0x66,0x0C,0x66,0x0C,0xFC,0xFF,
/* 2816 */ 
0x00,0x00,0x30,0x00,0x30,0xFE,0xFE,0xC7,0x06,0xFE,0x06,0xC6,0x06,0xFE,0x06,0xC6,
0xFC,0xDB,0x00,0x73,0xFE,0xFF,0x00,0x03,0xFC,0x7F,0x00,0x03,0x00,0x03,0xFE,0xFF,
/* 2817 */ 
0x00,0x00,0x00,0x00,0x00,0x03,0xFE,0xFF,0x18,0x00,0x18,0x00,0x18,0x00,0x18,0x00,
0xF0,0x3F,0xF8,0x31,0xEC,0x31,0x6C,0x63,0x6C,0x7B,0x66,0xDE,0x66,0xD8,0xE0,0x1F,
/* 2818 */ 
0x00,0x00,0x80,0x01,0x00,0x03,0xFE,0xFF,0x18,0x00,0x18,0x00,0x18,0x00,0xF0,0x7F,
0x80,0x01,0xFE,0xFF,0x60,0x18,0x30,0x18,0x70,0x0C,0xC0,0x07,0x80,0x1D,0xFE,0xF0,
/* 2819 */ 
0x00,0x00,0x00,0x00,0x00,0x6C,0xF8,0xFF,0x0C,0xCC,0x0C,0x0C,0xFC,0x6F,0x6C,0x78,
0xFC,0x7B,0x6C,0x3B,0x3C,0x3B,0x36,0x33,0xE6,0xF9,0xC6,0xFF,0x66,0xEF,0x38,0xE6,
/* 2820 */ 
0x00,0x00,0x00,0x03,0x0C,0x63,0xFC,0x7F,0xE0,0x18,0x3E,0x7F,0xFE,0xDB,0x78,0xDB,
0xFC,0xFF,0x36,0xDB,0x30,0xCF,0xFE,0x7E,0xD8,0xFC,0x78,0xFE,0x70,0x9E,0xDE,0xFB,
/* 2821 */ 
0x00,0x00,0x98,0x01,0x98,0x1F,0xBC,0x1F,0xBC,0xFF,0xFE,0xDF,0x18,0xD8,0xF8,0xDF,
0x0C,0x78,0xEE,0x7B,0x6C,0x73,0x6C,0x73,0x6C,0x63,0x6C,0x7F,0x6C,0xDF,0x3C,0xCC,
/* 2822 */ 
0x00,0x00,0x00,0x00,0xE0,0x0F,0x30,0x18,0x18,0x0C,0xFC,0xFF,0x1E,0x00,0x18,0x00,
0xD8,0x3F,0x78,0x30,0x6C,0x30,0x6C,0x30,0x6C,0xFE,0x6C,0xC0,0x6C,0xC0,0xC6,0xFF,
/* 2823 */ 
0x00,0x00,0x80,0x01,0x80,0x01,0x80,0x01,0xFC,0x7F,0x80,0x01,0xFC,0x7F,0x80,0x01,
0x80,0x01,0xFE,0x7F,0x80,0xC1,0x80,0xC1,0x80,0xC1,0x80,0xC1,0x80,0xDD,0x80,0x71,
/* 2824 */ 
0x00,0x00,0x00,0x06,0x0C,0x06,0x0C,0x06,0xD8,0x7F,0x00,0x06,0xC0,0x7F,0x1E,0x06,
0x18,0x06,0xF8,0xFF,0x18,0xC6,0x18,0xC6,0x18,0xC6,0x18,0x7E,0x3C,0x06,0xE6,0xFF,
/* 2825 */ 
0x00,0x00,0x00,0x06,0x18,0x3F,0x18,0x63,0x98,0x31,0xFE,0xFF,0xDC,0x01,0xFC,0x3E,
0xFC,0x63,0xDE,0x63,0xDE,0x63,0xDB,0x63,0xD8,0x7B,0xD8,0xF3,0x78,0xC3,0x78,0xFF,
/* 2826 */ 
0x00,0x00,0x00,0x00,0xFE,0xFF,0x86,0xC1,0x86,0xC1,0xFE,0xFF,0x86,0xC1,0xF6,0xDF,
0x86,0xC1,0xFE,0xFF,0x86,0xF1,0x86,0xF1,0x86,0xF7,0x86,0xDD,0x86,0xC1,0xFC,0x7F,
/* 2827 */ 
0x00,0x00,0x00,0x00,0x9C,0x0D,0xB6,0x0D,0xB6,0xFF,0xF6,0x0C,0xF6,0x0C,0xF6,0x0C,
0xF6,0xFF,0xF6,0x0C,0xF6,0x0C,0xF6,0xFF,0xF6,0x0C,0xF6,0x0C,0xFE,0x0C,0xC0,0xFF,
/* 2828 */ 
0x00,0x00,0x00,0x03,0x0C,0x0F,0x8C,0x0D,0xBE,0xFF,0xFE,0x0C,0xFE,0x0C,0xFE,0x0C,
0xCF,0x7F,0xCF,0x0C,0xCC,0x0C,0xCC,0xFF,0xCC,0x0C,0xCC,0x0C,0xCC,0x0C,0xC0,0xFF,
/* 2829 */ 
0x00,0x00,0xC0,0x00,0xD8,0x00,0xF0,0x00,0xF0,0x00,0xFE,0x7F,0xC0,0x60,0xC0,0x60,
0xC0,0x66,0xC0,0x66,0x60,0x6C,0x60,0x6C,0x30,0x78,0x30,0x60,0x1C,0x60,0x06,0x3F,
/* 2830 */ 
0x00,0x00,0x00,0x00,0xC6,0x1E,0x6C,0x1E,0x60,0xFF,0xF0,0x33,0xF6,0x33,0xFC,0x33,
0x60,0xFF,0x60,0x33,0x30,0x33,0xFC,0xFF,0x0C,0x33,0xC6,0x33,0x7E,0x33,0x06,0xFF,
/* 2831 */ 
0x00,0x00,0x00,0x00,0x18,0x0F,0x18,0x1B,0xEC,0xFF,0xEC,0x19,0xF6,0x19,0xBC,0xFF,
0x98,0x19,0x8C,0x19,0xEC,0x19,0xBE,0xFF,0x80,0x19,0xF0,0x19,0x9E,0xFF,0x80,0x01,
/* 2832 */ 
0x00,0x00,0x00,0x00,0x30,0x0C,0xFC,0x7F,0xB0,0x0D,0xFC,0x7F,0x80,0x01,0x80,0x01,
0xF8,0x3F,0x80,0x01,0xFE,0x7F,0x80,0xC1,0x80,0xC1,0x80,0xC1,0x80,0x7D,0x80,0x01,
/* 2833 */ 
0x00,0x00,0x00,0x0C,0xFE,0xFF,0x00,0x0C,0x00,0x30,0xFC,0x1F,0xFE,0xFF,0x80,0x03,
0xE0,0x0F,0xBC,0xF9,0xC0,0x01,0xFC,0x7F,0x70,0x0C,0xF0,0x0E,0x80,0x0F,0xFE,0xF8,
/* 2834 */ 
0x00,0x00,0x00,0x00,0xFC,0x3F,0x80,0x01,0xFE,0xFF,0x80,0x03,0xE0,0x0F,0xB8,0x39,
0x8F,0xE1,0x80,0x01,0xFE,0xFF,0x60,0x18,0x30,0x0C,0xE0,0x0E,0x80,0x0F,0xFE,0xF8,
/* 2835 */ 
0x00,0x00,0x18,0x00,0x18,0x03,0x18,0x03,0xFC,0x7F,0x0C,0x03,0xEC,0x7F,0x0E,0x03,
0x0E,0x03,0xFC,0x7F,0x0C,0xC3,0x0C,0xC3,0x0C,0xC3,0x0C,0xC3,0x0C,0xFF,0x0C,0x00,
/* 2836 */ 
0x00,0x00,0x18,0x00,0x78,0x06,0xD8,0x06,0x0C,0x06,0xEC,0xFF,0x0C,0xC3,0x0E,0xC3,
0x0E,0xCF,0x0F,0xCF,0x0C,0xDB,0x8C,0xF1,0xCC,0xC0,0xCC,0xC0,0x6C,0x60,0x3C,0x7E,
/* 2837 */ 
0x00,0x00,0x00,0x00,0xFC,0x7F,0x0C,0x60,0x0C,0x60,0xFC,0x7F,0x0C,0x60,0xFC,0x3F,
0x0C,0x03,0xFC,0x7F,0x1C,0x03,0x0C,0x03,0xFC,0xFF,0x06,0xC3,0x06,0xC3,0x06,0xFF,
/* 2838 */ 
0x00,0x00,0x00,0x06,0x18,0x06,0x18,0x06,0xEC,0xFF,0x6C,0x06,0x36,0x06,0xBE,0x7F,
0x18,0x06,0xEC,0xFF,0x0C,0xC6,0x3E,0xC6,0x00,0xC6,0x70,0xC6,0x1E,0xFE,0x00,0x06,
/* 2839 */ 
0x00,0x00,0x00,0x00,0x80,0x01,0x80,0x01,0xFC,0xFF,0x80,0x01,0x80,0x01,0x80,0x01,
0xFE,0xFF,0x80,0x03,0xC0,0x07,0xE0,0x0D,0xB0,0x19,0x9C,0x71,0x86,0xC1,0x00,0x00,
/* 2840 */ 
0x00,0x00,0x00,0x00,0x60,0x18,0xFE,0xFF,0x30,0x30,0xFC,0x63,0x0C,0xFF,0xFC,0x63,
0x0C,0x60,0xFC,0x6F,0x0C,0x6C,0xFC,0x7B,0xFE,0x79,0xFE,0x61,0x6E,0x63,0x7F,0x7C,
/* 2841 */ 
0x00,0x00,0x00,0x00,0x00,0x0C,0x3E,0x0C,0xF6,0x7F,0x36,0x0C,0x36,0x0C,0x36,0x0C,
0xB6,0x7F,0x36,0x0E,0x36,0x1F,0x36,0x1F,0xB6,0x3D,0xFE,0x6C,0x78,0xCC,0x00,0x0C,
/* 2842 */ 
0x00,0x00,0x00,0x00,0xFC,0x7F,0x8C,0x61,0xFC,0x7F,0x8C,0x61,0x8C,0x61,0xFC,0x7F,
0x00,0x00,0xFF,0xFF,0x98,0x61,0x98,0x31,0x18,0x1F,0x18,0x0E,0x98,0x39,0xF8,0xE0,
/* 2843 */ 
0x00,0x00,0x00,0x00,0xFE,0x7F,0x86,0x61,0xFE,0x7F,0x86,0x61,0xFC,0x7F,0x00,0x00,
0xFC,0x7F,0x0C,0x60,0xFC,0x7F,0x0C,0x60,0x0C,0x60,0xFC,0x7F,0x0C,0x60,0x0C,0x7E,
/* 2844 */ 
0x00,0x00,0x80,0x3F,0xDE,0x6C,0xF6,0x6C,0xF6,0x7F,0xF6,0x6C,0xF6,0x6C,0xF6,0x7F,
0x36,0x00,0xF6,0xFF,0xF6,0xCC,0xF6,0x6C,0xF6,0x38,0xF6,0x30,0xDC,0x66,0x80,0xC3,
/* 2845 */ 
0x00,0x00,0x00,0x00,0x7E,0x0C,0x98,0xFF,0xFE,0xCD,0xB8,0xCD,0xFC,0xFF,0xDE,0xCD,
0x98,0xCD,0x18,0xFF,0xFE,0x3C,0xCC,0x7E,0x6C,0xFE,0x78,0xFB,0xF8,0xDB,0x8E,0xF9,
/* 2846 */ 
0x00,0x00,0x00,0x00,0x18,0x06,0x18,0x06,0xF8,0xFF,0x0C,0x30,0xCC,0x60,0xCE,0x30,
0xCE,0x30,0xCC,0x30,0x8C,0x31,0x8C,0x19,0x8C,0x19,0x8C,0x19,0x0C,0x18,0xFC,0xFF,
/* 2847 */ 
0x00,0x00,0x00,0x00,0xEC,0x7F,0x78,0xC6,0xE0,0xFF,0x60,0xC6,0xE6,0x7F,0x0C,0x00,
0xD8,0x7F,0xC0,0x60,0xD8,0x7F,0xD8,0x60,0xCC,0x60,0xCC,0x7F,0xC6,0x60,0xC6,0x7C,
/* 2848 */ 
0x00,0x00,0x00,0x00,0xCC,0xFF,0xD8,0xCC,0xC0,0xFF,0xC0,0xCC,0xC6,0xFF,0x1C,0x00,
0x98,0x7F,0xD8,0xC0,0xD8,0xFF,0xD8,0xC0,0xD8,0xC0,0xD8,0xFF,0xF8,0xC0,0xD8,0xF8,
/* 2849 */ 
0x00,0x00,0x00,0x60,0xFC,0x63,0x06,0x63,0x06,0xFF,0xFC,0x61,0x06,0x60,0xFE,0x6F,
0x06,0x6C,0x06,0x78,0xF6,0x79,0xF6,0x79,0x7E,0x7B,0x7E,0x63,0x7E,0x63,0x7C,0x7C,
/* 2850 */ 
0x00,0x00,0x00,0x60,0xFC,0x63,0x06,0x63,0xFE,0x7F,0xFE,0x6F,0x06,0x6C,0xFE,0x7B,
0xF6,0x79,0x7E,0x63,0x7C,0x3B,0x80,0x01,0x60,0x73,0x6C,0x76,0x6C,0xDE,0xE6,0x1F,
/* 2851 */ 
0x00,0x00,0x00,0x00,0xFC,0x7F,0xC0,0x60,0xC0,0x60,0xC0,0x60,0xC0,0x60,0xC0,0x60,
0xC0,0x60,0xC0,0x60,0xC0,0x60,0xC0,0x7C,0xC0,0x00,0xC0,0x00,0xC0,0x00,0xFE,0xFF,
/* 2852 */ 
0x00,0x00,0x00,0x03,0x06,0x03,0xFE,0xFF,0x1E,0x00,0xDE,0x3F,0x78,0x30,0xF8,0x3F,
0x78,0x30,0xDC,0x3F,0x1F,0x00,0xFC,0x7F,0xBC,0xCD,0xBC,0xCD,0xBC,0xCD,0xFE,0xFF,
/* 2853 */ 
0x00,0x00,0x00,0x00,0xEE,0x7F,0x7C,0x60,0x78,0x60,0xE0,0x7F,0x66,0x60,0xEC,0x7F,
0x18,0x30,0x18,0x00,0xF8,0x7F,0xBC,0x6D,0xBC,0x6D,0xBC,0x6D,0xB6,0x6D,0xFE,0xFF,
/* 2854 */ 
0x00,0x00,0x00,0x0C,0x18,0x0C,0x98,0xFF,0xFE,0x63,0x7E,0x63,0x7E,0x63,0x7E,0x36,
0x7E,0x36,0x7E,0x36,0x7E,0x3C,0x18,0x1C,0x78,0x1C,0xD8,0x36,0xF8,0x63,0x8E,0xC1,
/* 2855 */ 
0x00,0x00,0x80,0x01,0x80,0x01,0x00,0x03,0xFC,0x7F,0x30,0x18,0x30,0x18,0x60,0x18,
0x60,0x0C,0xC0,0x0C,0xC0,0x06,0x80,0x03,0x80,0x03,0xC0,0x0E,0x78,0x38,0x0F,0xE0,
/* 2856 */ 
0x00,0x00,0x06,0x00,0xFC,0xFF,0x18,0xC0,0x06,0xC0,0xFE,0xFF,0x36,0xCC,0xE6,0xCF,
0x36,0xCC,0x36,0xCC,0xE6,0xCF,0x36,0xCC,0x36,0xFE,0xFE,0xCF,0x06,0xCC,0x06,0xF0,
/* 2857 */ 
0x00,0x00,0x00,0x00,0x00,0x0C,0x18,0x0C,0xD8,0xFF,0xEC,0x61,0xE6,0x31,0x3E,0x33,
0x30,0x33,0x18,0x1E,0xEC,0x1E,0x3E,0x0C,0xC0,0x1E,0x78,0x33,0x8E,0x61,0xE0,0xC0,
/* 2858 */ 
0x00,0x00,0x80,0x01,0xFE,0x00,0xB6,0xFF,0xF6,0xDB,0xF6,0xDB,0x76,0xDB,0x36,0xDB,
0xB6,0xD9,0xB6,0xD9,0xF6,0xCC,0x76,0xCC,0x36,0xC6,0x36,0xC3,0xB6,0x61,0xDE,0x7C,
/* 2859 */ 
0x00,0x00,0x00,0x00,0x30,0x3F,0x9E,0x61,0xF8,0x30,0x18,0x1C,0xFE,0x7F,0x18,0x60,
0xDC,0x7F,0x3C,0x60,0xFE,0x7F,0x1E,0x06,0xFB,0x6D,0xF8,0xFD,0xF8,0xFD,0x38,0x3F,
/* 2860 */ 
0x00,0x00,0x80,0x01,0x80,0x01,0xFE,0xFF,0x60,0x0C,0xC0,0x07,0xE0,0x0F,0xFE,0xF9,
0x60,0x0C,0xF8,0x1F,0x80,0x31,0xF8,0x7E,0x8C,0xCF,0x30,0x3B,0x18,0x73,0xEC,0xC3,
/* 2861 */ 
0x00,0x00,0x00,0x00,0xEC,0x7F,0x18,0xC0,0x00,0xC0,0x06,0xC0,0xE6,0xCF,0x36,0xD8,
0x36,0xD8,0x36,0xD8,0x36,0xD8,0xE6,0xCF,0x06,0xC0,0x06,0xC0,0x06,0xC0,0x06,0xF8,
/* 2862 */ 
0x00,0x00,0x00,0x00,0x8C,0x19,0x9E,0x37,0xDE,0x6F,0x7E,0xDB,0x9E,0x3F,0x1E,0x30,
0xFE,0x7F,0x7E,0xCF,0xDE,0xCF,0xDE,0xDB,0x9E,0xF3,0xDE,0xDB,0x7C,0xCF,0xC0,0x73,
/* 2863 */ 
0x00,0x00,0x00,0x00,0x60,0x0C,0xB0,0x19,0xD8,0x31,0xEE,0xEC,0x30,0x1F,0xF8,0x19,
0xFE,0x7F,0xCC,0x66,0xCC,0x66,0xD8,0x7C,0xE0,0x78,0xF8,0x6C,0xCE,0x67,0xF0,0x78,
/* 2864 */ 
0x00,0x00,0x00,0x06,0x60,0x0E,0x30,0x18,0xDC,0x36,0x66,0xEC,0x30,0x1E,0xF0,0x3B,
0xFE,0xFF,0x18,0x00,0xF8,0x1F,0x78,0x18,0xD8,0xD9,0x0C,0xDB,0xCC,0xDF,0x7C,0xF8,
/* 2865 */ 
0x00,0x00,0x00,0x00,0x6C,0x30,0xCC,0x30,0xCC,0xFF,0xBE,0x31,0x0C,0x30,0xEC,0x36,
0xCC,0x36,0xFC,0x3C,0xCE,0x3C,0xCC,0x30,0xCC,0x30,0xCC,0x36,0xEC,0x1D,0x3E,0xFF,
/* 2866 */ 
0x00,0x00,0x18,0x00,0x98,0x7F,0x98,0x61,0xFE,0x61,0xFE,0x61,0x7E,0x7F,0x7E,0x0C,
0xFE,0xFF,0xFE,0xCC,0xFE,0xDE,0xD8,0xF6,0xF8,0xE3,0xF8,0xC0,0xFC,0xC0,0x07,0xF8,
/* 2867 */ 
0x00,0x00,0x00,0x00,0xCC,0x7F,0x7C,0x60,0x78,0x60,0x60,0x60,0xC6,0x7F,0x0C,0x06,
0xF8,0xFF,0x60,0xC6,0x78,0xCF,0x6C,0xDB,0xEC,0xF1,0x6C,0xC0,0x66,0xC0,0x66,0xF8,
/* 2868 */ 
0x00,0x00,0xC0,0x00,0xFC,0x7F,0x06,0xC0,0x76,0xCE,0x1E,0x78,0xF8,0x3F,0x18,0x30,
0x18,0x30,0xF0,0x3F,0xF8,0x3F,0x8C,0xE3,0xC6,0xCE,0x76,0xD8,0x06,0xC0,0x00,0xF8,
/* 2869 */ 
0x00,0x00,0x00,0x06,0xE0,0x1F,0x3E,0x36,0x30,0x66,0x30,0x66,0xFE,0xFF,0x30,0x66,
0x30,0x66,0xB0,0x3D,0xF0,0x1C,0x3E,0x1C,0x30,0x1C,0x30,0xDE,0xB0,0xF3,0x3E,0xE0,
/* 2870 */ 
0x00,0x00,0x00,0x00,0x18,0x1C,0xFE,0x36,0x18,0x63,0xFE,0xF1,0xC6,0x36,0xC6,0x3C,
0xFE,0x38,0xC6,0x37,0xFE,0x3C,0x7C,0xF0,0x98,0x3F,0xFF,0x31,0x18,0x30,0x00,0x30,
/* 2871 */ 
0x00,0x00,0x00,0x00,0xFC,0x0F,0x66,0x0C,0x66,0x0C,0x66,0x0C,0x66,0x0C,0xFE,0x3F,
0x06,0x7F,0x06,0xEF,0x06,0xCF,0xFE,0x0D,0x66,0x0C,0x66,0x0C,0x66,0x0C,0xFC,0x0F,
/* 2872 */ 
0x00,0x00,0x00,0x00,0xCC,0x7F,0x6C,0x60,0x6C,0x60,0xFE,0x3F,0xCC,0xFF,0x6C,0x36,
0x7C,0x63,0x7C,0x63,0xEF,0xFF,0x6C,0x0C,0xEC,0xFF,0x6C,0x0C,0x6C,0x0C,0xFE,0xFF,
/* 2873 */ 
0x00,0x00,0x00,0x00,0x0C,0x7C,0xF8,0x07,0x30,0x06,0x00,0x06,0x06,0x06,0x0C,0x06,
0xF8,0xFF,0x30,0x06,0x30,0x0F,0x18,0x0F,0x98,0x19,0x8C,0x31,0xEC,0x60,0x36,0xC0,
/* 2874 */ 
0x00,0x00,0x00,0x00,0xFE,0xFF,0x80,0x01,0xB0,0x19,0x98,0x19,0x98,0x19,0x98,0x19,
0xB8,0x39,0xB8,0x3D,0xEC,0x6D,0xEC,0x6D,0xE6,0x67,0xC6,0xC7,0x80,0xC3,0xFF,0xFF,
/* 2875 */ 
0x00,0x00,0x00,0x00,0x1C,0x03,0xF6,0x3F,0xF6,0x30,0xF6,0x30,0xF6,0x30,0xF6,0x3C,
0xF6,0x7F,0x36,0xC0,0x36,0xC0,0x36,0xC0,0xF6,0xFF,0x36,0xC0,0x3E,0xC0,0x00,0xF8,
/* 2876 */ 
0x00,0x00,0x0C,0x0C,0x0C,0x06,0xFC,0x7F,0x86,0x61,0x83,0x61,0xFE,0x61,0x98,0x79,
0x98,0x01,0x98,0xFF,0xFC,0xC0,0x18,0xC0,0xD8,0xFF,0x18,0xC0,0xD8,0xC0,0x78,0xFC,
/* 2877 */ 
0x00,0x00,0x00,0x00,0xC0,0x00,0xFC,0x3F,0x0C,0x30,0x0C,0x30,0x0C,0x30,0x0C,0x3E,
0x0C,0x00,0xF8,0xFF,0x00,0xC0,0x00,0xC0,0xFE,0xFF,0x00,0xC0,0x00,0xC0,0x00,0x7E,
/* 2878 */ 
0x00,0x00,0x00,0x00,0xCC,0x7F,0x18,0x00,0x30,0x00,0x00,0x00,0xEE,0xFF,0x98,0x01,
0x80,0x01,0x80,0x7F,0x30,0x60,0x18,0x60,0x18,0x60,0x0C,0x60,0x06,0x60,0x86,0x3F,
/* 2879 */ 
0x00,0x00,0x00,0x00,0xEE,0xFF,0x18,0x0C,0x80,0x3D,0x80,0x3D,0x8F,0x3D,0x8C,0x3D,
0x8C,0x7D,0xCC,0x7D,0xCC,0x7F,0xCC,0x7F,0x6C,0xDF,0x6C,0xDC,0x3C,0x0C,0xFC,0xFF,
/* 2880 */ 
0x00,0x00,0x00,0x00,0xFC,0xFF,0x0C,0xC0,0xFC,0xFF,0x0C,0x00,0xFC,0xFF,0xCC,0x00,
0x6C,0x30,0xEC,0x7F,0x0C,0xC3,0x0C,0x03,0xF6,0x7F,0x06,0x03,0xFE,0xFF,0x03,0x00,
/* 2881 */ 
0x00,0x00,0x00,0x00,0xFC,0x7F,0x80,0x01,0x80,0x01,0x80,0x01,0x80,0x01,0xFE,0xFF,
0xC0,0x03,0xC0,0x03,0x60,0x03,0x60,0x03,0x30,0xC3,0x38,0xC3,0x1C,0xC3,0x06,0xFE,
/* 2882 */ 
0x00,0x00,0x00,0x00,0x60,0x18,0xFE,0xFF,0x60,0x18,0x00,0x00,0xF8,0x3F,0x80,0x01,
0x80,0x01,0xFE,0xFF,0xC0,0x03,0xC0,0x03,0x60,0xC3,0x60,0xC3,0x38,0xC3,0x0E,0xFE,
/* 2883 */ 
0x00,0x00,0x00,0x00,0xF8,0xFF,0x18,0x06,0x18,0x06,0xFE,0x3F,0x1C,0x33,0x3C,0x33,
0xFC,0xFF,0x1E,0x00,0x9E,0x7F,0xDB,0x60,0xD8,0x60,0xD8,0x60,0xD8,0x60,0x98,0x7F,
/* 2884 */ 
0x00,0x00,0x00,0x00,0xFE,0x7F,0xC0,0x00,0x60,0x00,0xFC,0x3F,0x60,0x30,0x30,0x30,
0xFE,0xFF,0x00,0x00,0x00,0x00,0xF8,0x3F,0x0C,0x30,0x0C,0x30,0x0C,0x30,0xF8,0x3F,
/* 2885 */ 
0x00,0x00,0x00,0x00,0xFC,0x3F,0x0C,0x60,0x0C,0x60,0x0C,0x30,0xF8,0x1F,0x00,0x00,
0xFC,0x7F,0x80,0x01,0x80,0x01,0xFE,0xFF,0xC0,0x03,0x60,0x06,0x30,0x1C,0x1E,0xF0,
/* 2886 */ 
0x00,0x00,0x00,0x00,0xFC,0x7F,0x8C,0x61,0x8C,0x61,0x8C,0x61,0x8C,0x61,0xFF,0xFF,
0x8C,0x61,0x8C,0x61,0x8C,0x61,0x8C,0x61,0xFC,0xFF,0xC0,0x60,0xE0,0x60,0x38,0x3C,
/* 2887 */ 
0x00,0x00,0x00,0x00,0xFC,0x3D,0x00,0x6C,0x00,0x6C,0xFF,0xFF,0xC0,0x0C,0xCC,0x0C,
0xCC,0x0C,0xCC,0x1F,0xCC,0x18,0xCC,0x98,0xCC,0x98,0xCC,0xFF,0xFC,0xF1,0x1E,0xE0,
/* 2888 */ 
0x00,0x00,0x00,0x00,0xFE,0x7F,0xC0,0x00,0xC0,0x00,0xC0,0x00,0xC0,0x00,0xFC,0x3F,
0xC0,0x30,0x60,0x30,0x60,0x30,0x60,0x30,0x60,0x30,0x60,0x30,0x60,0x30,0xFE,0xFF,
/* 2889 */ 
0x00,0x00,0x00,0x00,0xEC,0xFF,0x0C,0x06,0x0C,0x03,0xBF,0x3F,0x0C,0x33,0x0C,0x33,
0xFC,0xFF,0x1C,0x00,0x0E,0x00,0xCC,0x7F,0xCC,0x60,0xCC,0x60,0xCC,0x60,0xCF,0x7F,
/* 2890 */ 
0x00,0x00,0x00,0x00,0x18,0x00,0xF8,0x7F,0x18,0x03,0x0C,0x03,0x06,0x03,0x00,0x03,
0x00,0x03,0xFE,0xFF,0x00,0x03,0x00,0x03,0x00,0x03,0x00,0x03,0x00,0x03,0x00,0x03,
/* 2891 */ 
0x00,0x00,0x18,0x00,0xF8,0xFF,0xCC,0x36,0xCE,0x36,0xFE,0xFF,0xCC,0x36,0xCC,0x36,
0xFE,0xFF,0x78,0x30,0xD8,0xFF,0xCC,0x33,0xDE,0x33,0x70,0xFF,0x70,0x30,0x1E,0x30,
/* 2892 */ 
0x00,0x00,0x18,0x00,0xF8,0xFF,0x18,0x03,0x0C,0x03,0x0C,0x03,0x0C,0x03,0xEE,0x3F,
0x8E,0x61,0x8C,0x61,0x8C,0x61,0x8C,0x61,0x8C,0x61,0x8C,0x61,0x8C,0x61,0xFC,0xFF,
/* 2893 */ 
0x00,0x00,0xD8,0x00,0x78,0x00,0xEC,0x7F,0x6C,0x00,0xFC,0x7F,0x6C,0x63,0x6E,0x66,
0x6F,0x66,0xFC,0xFF,0x6C,0x63,0x6C,0x66,0x3C,0x66,0xEC,0xFF,0x0C,0x30,0x0C,0x3E,
/* 2894 */ 
0x00,0x00,0x00,0x00,0x0C,0x03,0xCC,0x7F,0xCC,0x60,0xCC,0x60,0xFE,0x60,0xCC,0x38,
0xCC,0x00,0x8C,0xFF,0x0C,0xC0,0x0C,0xC0,0xFC,0xDF,0x1C,0xC0,0x06,0xC0,0x00,0xF8,
/* 2895 */ 
0x00,0x00,0x00,0x00,0x00,0x33,0x00,0x63,0xFC,0xFF,0x0C,0xC3,0x0C,0x63,0x0C,0x33,
0x0C,0x33,0x0C,0x1E,0x0C,0x1E,0x0C,0xCE,0x0C,0xCF,0x86,0xD9,0xE6,0xF0,0x3B,0xE0,
/* 2896 */ 
0x00,0x00,0x00,0x00,0xF8,0x3F,0xFE,0xFF,0x86,0xC1,0xFE,0xDD,0xFE,0xFF,0x70,0x00,
0xF8,0x1F,0xEC,0x0E,0xC0,0x07,0xFE,0xFC,0xF8,0x1F,0xC0,0x30,0x60,0x30,0x3C,0x1F,
/* 2897 */ 
0x00,0x00,0x00,0x00,0xFC,0xFF,0x36,0x06,0x36,0x03,0xF6,0x3F,0x36,0x33,0x36,0x33,
0x36,0x33,0xFE,0xFF,0x36,0x00,0xF6,0x7F,0xF6,0x60,0xF6,0x60,0xF6,0x60,0xDE,0x7F,
/* 2898 */ 
0x00,0x00,0x00,0x00,0x98,0x01,0x9E,0xFF,0xFE,0xF7,0x9E,0xF7,0xDE,0xF6,0xDE,0xF6,
0x7B,0xF6,0x70,0xDB,0x98,0xD9,0xDE,0xCD,0x18,0xCC,0x18,0xC6,0x18,0xC3,0x80,0x7D,
/* 2899 */ 
0x00,0x00,0x30,0x00,0x30,0x00,0xF8,0xFF,0x8C,0xD9,0x8E,0xD9,0xC6,0xCC,0xE0,0xCC,
0x60,0xCC,0x38,0xC6,0x0C,0xC6,0x06,0xC3,0x80,0xC1,0xC0,0xC0,0x60,0x60,0x3C,0x3F,
/* 2900 */ 
0x00,0x00,0x00,0x00,0x60,0x00,0xF0,0x3F,0x78,0x18,0xCC,0x0E,0x80,0x03,0xC0,0x0F,
0xF8,0x38,0xCF,0xE0,0xF8,0x3F,0xC0,0x30,0xC0,0x30,0x60,0x30,0x70,0x30,0x1C,0x3F,
/* 2901 */ 
0x00,0x00,0x00,0x00,0xCC,0x7F,0x0C,0x06,0x3E,0x03,0xFE,0x3F,0x3E,0x33,0x3E,0x33,
0xEF,0xFF,0x0F,0x00,0x8C,0x7F,0xCC,0x60,0xCC,0x60,0xCC,0x60,0xCC,0x60,0x80,0x7F,
/* 2902 */ 
0x00,0x00,0x00,0x00,0xCE,0x7F,0xD8,0x60,0xC0,0x60,0xC0,0x60,0xCF,0x7F,0x0C,0x00,
0xCC,0xFF,0x0C,0x06,0x0C,0x06,0xEC,0xFF,0x0C,0x0E,0x3C,0x1B,0x9C,0x71,0xE0,0xC0,
/* 2903 */ 
0x00,0x00,0x00,0x00,0x30,0x18,0xFC,0x7F,0x30,0x18,0x30,0x18,0x30,0x18,0xFE,0xFF,
0x00,0x00,0xF8,0x3F,0x0C,0x30,0x0C,0x30,0xF8,0x3F,0x0C,0x30,0x0C,0x30,0xF8,0x3F,
/* 2904 */ 
0x00,0x00,0x00,0x00,0xFE,0xFF,0x36,0xC3,0xFE,0xC3,0xCE,0xC3,0xCE,0x7F,0xCE,0x03,
0xFE,0xC3,0x36,0xC3,0x36,0xC3,0xFC,0x7F,0x18,0x36,0xCC,0x66,0xCC,0x66,0xC6,0xCC,
/* 2905 */ 
0x00,0x00,0x00,0x00,0x18,0x70,0x18,0x1F,0x98,0x01,0xFE,0x01,0xB8,0xFF,0xF8,0x31,
0xFC,0x31,0xDC,0x31,0x9E,0x31,0x9E,0x31,0x98,0x31,0x98,0x31,0xD8,0x30,0xC0,0x30,
/* 2906 */ 
0x00,0x00,0x00,0x00,0xFE,0xFF,0x60,0x06,0x60,0x06,0x60,0x06,0xFE,0xFF,0x66,0xC6,
0x66,0xC6,0x66,0xC6,0x66,0xC6,0x36,0xFC,0x1E,0xC0,0x06,0xC0,0x06,0xC0,0xFC,0xFF,
/* 2907 */ 
0x00,0x00,0x00,0x00,0xFE,0xFF,0x0C,0x1E,0x0C,0x1E,0x8C,0x7F,0xDC,0xDE,0xFC,0xDE,
0xFE,0xDE,0xFE,0xDE,0xFC,0xDE,0xFC,0xDE,0xFC,0xF3,0xFC,0xC0,0xFC,0xC0,0xBC,0xFF,
/* 2908 */ 
0x00,0x00,0x00,0x06,0xFE,0x06,0x18,0xFE,0x0C,0xC3,0x0C,0xC3,0x8C,0xC1,0xFC,0xC1,
0xEE,0x66,0x6F,0x6C,0x6C,0x78,0x6C,0x30,0x6C,0x18,0x6C,0x1C,0x6C,0x06,0xFC,0x03,
/* 2909 */ 
0x00,0x00,0x00,0x00,0x80,0xC1,0xBE,0x7D,0xB6,0x0D,0xF6,0x0F,0xB6,0x0D,0xF6,0xFF,
0xF6,0x6F,0xFE,0x6D,0xF6,0x6D,0xF6,0x6D,0xB6,0x6D,0xB6,0x67,0xB6,0x67,0x9C,0x67,
/* 2910 */ 
0x00,0x00,0x00,0x00,0xE0,0xFF,0x1E,0x06,0x1E,0x06,0xFE,0x7F,0xDE,0x7F,0x7E,0x60,
0x7E,0x60,0xDE,0x3F,0x9E,0x19,0xDE,0x7F,0xDE,0x7F,0x7E,0x60,0x7C,0x60,0xC0,0x7F,
/* 2911 */ 
0x00,0x00,0x00,0x00,0xFE,0x3F,0xB6,0x31,0xB6,0x31,0xB6,0x19,0xB6,0x7B,0xB6,0x63,
0xB6,0x67,0xB6,0x67,0xB6,0x3D,0xB6,0x3D,0xF6,0x18,0xFE,0x3C,0x60,0x67,0xF0,0xC1,
/* 2912 */ 
0x00,0x00,0x00,0x3F,0x86,0x61,0xFE,0x61,0x86,0x7F,0x83,0x61,0xFE,0x7F,0x18,0x03,
0x18,0x7F,0xFE,0xF7,0xD8,0xDE,0x18,0xDE,0x18,0xDB,0x98,0xCD,0xF8,0xC6,0xB8,0x7F,
/* 2913 */ 
0x00,0x00,0x18,0x00,0xD8,0xFF,0x1E,0x1E,0x1E,0x1E,0xFE,0x7F,0xDE,0xDE,0xDE,0xDE,
0xFB,0xDE,0xF8,0xDE,0xDC,0xDE,0xDE,0xDB,0xD8,0xF1,0xD8,0xC0,0xD8,0xC0,0xD8,0xFF,
/* 2914 */ 
0x00,0x00,0x00,0x00,0xBC,0x33,0x18,0x1E,0x18,0x37,0xD8,0x6D,0x7C,0x06,0x98,0x7F,
0x3C,0x0F,0xBC,0x7F,0xFE,0xCD,0xFE,0xCD,0x9B,0xCD,0x98,0xCD,0x98,0x7D,0x18,0x0C,
/* 2915 */ 
0x00,0x00,0x80,0x01,0x80,0x01,0xFC,0x7F,0x0C,0x60,0xFC,0x7F,0x0C,0x60,0xFC,0x7F,
0x0C,0x60,0xFC,0x7F,0x00,0x00,0x00,0x33,0x3C,0x7B,0x3C,0xDB,0x36,0xD8,0xE0,0x1F,
/* 2916 */ 
0x00,0x00,0x00,0x00,0x78,0x1C,0xC0,0x07,0xF0,0x3D,0x9E,0x61,0xFE,0xFF,0x60,0x03,
0x30,0x03,0xF8,0x7F,0x1E,0x63,0x18,0x63,0x18,0x63,0x18,0x63,0x18,0x7B,0x00,0x03,
/* 2917 */ 
0x00,0x00,0x00,0x00,0x00,0x7E,0xFC,0x03,0xB0,0x19,0xB0,0x19,0xFE,0xFF,0xE0,0x0F,
0xB0,0x19,0x9E,0xF1,0x80,0x01,0xF8,0x31,0x6C,0x7B,0x6C,0x73,0x66,0xDB,0xE6,0xDF,
/* 2918 */ 
0x00,0x00,0x00,0x00,0x3E,0x06,0xF6,0xFF,0x36,0x1F,0xB6,0x37,0xFE,0xE6,0x36,0x1E,
0xB6,0x33,0xF6,0x60,0xFE,0xF7,0xB6,0x1F,0x36,0x06,0x36,0x1F,0xF6,0x77,0x3F,0xC7,
/* 2919 */ 
0x00,0x00,0xC0,0x00,0xC0,0x7F,0x60,0xC0,0x60,0xC0,0x30,0xC0,0x18,0xC0,0x3C,0xC0,
0x66,0x60,0xC0,0x61,0x00,0x63,0x00,0x36,0x00,0x1C,0x00,0x0C,0x00,0x07,0xFE,0x01,
/* 2920 */ 
0x00,0x00,0x00,0x03,0x0C,0x33,0xCC,0xFF,0x3E,0x33,0x3E,0x33,0x3E,0x33,0xFF,0xFF,
0x6F,0x00,0x8F,0x7F,0xCC,0x60,0xCC,0x60,0xCC,0x7F,0xCC,0x60,0xCC,0x60,0x8C,0x7F,
/* 2921 */ 
0x00,0x00,0x00,0x0C,0x00,0x06,0xCE,0x7F,0xFE,0x60,0xFE,0x7F,0xFE,0x60,0xDE,0x7F,
0xCE,0x60,0xCC,0x7F,0x0C,0x00,0xD8,0x6F,0xDC,0x6F,0x7C,0xFF,0x66,0xFB,0x66,0x3F,
/* 2922 */ 
0x00,0x00,0x18,0x00,0x98,0x33,0x7E,0x1E,0x7E,0x37,0xFE,0x6D,0x3E,0x06,0xFE,0x7F,
0x18,0x0F,0xD8,0x0D,0xF8,0xFF,0x98,0xCD,0xBC,0xCD,0xBC,0xCD,0xE6,0xCD,0x86,0x7D,
/* 2923 */ 
0x00,0x00,0x00,0x00,0xF6,0x3F,0x6C,0x66,0xD8,0x36,0xC0,0x1B,0x86,0x19,0xCC,0x0F,
0x18,0x67,0xCC,0x61,0x6C,0xFF,0x0C,0x06,0xEC,0x7F,0x0C,0x0F,0xC6,0x39,0x7E,0xE0,
/* 2924 */ 
0x00,0x00,0x00,0x03,0x0C,0x03,0x18,0xFF,0xB0,0xC1,0x80,0xC1,0xC6,0xC0,0xCC,0xC0,
0xF8,0xC7,0x00,0x6E,0x30,0x78,0x30,0x70,0x18,0x30,0x18,0x1C,0x0C,0x07,0xE6,0x01,
/* 2925 */ 
0x00,0x00,0x00,0x00,0xFC,0xFF,0x0C,0xC0,0xFC,0x7F,0x3C,0x63,0xEC,0x3B,0x8C,0x03,
0xCC,0x3F,0x7C,0x63,0x3C,0x03,0xFC,0x7F,0x1E,0x03,0xFE,0xFF,0x06,0x03,0x00,0x03,
/* 2926 */ 
0x00,0x00,0x8C,0x01,0x8C,0x19,0xEC,0xFF,0x7E,0xDE,0xFC,0xDF,0x7C,0x7E,0xFC,0x7F,
0xFC,0x7F,0xEE,0x7F,0xCE,0x70,0xCF,0x77,0xCC,0x76,0x6C,0x76,0x6C,0x7E,0xFC,0xCF,
/* 2927 */ 
0x00,0x00,0x00,0x06,0xC0,0x1C,0xFE,0xFF,0xC0,0x03,0xC0,0x1B,0x60,0x0F,0x30,0x67,
0xFC,0x7F,0x87,0x01,0xFE,0xFF,0xC0,0x63,0x70,0x36,0x3C,0x1C,0x36,0x38,0xF0,0xE3,
/* 2928 */ 
0x00,0x00,0x00,0x03,0x00,0x03,0xFC,0xFF,0x6C,0x18,0xFC,0xFF,0x6C,0x18,0xCC,0x18,
0x8C,0x0F,0x0C,0x03,0xFC,0x7F,0x3C,0x63,0x3C,0x63,0x36,0x63,0x36,0x7F,0x06,0x03,
/* 2929 */ 
0x00,0x00,0x00,0x00,0xFC,0x7F,0x30,0x60,0x30,0x60,0x60,0x60,0xC0,0x60,0xC0,0x78,
0x80,0x6D,0x00,0x66,0x80,0x63,0xC0,0x60,0x70,0x60,0x1C,0x60,0x00,0x60,0x00,0x3E,
/* 2930 */ 
0x00,0x00,0x00,0x00,0x00,0x06,0x8C,0x7F,0xFE,0xC0,0xBC,0xFF,0xFC,0xC0,0xBC,0xFF,
0xF6,0xC0,0xB6,0x7F,0x36,0x06,0xDC,0x6F,0xD8,0x6F,0xF8,0xEF,0x6C,0xFB,0x66,0xBF,
/* 2931 */ 
0x00,0x00,0x00,0x03,0x00,0x03,0xFC,0x7F,0x00,0x03,0xF8,0x7F,0xF8,0x7F,0x0C,0x60,
0xF8,0x7F,0x30,0x38,0x60,0x18,0xFE,0xFF,0xF8,0x3F,0x0C,0x60,0x0C,0x60,0xFC,0x7F,
/* 2932 */ 
0x00,0x00,0x00,0x0C,0x0C,0x0C,0xFC,0x0D,0x86,0x7F,0x86,0x0D,0x83,0x0D,0xFE,0x0C,
0xD8,0xFF,0x18,0x1B,0x7E,0x1B,0x18,0x1B,0x18,0xDB,0x18,0xDB,0xF8,0xD9,0xC0,0xF0,
/* 2933 */ 
0x00,0x00,0x00,0x00,0xC6,0x06,0xDC,0x06,0xF8,0xFF,0x60,0x06,0x67,0x06,0x3C,0x06,
0x18,0x06,0xF0,0xFF,0x98,0x19,0x98,0x19,0x98,0x19,0x8C,0xD9,0xCC,0xD8,0x76,0xF8,
/* 2934 */ 
0x00,0x00,0x00,0x30,0xFC,0x1F,0xC0,0x00,0x60,0x1C,0x30,0x0E,0xF8,0x03,0xC0,0x31,
0x70,0x30,0xFC,0x7F,0xB0,0x6D,0xB0,0x19,0x98,0x39,0x8C,0x31,0x8C,0x61,0xE6,0x61,
/* 2935 */ 
0x00,0x00,0x00,0x06,0xBE,0x07,0xF6,0x36,0xDE,0x66,0x7E,0xC6,0x9E,0x3F,0xDE,0x60,
0x7E,0x60,0xF6,0x7F,0x76,0x60,0xF6,0x7F,0x9E,0x37,0xC6,0x76,0x66,0x66,0x36,0xC7,
/* 2936 */ 
0x00,0x00,0x00,0x06,0x00,0x36,0x00,0x66,0xFC,0x66,0xE0,0xFF,0x60,0x06,0x6C,0x66,
0x6C,0x66,0x78,0x36,0x30,0x3C,0x30,0x1C,0x78,0xDC,0x6C,0xDE,0xC6,0xF3,0x80,0xF1,
/* 2937 */ 
0x00,0x00,0x00,0x00,0x18,0xFF,0x8C,0xCD,0xEC,0xCD,0xB6,0xCD,0xBE,0xCD,0x98,0xCD,
0x98,0xFF,0x8C,0xCD,0xE6,0xCD,0xBE,0xCD,0x80,0xCD,0x80,0xCD,0xFC,0xCD,0x80,0xFF,
/* 2938 */ 
0x00,0x00,0x00,0x00,0x3E,0x0C,0xF6,0xFF,0xF6,0xCC,0xF6,0xFF,0x3E,0x0C,0x36,0x0C,
0xB6,0x7F,0x36,0x0C,0xFE,0xFF,0x36,0x00,0xF6,0x7F,0xF6,0x60,0xF6,0x60,0xDC,0x7F,
/* 2939 */ 
0x00,0x00,0x00,0x00,0x18,0x00,0xBC,0xFF,0x7E,0x0C,0x7E,0x0C,0x7E,0x0C,0x7E,0x3C,
0x7E,0x6C,0x7E,0x6C,0x7E,0xCC,0x7E,0xCC,0x78,0x0C,0xD8,0x0C,0xF8,0x0C,0xCE,0x0C,
/* 2940 */ 
0x00,0x00,0x00,0x00,0xFC,0xFF,0x06,0x00,0xE6,0x3F,0x36,0x63,0x36,0x63,0x36,0x63,
0xF6,0x7F,0x36,0x63,0x36,0x63,0xF6,0x7F,0x06,0x03,0x06,0x03,0x06,0x03,0xFC,0xFF,
/* 2941 */ 
0x00,0x00,0xFC,0x7F,0x80,0x01,0xFE,0xFF,0xFE,0xFF,0x86,0xE1,0xFC,0x7F,0x80,0x01,
0xFC,0x7F,0xC6,0x60,0xFC,0x3F,0x06,0x7F,0x7E,0x66,0xFC,0x36,0x06,0x1C,0x80,0xF7,
/* 2942 */ 
0x00,0x00,0x30,0x00,0x18,0x18,0xFE,0xFF,0x8C,0xCD,0x3C,0xFF,0x36,0x0C,0x36,0x7F,
0x7E,0x0C,0x30,0x0C,0xB0,0xFF,0xF8,0x00,0xBE,0xFF,0xB0,0xC1,0xB0,0xC1,0x30,0xFF,
/* 2943 */ 
0x00,0x00,0x00,0x00,0xDE,0xFF,0x7E,0xC6,0x7E,0xC6,0x7E,0xC6,0xDE,0x7F,0x7E,0x00,
0x7E,0xFC,0xDE,0xCF,0x7E,0x78,0x7E,0x78,0x7E,0x78,0xDE,0x37,0x7E,0x78,0x0C,0xCE,
/* 2944 */ 
0x00,0x00,0x00,0x0C,0x18,0x0C,0xFE,0xFF,0x7E,0x0C,0xFE,0x3D,0xFE,0x3D,0x7E,0x3F,
0x7E,0x0F,0xFE,0xFF,0x7E,0x0C,0x7E,0x1E,0x7E,0x36,0x7E,0x33,0xFE,0x61,0xE0,0xC0,
/* 2945 */ 
0x00,0x00,0x18,0x06,0x18,0x06,0xF8,0xFF,0x0C,0x06,0x6C,0x36,0xCC,0x36,0xCE,0x1E,
0xCE,0x1E,0xFC,0xFF,0x0C,0x07,0x0C,0x07,0x8C,0x0D,0x8C,0x19,0xEC,0x30,0x3C,0xE0,
/* 2946 */ 
0x00,0x00,0x00,0x0C,0x3C,0x0C,0xFC,0xFF,0x18,0x0C,0x98,0x6D,0xBC,0x3D,0x36,0x3C,
0x30,0x0C,0xF8,0xFF,0x38,0x0C,0x3C,0x1E,0x36,0x1B,0x30,0x33,0xB0,0x61,0xFE,0xC0,
/* 2947 */ 
0x00,0x00,0x00,0x00,0xFF,0xFF,0x80,0x01,0x80,0x01,0x80,0x03,0x80,0x07,0x80,0x0D,
0x80,0x19,0x80,0x31,0x80,0x01,0x80,0x01,0x80,0x01,0x80,0x01,0x80,0x01,0x80,0x01,
/* 2948 */ 
0x00,0x00,0x00,0x00,0xFC,0xFF,0x0C,0x00,0xFC,0xFF,0xFC,0x3F,0x3C,0x60,0xFC,0x7F,
0xFC,0x7F,0x3C,0x60,0xFC,0x3F,0xEC,0x3F,0x76,0x30,0xFE,0x19,0x0E,0x0F,0xF6,0x7B,
/* 2949 */ 
0x00,0x00,0x00,0x00,0xFC,0x7F,0xF8,0x3F,0x0C,0x60,0xFC,0x7F,0x0C,0x60,0xFC,0x7F,
0x0C,0x60,0xF8,0x3F,0x60,0x00,0xF0,0x3F,0x7C,0x38,0xC7,0x0C,0x80,0x07,0xFE,0xFC,
/* 2950 */ 
0x00,0x00,0x00,0x00,0xC0,0xFF,0x7E,0x0C,0x66,0x0C,0x66,0x0C,0x66,0x0C,0x66,0x3C,
0x66,0x7C,0x66,0xCC,0x66,0x0C,0x66,0x0C,0x66,0x0C,0x7E,0x0C,0x0C,0x0C,0x00,0x0C,
/* 2951 */ 
0x00,0x00,0x00,0x00,0x8C,0x1F,0xEC,0x18,0x6C,0xF8,0x7E,0xFC,0xEC,0xFF,0xEC,0xFD,
0xEC,0x3D,0xFC,0x31,0xEE,0x31,0xEC,0x31,0xEC,0x79,0xEC,0x79,0xBC,0xCD,0x3F,0xC6,
/* 2952 */ 
0x00,0x00,0x0C,0x18,0x8C,0x1F,0xFC,0x18,0xC6,0xF8,0xC6,0xFC,0xFE,0xFF,0xF8,0xFF,
0xD8,0xFF,0xFE,0x33,0xF8,0x33,0xD8,0x33,0xD8,0x7B,0x78,0x7B,0x78,0xCF,0x78,0xCF,
/* 2953 */ 
0x00,0x00,0x00,0x00,0xB0,0x01,0x98,0x01,0xF8,0x7F,0x8C,0x01,0x8E,0x01,0x86,0x01,
0xFE,0xFF,0x60,0x06,0x60,0x06,0x60,0x06,0x60,0xC6,0x30,0xC6,0x18,0xC6,0x0E,0xFE,
/* 2954 */ 
0x00,0x00,0x30,0x00,0x30,0x06,0x18,0x06,0x78,0x06,0x78,0xC6,0x6C,0xC6,0x6E,0xC6,
0x6E,0xC6,0x6C,0xC6,0x6C,0xC6,0x6C,0xC6,0x6C,0xC6,0x6C,0xC6,0x6C,0xC6,0xC0,0x7F,
/* 2955 */ 
0x00,0x00,0x18,0x06,0x78,0x66,0xCC,0x66,0x66,0x3C,0xFC,0xFF,0xF6,0x18,0xF6,0x18,
0xFE,0xFF,0xF6,0x18,0xF6,0x18,0xFC,0x18,0x00,0xFF,0xC0,0x19,0x7C,0x18,0x06,0x18,
/* 2956 */ 
0x00,0x00,0x00,0x00,0x30,0x00,0x18,0x7C,0x98,0x0F,0x6C,0x0C,0x6C,0x0C,0x3E,0x0C,
0xF0,0xFF,0x18,0x0C,0xEC,0x0C,0x3E,0x0C,0x00,0x0C,0xF0,0x0C,0x1E,0x0C,0x00,0x0C,
/* 2957 */ 
0x00,0x00,0x00,0x00,0x00,0x6C,0xFC,0x7F,0x0C,0xCC,0xFC,0xCF,0x1C,0x6C,0x0C,0x6C,
0xFC,0x3F,0x3C,0x3B,0x3C,0x3B,0x3C,0x1B,0x36,0x1B,0xF6,0xFF,0x06,0xF6,0x03,0xE3,
/* 2958 */ 
0x00,0x00,0x00,0x00,0xEC,0x3F,0x6C,0x33,0x6C,0x36,0x6C,0x1E,0x6C,0x1E,0xE0,0x73,
0xF8,0x1F,0x0C,0x30,0x8C,0x31,0x8C,0x31,0x8C,0x31,0xCC,0x36,0x60,0x1C,0x3E,0x70,
/* 2959 */ 
0x00,0x00,0x00,0x00,0x78,0xFC,0xEC,0x07,0x6C,0x00,0x36,0x00,0xF8,0xFF,0xD8,0x60,
0xCC,0x60,0xFE,0x67,0xCE,0x60,0xCC,0x60,0xCC,0x60,0xCC,0x66,0xCC,0x63,0x0C,0x7C,
/* 2960 */ 
0x00,0x00,0x30,0x00,0x30,0x18,0xFC,0xFF,0xDC,0x0C,0xDC,0x0C,0xFC,0x66,0xFC,0x36,
0xCC,0x33,0xFE,0x3F,0xDC,0x18,0xFC,0x78,0xFC,0x6C,0xF6,0x66,0xC6,0xF6,0xF6,0xDF,
/* 2961 */ 
0x00,0x00,0x00,0x00,0xEC,0x7F,0x18,0xC0,0x98,0xC1,0x86,0xC1,0x86,0xC1,0xFE,0xFF,
0x86,0xC7,0xC6,0xC7,0xE6,0xCD,0xB6,0xD9,0x9E,0xF1,0x86,0xF1,0x86,0xC1,0x06,0xFC,
/* 2962 */ 
0x00,0x00,0x00,0x00,0x06,0x78,0xFC,0x1F,0xD8,0x18,0xC0,0x1E,0x67,0x1E,0xF6,0xFE,
0x8C,0x1F,0xB0,0x1F,0xB0,0x1F,0xEC,0x1E,0xEC,0x1E,0xEC,0xFE,0xB6,0x01,0x1E,0xFF,
/* 2963 */ 
0x00,0x00,0x00,0x00,0x3E,0x0C,0xE0,0xFF,0xE0,0x0C,0x60,0x06,0x7E,0x66,0x06,0x33,
0x86,0x31,0xBE,0x1F,0x60,0x18,0x60,0x6C,0x60,0x66,0x60,0xC6,0x30,0xFF,0xBE,0x87,
/* 2964 */ 
0x00,0x00,0x80,0x31,0x8C,0x19,0xCC,0xFF,0x3E,0x1B,0x3C,0x1B,0xB6,0x7F,0x36,0x7B,
0xF6,0xFF,0x36,0x7B,0xDC,0x7F,0x1C,0x1B,0x98,0x3B,0xFC,0x7B,0x66,0xDB,0x03,0x1B,
/* 2965 */ 
0x00,0x00,0x00,0x00,0xFC,0x7F,0x0C,0x60,0x0C,0x60,0xFC,0x7F,0x0C,0x60,0x0C,0x60,
0xF8,0x3F,0x6C,0x66,0x78,0x36,0x78,0x36,0x78,0x36,0x70,0x1E,0x60,0x06,0xFE,0xFF,
/* 2966 */ 
0x00,0x00,0x00,0x06,0x3C,0x0F,0x36,0x1B,0xB6,0x31,0xDE,0x60,0xFE,0xFF,0x1E,0x00,
0x36,0x06,0xF6,0x36,0xE6,0x36,0xE6,0x37,0xBE,0x3D,0x86,0x1D,0x06,0x18,0xE6,0x7F,
/* 2967 */ 
0x00,0x00,0x00,0x00,0xFE,0x7F,0x98,0x61,0x98,0x61,0x98,0x6D,0x98,0x6D,0xFE,0x6D,
0x98,0x6D,0x98,0x7D,0x98,0x7F,0x18,0x1E,0x78,0xDE,0x3C,0xDB,0x06,0xDB,0xF0,0xF9,
/* 2968 */ 
0x00,0x00,0x30,0x18,0x30,0x78,0xFE,0xDB,0x30,0x18,0xFE,0xFF,0xCE,0x19,0xFE,0x19,
0xFE,0x39,0xB6,0x39,0xFE,0x3D,0xB6,0x3D,0xB6,0x6D,0xB6,0x67,0xE6,0xC7,0x00,0x83,
/* 2969 */ 
0x00,0x00,0x00,0x00,0xF8,0x3F,0x18,0x30,0x18,0x30,0xF8,0x3F,0x18,0x30,0x18,0x30,
0xF8,0x3F,0x18,0x30,0x18,0x30,0xFE,0xFF,0x60,0x18,0x30,0x30,0x18,0x78,0xFC,0x6F,
/* 2970 */ 
0x00,0x00,0x00,0x0C,0x3C,0x0C,0xF6,0xFF,0xF6,0xC0,0xF6,0xFF,0xFE,0xC0,0xF6,0xC0,
0xB6,0x7F,0x36,0xCC,0xBC,0xCF,0x36,0x7F,0x36,0x3F,0xB6,0x6D,0xB6,0x6D,0xFC,0xCF,
/* 2971 */ 
0x00,0x00,0x00,0x06,0x0C,0x06,0x3C,0x7E,0xEC,0x63,0x66,0x63,0xFE,0x31,0xD8,0x30,
0x18,0x77,0x98,0xC1,0x98,0xC1,0x98,0xC1,0x98,0xF3,0xF8,0xC1,0xB8,0xC1,0x98,0xFF,
/* 2972 */ 
0x00,0x00,0x00,0x18,0x60,0x18,0xFE,0xFF,0x80,0x01,0xFC,0x7F,0x80,0x01,0xFE,0xFF,
0xC0,0x00,0xDC,0xFF,0xF0,0xC6,0x60,0x66,0x30,0x66,0x18,0x0F,0x8E,0x19,0xF0,0xF0,
/* 2973 */ 
0x00,0x00,0x80,0x01,0x00,0x03,0xFE,0xFF,0xB6,0xC1,0xB6,0xC1,0xF0,0x3F,0x98,0x01,
0x8C,0x01,0x80,0x01,0xFE,0xFF,0x60,0x06,0x60,0xC6,0x60,0xC6,0x30,0x66,0x1C,0x7E,
/* 2974 */ 
0x00,0x00,0x00,0x00,0x3E,0x03,0x36,0x7F,0xB6,0x61,0x9E,0x61,0xDE,0x30,0x36,0x18,
0xB6,0x7F,0xE6,0xC0,0xE6,0xC0,0xF6,0xC0,0xDE,0xF3,0xC6,0xC0,0xC6,0xC0,0xC6,0xFF,
/* 2975 */ 
0x00,0x00,0x00,0x00,0xFE,0x7F,0xF6,0x60,0xF6,0x60,0xF6,0x7F,0xDE,0x60,0xF6,0x60,
0xF6,0x7F,0xF6,0x06,0xF6,0x66,0xFE,0x3C,0xC6,0x1C,0xC6,0x18,0xC6,0x30,0xC6,0xE7,
/* 2976 */ 
0x00,0x00,0x00,0x03,0x18,0x0F,0x18,0x3B,0x6C,0x03,0xEC,0x3F,0x36,0x06,0x3E,0x06,
0x18,0x7E,0xF8,0x07,0x6C,0x6C,0x3E,0x3C,0x00,0x18,0xE0,0x1E,0xBE,0xF3,0xC0,0xE0,
/* 2977 */ 
0x00,0x00,0x00,0x00,0x18,0xFF,0x98,0xC1,0x98,0xC1,0xFE,0xC1,0xB8,0xFF,0xF8,0xC1,
0xFC,0xC1,0xDC,0xC1,0x9E,0xFF,0x9E,0xC1,0x98,0xC1,0x98,0xC1,0x98,0xC1,0x00,0x7F,
/* 2978 */ 
0x00,0x00,0x00,0x00,0xFC,0xFF,0x36,0x00,0x66,0x7E,0x66,0xC6,0xFE,0xC7,0x66,0xC6,
0xF6,0xFE,0xF6,0xC6,0xFE,0xC7,0xFE,0xFF,0x6E,0xC6,0x66,0xC6,0x66,0xC6,0x63,0x7E,
/* 2979 */ 
0x00,0x00,0x00,0x0C,0xCC,0xFF,0x7C,0x00,0xC6,0xFF,0xC3,0xDE,0xBE,0x7F,0xCC,0xFF,
0x0C,0x33,0xCC,0xFF,0x7F,0x33,0xCC,0xFF,0x0C,0xFB,0xCC,0x33,0x7C,0x73,0x18,0xCF,
/* 2980 */ 
0x00,0x00,0x00,0x00,0xFC,0x7F,0x80,0x01,0x80,0x01,0xFE,0xFF,0xC0,0x07,0xF0,0x1D,
0x9F,0x71,0xF0,0xDF,0x18,0x70,0x18,0x60,0xF8,0x7F,0x18,0x60,0x18,0x60,0xF8,0x3F,
/* 2981 */ 
0x00,0x00,0x18,0x06,0x0C,0x06,0xFC,0x7F,0x66,0x1B,0x18,0x3F,0x98,0xE1,0xFE,0xC1,
0xB8,0xC1,0xB8,0xFF,0xFC,0xC1,0xFC,0xC1,0xDE,0xFF,0x98,0xC1,0x98,0xC1,0x98,0x7F,
/* 2982 */ 
0x00,0x00,0x00,0x00,0xFC,0xFF,0x00,0x00,0xFC,0x7F,0x8C,0x67,0xFC,0x7E,0x60,0x0C,
0xFE,0xFF,0x60,0x0C,0xFC,0x7F,0xC0,0x0F,0xFC,0x7B,0x38,0x6E,0x3E,0x38,0xF0,0xF3,
/* 2983 */ 
0x00,0x00,0x00,0x00,0xCC,0x7C,0xD8,0xCC,0xF0,0xCF,0xC0,0xCC,0xC6,0xFD,0xCC,0xCD,
0xE0,0xCF,0xF8,0xCF,0xF8,0xCF,0xFC,0xFC,0xCC,0xCC,0xCC,0xCC,0xC6,0xCC,0xC6,0x7C,
/* 2984 */ 
0x00,0x00,0x00,0x00,0x80,0x01,0xC0,0x30,0x60,0x18,0x30,0x0C,0xF8,0x07,0x00,0x03,
0x80,0x61,0xE0,0x60,0xF8,0x3F,0x60,0x18,0x00,0x0C,0x00,0x07,0xE0,0x01,0x3E,0x00,
/* 2985 */ 
0x00,0x00,0x00,0x00,0xF6,0xFF,0x3C,0xC6,0xFE,0xDF,0x98,0xDF,0x98,0xF7,0x98,0xF7,
0x3C,0xC6,0x18,0xE7,0x18,0xF7,0xFF,0xF7,0xD8,0xDE,0xEC,0xDE,0x0C,0xC6,0xC6,0xFF,
/* 2986 */ 
0x00,0x00,0x00,0x60,0x18,0x63,0x30,0x33,0x3E,0x36,0xE0,0x7F,0x30,0x0C,0x30,0x0C,
0xB8,0xFF,0x7C,0x0C,0x7E,0x0C,0x18,0x0C,0x98,0x7F,0x18,0x0C,0x18,0x0C,0x18,0x0C,
/* 2987 */ 
0x00,0x00,0x00,0x60,0x1C,0x63,0x30,0x33,0x00,0x36,0xCE,0xFF,0x18,0x0C,0x18,0x0C,
0x98,0x7F,0x18,0x0C,0x18,0x0C,0x18,0x0C,0xF8,0xFF,0x38,0x0C,0x18,0x0C,0x00,0x0C,
/* 2988 */ 
0x00,0x00,0x00,0x00,0x18,0x7F,0x18,0x63,0x7C,0x7F,0x38,0x63,0x7C,0x63,0xDE,0x7F,
0x1E,0x63,0x18,0x7F,0x80,0x01,0x6C,0x33,0x6C,0x63,0x6C,0x7E,0x66,0xD8,0xE6,0xDF,
/* 2989 */ 
0x00,0x00,0x00,0x0C,0x00,0x06,0x3E,0x06,0xF6,0xFF,0xF6,0xC0,0xF6,0xC0,0xF6,0xFF,
0xF6,0xF3,0xF6,0xF3,0xF6,0xF3,0xF6,0xF3,0xF6,0xFF,0xFE,0xC0,0xC0,0xC0,0xC0,0xF8,
/* 2990 */ 
0x00,0x00,0x80,0x01,0x00,0x03,0xFE,0xFF,0xF0,0x1F,0x18,0x30,0x0C,0x30,0xF8,0x3F,
0x00,0x00,0xFC,0x3F,0x00,0x1C,0x00,0x07,0xFE,0xFF,0x00,0x06,0x00,0x06,0xF0,0x07,
/* 2991 */ 
0x00,0x00,0x00,0x00,0xFE,0xFF,0x0C,0x06,0x8C,0x7F,0xCC,0x60,0xCC,0x60,0xCC,0x6C,
0xCC,0x6C,0xCC,0x66,0xCC,0x66,0xCC,0x66,0xFC,0x63,0x0E,0x1B,0xC0,0x71,0x70,0xC0,
/* 2992 */ 
0x00,0x00,0x60,0x0C,0x60,0x0C,0xFC,0x7F,0x60,0x0C,0x60,0x0C,0xFE,0xFF,0x60,0x0C,
0xF0,0x3F,0x1C,0x78,0x1F,0xD8,0xF8,0x1F,0x18,0x60,0x18,0x60,0x18,0x60,0xF0,0x7F,
/* 2993 */ 
0x00,0x00,0x00,0x03,0x98,0x3F,0xD8,0x18,0xF8,0xFF,0xFC,0xCC,0xDC,0xCC,0xFC,0xFF,
0x3C,0x63,0x9E,0x67,0xFE,0x3F,0xD8,0x3D,0x78,0x6E,0x98,0x6F,0xF8,0xCC,0x38,0x0F,
/* 2994 */ 
0x00,0x00,0x18,0x03,0x98,0x1F,0xF8,0x18,0xCC,0x3F,0x7C,0xE6,0x3C,0xC6,0xEE,0xFF,
0x0E,0x63,0xCC,0xE7,0x7C,0x3F,0xCC,0x0D,0x7C,0x1F,0xCC,0x3D,0x7C,0xEC,0xCC,0x07,
/* 2995 */ 
0x00,0x00,0x80,0x01,0x80,0x01,0xF8,0x3F,0x0C,0xE0,0x0C,0xC0,0xEC,0xCF,0x3C,0xD8,
0x3C,0xD8,0x3C,0xD8,0x3C,0xD8,0x3C,0xD8,0x3C,0xD8,0xEC,0xCF,0x0C,0xC0,0x0C,0x78,
/* 2996 */ 
0x00,0x00,0x60,0x00,0xF0,0x0F,0x18,0x0C,0x0E,0x06,0xFC,0x7F,0x0C,0x63,0x0C,0x63,
0xFC,0x7F,0xC0,0x63,0x78,0x33,0xCC,0x1F,0x78,0x0F,0xCC,0x1F,0x70,0x36,0xFE,0xE3,
/* 2997 */ 
0x00,0x00,0x30,0x18,0xFE,0xFF,0x30,0x18,0x80,0x01,0xFC,0x7F,0x80,0x61,0xFE,0xFF,
0x80,0x61,0xFC,0x3F,0x8C,0x61,0xEC,0x67,0xEC,0x6D,0xEC,0x6D,0xBC,0x6D,0x86,0x61,
/* 2998 */ 
0x00,0x00,0x00,0x00,0xFE,0xCD,0x98,0x6D,0x0C,0x6F,0x0C,0x3C,0x9C,0xFF,0xFC,0xC1,
0xEE,0xC1,0xEE,0xFF,0xEC,0xC1,0xEC,0xFF,0xEC,0xC1,0xEC,0xC1,0xEC,0xC1,0xBC,0xF9,
/* 2999 */ 
0x00,0x00,0x00,0x00,0xF8,0x3F,0xFC,0xFF,0x86,0xC1,0xFE,0xFD,0xFE,0xFF,0x80,0x01,
0xF0,0x19,0xF0,0x1F,0x1C,0x30,0xFC,0x3F,0x0C,0x30,0xFC,0x3F,0x0C,0x30,0x0C,0x3E,
/* 3000 */ 
0x00,0x00,0x60,0xC0,0x60,0xDB,0x6C,0xDB,0xF8,0xD9,0xF8,0xD9,0xFC,0xDB,0x06,0xDB,
0x06,0xDB,0xFE,0xDB,0x06,0xDB,0x06,0xDB,0xFE,0xDB,0x06,0xC3,0x06,0xC3,0xC6,0x7B,
/* 3001 */ 
0x00,0x00,0x00,0x06,0x1C,0xC6,0xF6,0x7F,0x36,0x36,0xF6,0xFF,0x76,0x0C,0x36,0x06,
0xB6,0x7F,0xF6,0x18,0x36,0x0E,0x36,0x18,0xF6,0xFF,0x36,0x18,0xB6,0x31,0x1C,0x1F,
/* 3002 */ 
0x00,0x00,0x00,0x00,0xFC,0x7F,0x86,0x63,0xFC,0x7E,0xFE,0xFF,0x80,0x01,0xF8,0x3F,
0x8C,0x31,0x8C,0x31,0xCC,0x3E,0x78,0x78,0x0E,0xC0,0xFC,0xFF,0x86,0xC3,0xFC,0xFF,
/* 3003 */ 
0x00,0x00,0x00,0x00,0x8C,0x0D,0x7C,0x6F,0x06,0x6F,0x06,0x3F,0x80,0x7F,0xBC,0xC1,
0x98,0xC1,0x98,0xFF,0xFE,0xC1,0x98,0xC1,0x98,0xFF,0x98,0xC1,0xF8,0xC1,0xB8,0x79,
/* 3004 */ 
0x00,0x00,0x00,0x06,0x6C,0x66,0xD8,0x36,0x80,0x37,0x00,0x06,0xEE,0xFF,0x6C,0xC0,
0x60,0xC0,0xE0,0xFF,0x78,0xC0,0x78,0xC0,0xF8,0xFF,0x6C,0xC0,0x6C,0xC0,0x66,0x78,
/* 3005 */ 
0x00,0x00,0x80,0x01,0x00,0x03,0xFE,0xFF,0x36,0xDB,0x36,0xDB,0x60,0x0F,0xF8,0x7F,
0x0C,0x60,0x0C,0x60,0xFC,0x7F,0x0C,0x60,0xFC,0x7F,0x0C,0x60,0x0C,0x60,0x0C,0x7E,
/* 3006 */ 
0x00,0x00,0x00,0x00,0xCC,0x39,0x18,0x0F,0xE0,0x7F,0x00,0x06,0xE6,0x7F,0x8E,0x01,
0xE0,0x7F,0xF0,0x60,0xD8,0x7F,0xCC,0x60,0xCC,0x7F,0xCC,0x60,0xC6,0x60,0xC0,0x78,
/* 3007 */ 
0x00,0x00,0x00,0x00,0x9E,0x01,0xF6,0x7F,0x36,0x33,0x36,0x1E,0x36,0xCE,0x36,0xCF,
0xFE,0xF9,0x36,0x60,0xF6,0xFF,0x36,0x1B,0xB6,0x19,0xB6,0xD9,0xFE,0xD9,0x60,0xF8,
/* 3008 */ 
0x00,0x00,0x00,0x00,0x80,0x01,0x80,0x01,0x80,0x01,0x98,0x31,0x98,0x31,0x98,0x61,
0x8C,0x61,0x8C,0x61,0x8C,0x61,0x86,0xC1,0x86,0xC1,0x83,0xC1,0x80,0x01,0xF0,0x01,
/* 3009 */ 
0x00,0x00,0x80,0x01,0x80,0x61,0xFC,0x3F,0x80,0x19,0xFE,0xFF,0x00,0x06,0x80,0x03,
0xF0,0x3F,0x1C,0x1C,0x06,0x07,0x00,0x06,0xFC,0xFF,0x00,0x0C,0x00,0x0C,0xE0,0x07,
/* 3010 */ 
0x00,0x00,0x00,0x00,0x18,0x06,0xD8,0xFF,0x18,0x00,0x7E,0x33,0x9C,0x31,0xBC,0x61,
0xBC,0x73,0xDE,0xF3,0x1E,0x1E,0x1B,0x1E,0x18,0x0C,0x18,0x1E,0x98,0x73,0xF8,0xC0,
/* 3011 */ 
0x00,0x00,0x80,0x01,0x98,0x31,0xB0,0x19,0xB0,0x19,0x80,0x01,0xF8,0x3F,0x0C,0x60,
0x0C,0x60,0xFC,0x7F,0x0C,0x60,0x0C,0x60,0xFC,0x7F,0x0C,0x60,0x0C,0x60,0x0C,0x3E,
/* 3012 */ 
0x00,0x00,0x00,0x0C,0xFE,0x7F,0x1E,0x6C,0xFE,0xFF,0x3E,0x6C,0x1E,0x6C,0xFE,0x7F,
0xDE,0x6C,0xDE,0x6C,0x7E,0x7F,0x7E,0x7F,0xFE,0x7D,0xFE,0x7D,0xFE,0x7D,0x60,0x0C,
/* 3013 */ 
0x00,0x00,0x18,0x00,0x18,0x06,0xF8,0xFF,0x3C,0x1B,0xB6,0x19,0x30,0x00,0xFC,0x7F,
0x80,0x01,0x80,0x01,0xFE,0xFF,0x80,0x03,0xC0,0x06,0x60,0x0C,0x30,0x18,0x1E,0xF0,
/* 3014 */ 
0x00,0x00,0x00,0x00,0x30,0x06,0xFE,0x07,0x60,0xFE,0xD8,0x66,0xCC,0x66,0xCC,0x67,
0xCC,0x37,0xDE,0x3F,0x78,0x3C,0x70,0x38,0x70,0x18,0xD8,0x38,0xCC,0x6C,0x86,0xC7,
/* 3015 */ 
0x00,0x00,0x00,0x00,0x98,0x01,0xF8,0xFF,0x98,0xD9,0x9E,0xD9,0xFC,0xDF,0xBC,0xD9,
0xFE,0xDF,0x9E,0xFD,0x9E,0x07,0xFB,0xFF,0x18,0x0E,0x18,0x0F,0x98,0x3B,0xF8,0xE0,
/* 3016 */ 
0x00,0x00,0x60,0x00,0x60,0x06,0x6C,0x66,0xEC,0x37,0x6C,0x1E,0x6C,0xC6,0x6C,0xC6,
0x6C,0xC7,0xFC,0xFD,0x1E,0x60,0x00,0x00,0xFC,0x7F,0x00,0x00,0x00,0x00,0xFE,0xFF,
/* 3017 */ 
0x00,0x00,0x00,0x00,0xFC,0x0D,0x8C,0x0D,0xFC,0xFD,0x8C,0xDF,0x8C,0xDF,0xF8,0xDE,
0xFC,0xFB,0x3C,0x3B,0x3E,0x3B,0x7C,0x3B,0xDC,0x6F,0x0C,0x6F,0xFC,0xC7,0xF0,0x87,
/* 3018 */ 
0x00,0x00,0x00,0x00,0x98,0x7F,0xD8,0x60,0xFE,0x7F,0xFE,0x60,0xFE,0x60,0xBE,0x3F,
0xBE,0x01,0xBE,0xFF,0xFE,0xCC,0xFE,0xDE,0xF8,0xF3,0xF8,0xF1,0xF8,0xFF,0x6E,0xF8,
/* 3019 */ 
0x00,0x00,0x0C,0x18,0x6C,0x18,0xFE,0xFF,0x6C,0x18,0x7C,0x18,0x30,0x18,0xFE,0x18,
0xF6,0x7E,0xF6,0x18,0xF6,0x18,0xFC,0xFF,0x30,0x18,0xFE,0x19,0x30,0x18,0xB0,0xFF,
/* 3020 */ 
0x00,0x00,0x00,0x00,0x18,0x03,0x18,0x03,0xD8,0x3F,0x3E,0x33,0x18,0x33,0x18,0xF3,
0xD8,0xF3,0xD8,0xF3,0x78,0xF3,0xF8,0xF1,0x98,0xF1,0xD8,0x30,0xF8,0x30,0x78,0x1F,
/* 3021 */ 
0x00,0x00,0x00,0x00,0x18,0x06,0x18,0x06,0xBE,0x3F,0xD8,0x66,0xD8,0x66,0x98,0x37,
0x98,0x37,0x38,0x06,0xFF,0x7F,0x18,0x0E,0x18,0x0E,0x18,0x1B,0x98,0x31,0xEE,0xE0,
/* 3022 */ 
0x00,0x00,0x80,0x01,0x98,0x0D,0xD8,0xFF,0xD8,0x0C,0xFC,0x7F,0xD8,0x0C,0xD8,0x7F,
0xD8,0xFF,0xF8,0x00,0xDE,0x7F,0x18,0x33,0x18,0xF3,0x98,0xC1,0x98,0xC1,0xEE,0xFC,
/* 3023 */ 
0x00,0x00,0x00,0x00,0xFC,0x7F,0xCC,0x66,0xCC,0x66,0xCC,0x66,0xC6,0x36,0xFE,0x37,
0xE0,0x36,0xE0,0x66,0xF0,0xC6,0xD8,0xC6,0xD8,0xC6,0xCC,0xC6,0xC6,0xFE,0x78,0x06,
/* 3024 */ 
0x00,0x00,0x00,0x00,0x70,0x60,0xD8,0x66,0x8C,0x6D,0x06,0x7B,0xFC,0x71,0x30,0x67,
0xFE,0x6D,0x30,0x6C,0xFC,0x78,0xFC,0xF0,0xBC,0x7F,0xB6,0x61,0xB6,0x61,0x3C,0x60,
/* 3025 */ 
0x00,0x00,0x00,0x06,0x3C,0x06,0x36,0x06,0xF6,0x7F,0x36,0x66,0x3E,0x66,0xB6,0x67,
0xB6,0xF7,0xF6,0xF6,0xFE,0xF3,0xF6,0x33,0x36,0x33,0xB6,0x31,0xB6,0x31,0xFC,0x1F,
/* 3026 */ 
0x00,0x00,0x00,0x00,0xCC,0x0C,0xDC,0x6C,0xF8,0x3F,0xC0,0x1C,0xCE,0xCC,0xD8,0xCE,
0xD8,0x7F,0x18,0x06,0xD8,0x7F,0xD8,0xC0,0xD8,0xFF,0xF8,0xC0,0xF8,0xC0,0xC0,0x7F,
/* 3027 */ 
0x00,0x00,0x00,0x00,0xFC,0x7F,0x06,0xC0,0x06,0xC0,0x1E,0xC0,0xF8,0x3F,0x18,0x00,
0x18,0x00,0xF0,0x7F,0x00,0x60,0x00,0x60,0xFC,0x7F,0x00,0x60,0x00,0x60,0x00,0x7E,
/* 3028 */ 
0x00,0x00,0x00,0x18,0x0C,0x78,0xEC,0xFF,0x0C,0xD8,0xDE,0x1E,0xDC,0xDE,0xDC,0xDE,
0xFC,0x7F,0xFE,0x7E,0xCF,0x36,0xCF,0x36,0x6C,0xFE,0x3C,0xFE,0x0C,0xE6,0x0C,0xC3,
/* 3029 */ 
0x00,0x00,0x0C,0x00,0x0C,0xFE,0xFC,0xC7,0x36,0xC6,0x36,0xC6,0x30,0xC6,0xFE,0xC7,
0x30,0xC6,0x3C,0xC6,0xFC,0xC7,0x3C,0xC6,0x3C,0xC6,0xBC,0xC7,0xFC,0xFE,0x06,0x06,
/* 3030 */ 
0x00,0x00,0x18,0x00,0xF8,0xFF,0x6C,0xCC,0xFE,0xF6,0xB6,0x7F,0xFE,0xFF,0xB6,0x1B,
0xFE,0xFF,0xF6,0x19,0xC0,0x01,0xFC,0x7F,0x8C,0x61,0xFC,0x7F,0x80,0x61,0xFE,0xFF,
/* 3031 */ 
0x00,0x00,0xCC,0x00,0xCC,0xFF,0x6C,0xDB,0x7C,0xDB,0xFF,0xDF,0xFF,0xFF,0xFF,0x3F,
0xFF,0x3F,0xEF,0xFF,0xEC,0x3F,0xEC,0x37,0xEC,0xFF,0xBC,0x37,0xBC,0x37,0xBC,0x37,
/* 3032 */ 
0x00,0x00,0x00,0x00,0x66,0x66,0x6C,0x66,0x78,0x66,0x60,0x66,0xF8,0xFF,0x6E,0x66,
0x7C,0x66,0x60,0x66,0x70,0x66,0x78,0x66,0x78,0x3E,0x6C,0x00,0x6C,0x00,0xC6,0xFF,
/* 3033 */ 
0x00,0x00,0x00,0x00,0xE6,0xFF,0x3C,0xC0,0xF8,0xC0,0xF0,0xC0,0xC6,0x3F,0xCE,0x00,
0xCC,0x00,0x80,0xFF,0x18,0xC0,0x18,0xC0,0xF8,0xDF,0x0C,0xC0,0x0C,0xC0,0x06,0x7E,
/* 3034 */ 
0x00,0x00,0x00,0x00,0x8E,0x61,0xD8,0x63,0x60,0xFE,0x60,0x66,0xEF,0x7F,0x6C,0x7E,
0xEC,0x7F,0x6C,0x7E,0xEC,0x7F,0x0C,0x76,0x0C,0x67,0xBC,0x67,0xFC,0x66,0x80,0x7F,
/* 3035 */ 
0x00,0x00,0x00,0x00,0xFC,0x7F,0x0C,0xC0,0xFC,0x7F,0x3C,0x66,0xEC,0x36,0x0C,0x06,
0xFC,0xFF,0x3C,0xC0,0xFC,0xFF,0x36,0xC0,0xF6,0xFF,0x36,0xC0,0x36,0xC0,0x30,0x7C,
/* 3036 */ 
0x00,0x00,0x60,0x00,0x60,0x0C,0xFE,0xFF,0x70,0x00,0x30,0xC0,0xFC,0x7E,0xD8,0x06,
0x78,0x06,0xFC,0xFF,0x30,0x36,0xFC,0x37,0xF8,0x36,0xFC,0x36,0xB6,0x37,0x38,0x03,
/* 3037 */ 
0x00,0x00,0x00,0x00,0x60,0x18,0xFE,0xFF,0x60,0x18,0x60,0x18,0x80,0x01,0x78,0x33,
0x6C,0x33,0x6C,0x66,0x6C,0x66,0x6C,0xC0,0x66,0xC0,0x66,0x18,0x60,0x18,0xE0,0x1F,
/* 3038 */ 
0x00,0x00,0x00,0x0C,0x0C,0x0C,0xFC,0xFF,0x06,0x63,0x06,0x63,0x7E,0x33,0xD8,0xFF,
0x18,0x0C,0x7E,0x0C,0x18,0x0C,0x98,0xFF,0x18,0x0C,0x18,0x0C,0x78,0x0C,0x38,0x0C,
/* 3039 */ 
0x00,0x00,0x00,0x00,0xE0,0x03,0x3C,0xFF,0x06,0xC3,0x06,0xC3,0xFE,0xCF,0x66,0xCF,
0xE6,0x6D,0x66,0x1C,0x66,0x1C,0x66,0x1E,0x66,0x36,0x66,0x33,0x66,0x63,0xE0,0xC1,
/* 3040 */ 
0x00,0x00,0x80,0x01,0x00,0x03,0xFC,0xFF,0x30,0x18,0x60,0x18,0x60,0x18,0x60,0x18,
0xFE,0xFF,0x80,0x01,0x80,0x01,0x80,0x01,0xFE,0xFF,0x80,0x01,0x80,0x01,0x00,0x00,
/* 3041 */ 
0x00,0x00,0x30,0x00,0x30,0xE0,0xFE,0x3F,0xCC,0x06,0xD8,0x06,0xD8,0x06,0xFE,0xFF,
0x30,0x66,0xFE,0x67,0x30,0x66,0xF8,0x66,0xFC,0x66,0xBC,0x67,0xB6,0x63,0x3C,0x63,
/* 3042 */ 
0x00,0x00,0x18,0x00,0x18,0x78,0x98,0x0F,0x9E,0x01,0xFE,0x01,0xFE,0x01,0xFE,0xFF,
0x9E,0x19,0x9B,0x19,0x98,0x19,0x98,0x19,0xD8,0x18,0xD8,0x18,0xD8,0x18,0x78,0x00,
/* 3043 */ 
0x00,0x00,0x00,0x00,0x80,0x01,0x60,0x33,0x6C,0x33,0x6C,0x63,0x6C,0x63,0x6C,0x66,
0x6C,0x66,0x6C,0xC6,0x66,0xC6,0x66,0xC0,0x66,0xF0,0x66,0xF0,0x66,0x30,0xC0,0x1F,
/* 3044 */ 
0x00,0x00,0x18,0x00,0x18,0x06,0xF8,0xFF,0x0C,0x00,0x0C,0x00,0xEC,0x7F,0x0E,0x00,
0xEE,0x7F,0x0C,0x00,0x0C,0x00,0xEC,0x7F,0x6C,0x60,0x6C,0x60,0x6C,0x60,0xEC,0x7F,
/* 3045 */ 
0x00,0x00,0x30,0x00,0x30,0x18,0x98,0xD9,0xFE,0x7B,0xFE,0x7E,0xFE,0x38,0xFE,0xFF,
0xFE,0x18,0xFE,0x18,0xFE,0x18,0xFE,0xFF,0xFE,0x18,0xFE,0x19,0x7E,0x18,0x00,0x18,
/* 3046 */ 
0x00,0x00,0x00,0x00,0xF8,0x3F,0x0C,0x60,0xF8,0x7F,0x0C,0x60,0x0C,0x60,0xF8,0x3F,
0x30,0x03,0xF8,0x7F,0x0C,0x03,0x06,0x03,0xF8,0x7F,0x00,0x03,0x00,0x03,0xFE,0xFF,
/* 3047 */ 
0x00,0x00,0x00,0x00,0xBC,0xFF,0xF6,0xC0,0xF6,0xFF,0xF6,0xC0,0xFE,0xC0,0xB6,0x7F,
0xB6,0x0D,0xB6,0xFF,0xFE,0x0C,0x36,0x0C,0xB6,0xFF,0x36,0x0C,0x36,0x0C,0xFE,0xFF,
/* 3048 */ 
0x00,0x00,0x00,0x00,0xF6,0xFF,0xDC,0xC0,0xDC,0xFF,0xDC,0xC0,0xDE,0xC0,0xD8,0x7F,
0xB8,0x0D,0xFC,0xFF,0xFC,0x0C,0x76,0x0C,0xF0,0xFF,0x30,0x0C,0x18,0x0C,0xFE,0xFF,
/* 3049 */ 
0x00,0x00,0x00,0x00,0xD8,0x7F,0xD8,0xC0,0xFE,0xC0,0xFE,0xFF,0xFE,0xC0,0xFE,0x7F,
0xFE,0x0C,0xDB,0xFF,0xD8,0x0C,0x78,0x0C,0xD8,0x7F,0x18,0x0C,0x18,0x0C,0xF8,0xFF,
/* 3050 */ 
0x00,0x00,0x00,0x00,0xC0,0x60,0x8C,0x61,0x8C,0x31,0x98,0x31,0x18,0x1B,0x30,0x18,
0x00,0x0C,0xFE,0xFF,0x60,0x00,0x60,0x0C,0x30,0x18,0x38,0x30,0x1C,0x60,0x06,0x00,
/* 3051 */ 
0x00,0x00,0x00,0x00,0xFE,0xDB,0xD8,0xD8,0xD8,0xD8,0xD8,0xD8,0xD8,0xD8,0xD8,0xD8,
0xFC,0xDB,0xD8,0xD8,0xD8,0xD8,0xD8,0xD8,0xCC,0xD8,0xCC,0xC0,0xC6,0xC0,0x06,0xF8,
/* 3052 */ 
0x00,0x00,0x00,0x00,0xFE,0xDB,0x98,0xD9,0x98,0xD9,0xFE,0xDF,0x98,0xD9,0x98,0xD9,
0x98,0xD9,0x8C,0xC1,0x86,0x79,0x80,0x01,0xFC,0x7F,0x80,0x01,0x80,0x01,0xFE,0xFF,
/* 3053 */ 
0x00,0x00,0x00,0x00,0xFE,0x63,0xCC,0x30,0xCC,0x1C,0xCC,0x07,0xCC,0xC0,0xCC,0x60,
0xFE,0x37,0xCC,0x1C,0xCC,0xC7,0xCC,0xC0,0xCC,0x60,0xCC,0x30,0xCC,0x1C,0x06,0x06,
/* 3054 */ 
0x00,0x00,0x00,0x00,0xFE,0xFF,0xD8,0xCC,0xD8,0x6C,0xD8,0x6C,0xD8,0x6C,0xD8,0x3C,
0xFE,0x3F,0xD8,0x6C,0xD8,0x6C,0xD8,0xCC,0xCC,0xCC,0xCC,0xCC,0xCC,0xDC,0xC6,0x7C,
/* 3055 */ 
0x00,0x00,0x00,0x00,0x18,0x00,0xD8,0x7F,0x0C,0x00,0x06,0x00,0xF8,0xFF,0x18,0x18,
0x0C,0x18,0x0C,0x18,0x0F,0x18,0x0C,0x18,0x0C,0x18,0x0C,0x18,0x0C,0x18,0x0C,0x1F,
/* 3056 */ 
0x00,0x00,0x00,0x00,0xFE,0x7F,0x38,0xC3,0x38,0xC3,0x7E,0xFF,0xFE,0xC3,0xFE,0xFF,
0xFE,0x1B,0xFE,0x1B,0xE6,0x7F,0xC6,0x19,0xFE,0xFF,0xC6,0x18,0xC6,0x18,0xFE,0xFF,
/* 3057 */ 
0x00,0x00,0x00,0x00,0x80,0x01,0xFC,0x7F,0x80,0x01,0x80,0x01,0xFE,0xFF,0x30,0x18,
0x30,0x18,0x30,0x18,0xF8,0x7F,0x00,0x03,0x00,0x03,0xFC,0x7F,0x00,0x03,0x00,0x03,
/* 3058 */ 
0x00,0x00,0x00,0x00,0x80,0x01,0xFE,0xFF,0x80,0x03,0xC0,0x07,0xE0,0x0D,0xB0,0x39,
0x9C,0xE1,0x86,0x01,0xF8,0x3F,0x0C,0x30,0x0C,0x30,0x0C,0x30,0x0C,0x30,0xF8,0x3F,
/* 3059 */ 
0x00,0x00,0x18,0x0C,0x98,0x0D,0x98,0x0D,0xBE,0xFF,0xBE,0x0D,0xFE,0x0C,0xFE,0x0C,
0x7E,0x0C,0x7B,0x0C,0x9B,0xFF,0x18,0x0C,0x18,0x0C,0x18,0x0C,0x18,0x0C,0xD8,0xFF,
/* 3060 */ 
0x00,0x00,0x00,0x00,0x18,0x1B,0x8C,0x19,0xBE,0x19,0xEC,0xFF,0xEC,0x19,0x6C,0x18,
0x6C,0x18,0x66,0x18,0xE6,0xFF,0x6C,0x18,0x38,0x18,0x38,0x18,0x6C,0x18,0xE6,0xFF,
/* 3061 */ 
0x00,0x00,0x00,0x00,0xFC,0x7F,0x0C,0x60,0x0C,0x60,0x0C,0x60,0x0C,0x60,0x0C,0x60,
0xFC,0x7F,0x60,0x36,0x60,0x06,0x60,0x06,0x60,0xC6,0x30,0xC6,0x18,0xC6,0x0E,0xFC,
/* 3062 */ 
0x00,0x00,0x00,0x00,0x00,0x18,0x18,0x18,0x36,0xCC,0x66,0xCC,0xC6,0xC6,0x86,0xC7,
0x06,0xC3,0x86,0xC7,0xC6,0xCC,0x66,0xD8,0x36,0xD8,0x1E,0xF0,0x06,0xC0,0xFC,0x7F,
/* 3063 */ 
0x00,0x00,0x00,0x00,0xBC,0x01,0xB6,0xFF,0xF6,0xC0,0x36,0xD8,0xFC,0xFB,0xF6,0xFE,
0xF6,0xFE,0xF6,0xFC,0xF6,0xFE,0xFE,0xFB,0xF6,0xF1,0xB6,0xFF,0x36,0xC0,0x3B,0xFC,
/* 3064 */ 
0x00,0x00,0x00,0x00,0x30,0x00,0xF8,0xFF,0x18,0xC6,0x3C,0xC6,0x6E,0xDE,0xCC,0xDB,
0x8C,0xDB,0x8C,0xDB,0xCC,0xDE,0x6C,0xDE,0x3C,0xDC,0x1C,0xD8,0xF8,0x6F,0x00,0x7E,
/* 3065 */ 
0x00,0x00,0x00,0x00,0x06,0x30,0xCC,0x30,0x98,0xF1,0x30,0xDB,0x36,0xDB,0x3C,0xDE,
0x3C,0xCC,0x30,0xCC,0x38,0xDE,0x38,0xF3,0x3C,0xF3,0xBC,0xF1,0x36,0xE0,0xE6,0xFF,
/* 3066 */ 
0x00,0x00,0x00,0x00,0x18,0x1B,0x18,0x1B,0x7C,0xFF,0x98,0x1B,0x98,0x1B,0xCC,0x1B,
0x3C,0x7F,0x36,0x1B,0x1E,0x1B,0x78,0xFF,0x78,0x1B,0xEC,0x1B,0xFC,0x1B,0x00,0xFF,
/* 3067 */ 
0x00,0x00,0x00,0x00,0xD8,0x66,0xCC,0x3E,0xFE,0xC7,0x00,0xC6,0xFC,0x7E,0xC6,0x03,
0xFE,0x66,0xFE,0x3E,0xC6,0xC6,0xF6,0xFE,0x60,0x00,0x6C,0x36,0x6C,0x66,0x66,0xC0,
/* 3068 */ 
0x00,0x00,0x00,0x06,0x18,0x06,0x18,0x06,0x18,0x06,0xFC,0xFF,0x0C,0x07,0x0E,0x0F,
0x8E,0x1F,0x8F,0x1F,0xCC,0x36,0x6C,0x66,0x3C,0xC6,0x0C,0x06,0x0C,0x06,0x0C,0x06,
/* 3069 */ 
0x00,0x00,0x00,0x03,0x98,0x3F,0x8C,0x61,0xFC,0x33,0x7C,0x36,0x3C,0x1E,0x3E,0x1E,
0xFE,0xFF,0x3F,0x0E,0xBC,0x33,0xFC,0xD8,0x3C,0xCE,0xFC,0x63,0x0C,0x38,0xCC,0x0F,
/* 3070 */ 
0x00,0x00,0x00,0x18,0x60,0x18,0xFC,0xFF,0x00,0x03,0xF8,0x7F,0x80,0x01,0xFE,0xFF,
0xC0,0x00,0xE0,0x3F,0xB0,0x31,0xDC,0x30,0xFE,0x3F,0xC0,0x30,0xC0,0x30,0xFC,0xFF,
/* 3071 */ 
0x00,0x00,0x00,0x00,0x18,0x00,0x98,0x7F,0x18,0x03,0x7E,0x03,0x38,0x03,0x38,0xFF,
0x78,0xC0,0x7C,0xC0,0xDE,0xC0,0x1E,0xC0,0x18,0xC0,0x18,0xC0,0x18,0x60,0x18,0x3F,
/* 3072 */ 
0x00,0x00,0x00,0x00,0x1E,0x06,0xDE,0xFF,0x7E,0xC0,0xFE,0xFF,0x7E,0xC0,0xFE,0xFF,
0x7E,0xC0,0x7E,0xC0,0xDE,0x7F,0x1E,0x36,0xFE,0xFF,0x1E,0x0E,0x1E,0x1B,0xE0,0xF1,
/* 3073 */ 
0x00,0x00,0x00,0x00,0x0C,0x70,0xFE,0x1F,0x66,0x0C,0xC6,0xFF,0x3E,0x1E,0x98,0x3F,
0xD8,0xEC,0xFE,0x3F,0x18,0x33,0x18,0xF3,0x18,0xC3,0x78,0xC3,0xB8,0xC1,0xE0,0x78,
/* 3074 */ 
0x00,0x00,0x00,0x00,0xFC,0x7F,0x80,0x01,0xFE,0xFF,0x80,0x03,0xE0,0x07,0xB0,0x1D,
0x9E,0xF1,0xF8,0x0F,0xC0,0x0C,0xC0,0x7C,0x60,0x60,0x60,0x60,0x38,0x60,0x8E,0x3F,
/* 3075 */ 
0x00,0x00,0x0C,0x0C,0x0C,0x0C,0x18,0x0C,0x80,0xFF,0xBC,0xCD,0xB0,0xCD,0xF8,0xCD,
0xB8,0xCD,0xBC,0xCD,0xEE,0xFF,0x8C,0xCD,0x8C,0xCD,0x8C,0xCD,0x8C,0xCD,0x80,0xFF,
/* 3076 */ 
0x00,0x00,0x00,0x60,0xD8,0x3F,0x18,0x0C,0xCC,0xFF,0x7C,0x1E,0xB6,0x3F,0xFE,0xEC,
0xD8,0x1F,0x0C,0x33,0x7C,0x33,0x06,0x73,0x00,0xC3,0xF0,0xC1,0x9E,0xC1,0xE0,0xFE,
/* 3077 */ 
0x00,0x00,0x00,0x06,0x0C,0x06,0x0C,0x3E,0xCC,0xFF,0x6C,0xC6,0xFE,0xFF,0x6C,0x66,
0x6C,0x7E,0x6C,0x00,0x6C,0x7B,0xFC,0x7B,0xFC,0x7B,0xB7,0x3B,0xB0,0x3B,0xF8,0xFF,
/* 3078 */ 
0x00,0x00,0x00,0x00,0x00,0x63,0xFC,0x7F,0x0C,0xC3,0x06,0x03,0x06,0x33,0x06,0x33,
0x06,0x33,0xFE,0x1E,0x06,0x1E,0x06,0xCC,0x06,0xCE,0x06,0xDB,0xC6,0xF1,0x66,0xE0,
/* 3079 */ 
0x00,0x00,0x00,0x00,0xFC,0x7F,0x80,0x01,0xFE,0xFF,0xFE,0xFF,0x86,0xC1,0xFC,0x7D,
0x00,0x00,0xFE,0xFF,0x80,0x01,0xFC,0x7F,0x6C,0x66,0x6C,0x66,0x6C,0x66,0x6C,0x7E,
/* 3080 */ 
0x00,0x00,0x00,0x00,0x00,0x3F,0x80,0x01,0xF8,0x7F,0x8C,0xC1,0x0C,0xDF,0xFC,0x31,
0x0C,0x33,0x0C,0x1E,0x0C,0x0C,0xFC,0x6C,0xFC,0x3C,0xE6,0x3C,0xE6,0x1C,0xFE,0xFF,
/* 3081 */ 
0x00,0x00,0x00,0x00,0x00,0x06,0x1E,0x3E,0xDE,0x7F,0x7E,0xC6,0xFE,0xFF,0xFE,0x66,
0x7E,0x66,0x7E,0x3C,0x7E,0x1E,0xFE,0xDF,0xFE,0x7F,0xFE,0x7F,0xB0,0x7F,0xF0,0xFF,
/* 3082 */ 
0x00,0x00,0x00,0x00,0xF8,0xFF,0x1C,0x0C,0x0E,0x06,0xC3,0x7F,0xF0,0xC0,0xF0,0xCC,
0xD8,0xCC,0xCE,0xCC,0xC0,0xCC,0xF0,0xC6,0x30,0xC6,0x18,0x3F,0x8E,0x63,0xF0,0xC0,
/* 3083 */ 
0x00,0x00,0x00,0x00,0x30,0x0E,0x18,0x1B,0x98,0x71,0xEC,0xC0,0xFE,0x7F,0x18,0x06,
0x1C,0x06,0xFC,0xFF,0x1E,0x06,0x98,0x37,0xD8,0x66,0x78,0x66,0x38,0xC6,0xD8,0x07,
/* 3084 */ 
0x00,0x00,0x0C,0x00,0x18,0x00,0xB0,0xFF,0x80,0x0D,0xC0,0x0C,0xDE,0x0C,0x18,0x0C,
0x18,0x0C,0xD8,0xFF,0x18,0x0C,0x18,0x0C,0x78,0x0C,0x38,0x0C,0x18,0x0C,0x00,0x0C,
/* 3085 */ 
0x00,0x00,0x00,0x18,0x30,0x18,0xFC,0x7F,0x30,0x1B,0xFE,0xFF,0x60,0x1C,0xFC,0x37,
0xC0,0x61,0xFC,0xFF,0x00,0xC0,0xFC,0x7F,0x8C,0x61,0xFC,0x7F,0x8C,0x61,0xFC,0x7F,
/* 3086 */ 
0x00,0x00,0x00,0x00,0xFE,0x00,0x38,0x66,0x38,0xF7,0xFE,0xFF,0xFE,0xFF,0xFE,0xFB,
0xFE,0xDB,0xFE,0xDB,0xEE,0xFF,0xC6,0xFF,0xFE,0xFF,0xC6,0xF7,0xC6,0xE7,0xFE,0xFF,
/* 3087 */ 
0x00,0x00,0x60,0x00,0xF0,0x00,0x98,0x7D,0x0E,0x6F,0x00,0x6F,0xFE,0x6D,0x30,0x6C,
0x30,0x6C,0xFE,0x6F,0xF0,0x38,0xFC,0x38,0xBC,0x39,0xB6,0x6D,0xB6,0x67,0x38,0xC3,
/* 3088 */ 
0x00,0x00,0x00,0x00,0x0C,0x3E,0x8C,0x63,0xBE,0x61,0xEC,0x61,0xEC,0x61,0xEC,0x61,
0xEC,0x7F,0xEC,0x61,0xEC,0x61,0xEC,0x61,0xEC,0x61,0x66,0xFF,0x66,0xC0,0xE3,0xFF,
/* 3089 */ 
0x00,0x00,0x00,0x00,0x00,0x03,0xFC,0xFF,0x06,0x00,0xE6,0x7F,0xC6,0x30,0x86,0x1D,
0x06,0x07,0xFE,0xFF,0x06,0xC6,0x06,0xC6,0x06,0x66,0x06,0x36,0x06,0x06,0x66,0x06,
/* 3090 */ 
0x00,0x00,0x80,0x01,0x00,0x03,0xFE,0xFF,0x60,0x18,0x38,0x0E,0xE0,0x3B,0xC0,0x70,
0xFC,0x7F,0x00,0xC0,0xFC,0x7F,0x8C,0x61,0xFC,0x7F,0x8C,0x61,0x8C,0x61,0xFC,0x7F,
/* 3091 */ 
0x00,0x00,0x00,0x00,0x0C,0x06,0x0C,0x06,0xCC,0x7F,0x7E,0x7B,0x7E,0x7B,0x7E,0x7B,
0x6F,0x7B,0x6F,0x7B,0x6F,0x7B,0x6C,0x7B,0x6C,0x7B,0x6C,0x7B,0x6C,0x7B,0xEC,0xFF,
/* 3092 */ 
0x00,0x00,0x30,0x00,0x30,0x7C,0xFC,0xC7,0x8C,0xC7,0xDC,0xC6,0xF0,0xC6,0xFC,0x7F,
0xC6,0x0C,0x70,0x1E,0xF8,0x33,0xE0,0x70,0xFC,0xDF,0x70,0x1B,0x18,0x73,0xCC,0xC3,
/* 3093 */ 
0x00,0x00,0x0C,0x00,0xCC,0xFF,0x8C,0xCD,0xBE,0x0D,0xEC,0x7D,0xBC,0x0F,0xF6,0xFE,
0x36,0x00,0xB6,0x7F,0xBC,0x61,0x9C,0x7F,0xB8,0x61,0xBC,0x7F,0xE6,0x61,0x80,0x79,
/* 3094 */ 
0x00,0x00,0x00,0x00,0x18,0x66,0xD8,0x7F,0x0C,0x36,0x3C,0x1E,0xF6,0xFF,0x1E,0x0C,
0x18,0x07,0x8C,0x7F,0xCC,0x61,0xBE,0x61,0x80,0x7F,0xE0,0x61,0xBC,0x61,0x86,0x7F,
/* 3095 */ 
0x00,0x00,0x00,0x0C,0x18,0x0C,0x8C,0x3F,0x0C,0x0C,0xFC,0xFF,0xB6,0xD9,0x1E,0xDB,
0xD8,0x1E,0x8C,0x1B,0x7E,0x1B,0xCE,0xFF,0x00,0x0C,0x70,0x36,0x1E,0x63,0xC0,0xC1,
/* 3096 */ 
0x00,0x00,0x30,0x00,0x30,0x00,0xFE,0xFF,0x18,0x18,0x3C,0x18,0x3C,0x18,0x36,0x18,
0xFE,0x18,0xB0,0xFF,0x30,0x18,0xF0,0x18,0x3E,0x18,0x30,0x18,0x30,0x18,0x30,0x18,
/* 3097 */ 
0x00,0x00,0x00,0x06,0x00,0x06,0xDE,0xFF,0x7E,0xC0,0xFE,0xFF,0x1E,0x60,0x9E,0x7F,
0xDE,0x60,0xDE,0x60,0xDE,0x7F,0xDE,0x60,0xDE,0x60,0xDE,0x7F,0x00,0x00,0xE0,0xFF,
/* 3098 */ 
0x00,0x00,0x80,0x01,0x00,0x03,0xFE,0xFF,0x06,0xC0,0xFE,0xFF,0x00,0xC0,0xF8,0x3F,
0x0C,0x30,0x0C,0x30,0xF8,0x3F,0x0C,0x30,0x0C,0x30,0xF8,0x3F,0x00,0x00,0xFE,0xFF,
/* 3099 */ 
0x00,0x00,0x00,0x00,0xF8,0x3F,0xF8,0x3F,0x18,0x30,0xF8,0x3F,0x18,0x30,0xFE,0xFF,
0x30,0x00,0x18,0x30,0xF8,0x3F,0x80,0x61,0x60,0x33,0x6C,0x7E,0x6C,0xDE,0xE6,0xDF,
/* 3100 */ 
0x00,0x00,0x00,0x03,0x18,0x03,0xFE,0x7F,0x8C,0x01,0xCC,0xFF,0x0C,0xCC,0x7C,0x6C,
0xEC,0x6D,0xEC,0x0D,0xEC,0xFD,0xEC,0x0F,0xEC,0x0F,0xE6,0x0F,0xE6,0x0C,0xFE,0xF8,
/* 3101 */ 
0x00,0x00,0x00,0x00,0x00,0x03,0xFE,0xFF,0x80,0x01,0xC0,0x00,0x60,0x18,0x30,0x18,
0x18,0x0C,0xFC,0x07,0x00,0x1B,0x80,0x31,0xC0,0x60,0x60,0x60,0x38,0xFC,0xFE,0xC7,
/* 3102 */ 
0x00,0x00,0x00,0x00,0xCC,0x06,0xCC,0x06,0xD8,0xFF,0x60,0x06,0x60,0x06,0x00,0x06,
0xFC,0xFF,0x98,0x19,0x98,0x19,0x98,0xD9,0x98,0xD9,0xD8,0xD8,0x7C,0x70,0xE6,0xFF,
/* 3103 */ 
0x00,0x00,0x00,0x03,0x00,0x06,0xFE,0xFF,0x7E,0xCC,0xFE,0x6F,0xBE,0x61,0xF8,0x3F,
0xF8,0x33,0xFC,0x33,0xFE,0x7B,0xFF,0x33,0xFC,0x33,0x0C,0xFE,0x8C,0x33,0xF6,0x30,
/* 3104 */ 
0x00,0x00,0x00,0x00,0x3C,0x0C,0xF6,0xFF,0x36,0x0C,0x36,0x66,0x3E,0x63,0x36,0x33,
0xB6,0x31,0x36,0x1F,0x3E,0x18,0x36,0x7C,0x36,0x66,0x36,0xC6,0xB6,0xFB,0xFC,0xCF,
/* 3105 */ 
0x00,0x00,0x00,0x00,0x98,0x01,0x98,0xFF,0xCC,0xC0,0xBC,0xFF,0xB6,0xF1,0xBE,0xF1,
0x98,0xF1,0x98,0xFF,0xEC,0xF1,0xBE,0xF1,0x80,0xFF,0xE0,0xC0,0x3E,0xC0,0x00,0x7E,
/* 3106 */ 
0x00,0x00,0x00,0x00,0x6C,0x1E,0xFE,0x1B,0x6C,0xDB,0x6C,0xDB,0x38,0x7B,0x7C,0x7B,
0xFE,0x3B,0x7E,0x1F,0x7E,0x1F,0x7E,0xDB,0x1C,0xDB,0x7E,0xDB,0x18,0xDB,0x18,0xFB,
/* 3107 */ 
0x00,0x00,0x60,0x0C,0x60,0x0C,0xFC,0xFF,0x60,0x0C,0x38,0x0C,0xFC,0xFF,0xC6,0x00,
0xC6,0x66,0xFE,0x36,0x06,0xFF,0x7E,0x18,0xC6,0x18,0xC6,0xFF,0xC6,0x18,0xFC,0x18,
/* 3108 */ 
0x00,0x00,0x00,0x00,0x8C,0x31,0x98,0x31,0x30,0x1B,0xFE,0xFF,0x06,0xC0,0xFE,0xDF,
0x00,0x0C,0x00,0x07,0x00,0x03,0xFE,0xFF,0x00,0x06,0x00,0x06,0x00,0x06,0x70,0x07,
/* 3109 */ 
0x00,0x00,0x00,0x00,0x80,0x01,0xFC,0x7F,0x06,0xC0,0x06,0xC0,0x66,0xC0,0x66,0x6C,
0x60,0x0C,0x30,0x0C,0x30,0x0C,0x30,0x18,0x18,0x18,0x18,0x30,0x0C,0x60,0x06,0xC0,
/* 3110 */ 
0x00,0x00,0x00,0x00,0xFC,0x7F,0x00,0x03,0xFC,0xFF,0x06,0xC3,0xFE,0xFF,0x06,0x03,
0xF8,0x3F,0x80,0x01,0xFC,0x7F,0x00,0x60,0x00,0x60,0xF0,0x7F,0x00,0x60,0xFC,0x7F,
/* 3111 */ 
0x00,0x00,0x00,0x00,0x80,0x01,0xF8,0x3F,0x6C,0x66,0x66,0x66,0x66,0x66,0x66,0x66,
0x66,0x66,0x66,0x66,0x66,0x66,0x66,0x66,0x66,0x66,0x66,0x66,0x66,0x66,0xFE,0xFF,
/* 3112 */ 
0x00,0x00,0x00,0x00,0xFC,0x18,0x86,0x19,0x86,0x7F,0xFC,0xD8,0xFC,0xD8,0x86,0xD9,
0xB6,0xD9,0xB6,0xCD,0xB6,0xCD,0x9E,0xCD,0xFE,0xCD,0xD8,0xC6,0xCC,0xC6,0x86,0x7B,
/* 3113 */ 
0x00,0x00,0x00,0x00,0xF8,0x1F,0x80,0x01,0xFC,0xFF,0xF8,0x7F,0xBC,0x79,0xEC,0x6D,
0xFC,0x7F,0x98,0x31,0xFE,0x7F,0x80,0x01,0xFE,0xFF,0x6C,0x36,0x6C,0x66,0x66,0xC6,
/* 3114 */ 
0x00,0x00,0x00,0x00,0xD8,0x7F,0x6C,0x0C,0x6C,0x0C,0xF6,0xFF,0x78,0x0C,0xF8,0x7F,
0xEC,0x61,0xEE,0x61,0xEF,0x7F,0xEC,0x61,0xEC,0x7F,0xEC,0x61,0xEC,0x61,0xBC,0x7F,
/* 3115 */ 
0x00,0x00,0x00,0x00,0xF8,0x3F,0x18,0xE0,0x0C,0xC0,0xFC,0xCF,0x1E,0xCC,0x18,0xCC,
0x18,0xCC,0xF8,0xCF,0x18,0xCC,0x18,0xCC,0x18,0xCC,0xF0,0xC7,0x00,0x60,0x00,0x7F,
/* 3116 */ 
0x00,0x00,0x00,0x00,0x8C,0x01,0x98,0xFF,0xC0,0xC0,0xE0,0xDF,0xCE,0xD8,0xCC,0xD8,
0xCC,0xD8,0xCC,0xDF,0xCC,0xD8,0xCC,0xD8,0xEC,0xD8,0xBC,0xDF,0x18,0xC0,0x00,0x7E,
/* 3117 */ 
0x00,0x00,0x00,0x00,0xFC,0x7F,0x00,0x60,0x00,0x60,0xF8,0x7F,0x00,0x60,0x00,0x60,
0xF8,0x3F,0x00,0x18,0xFE,0xFF,0x30,0x18,0x60,0x18,0x60,0x18,0x00,0x18,0x80,0x1F,
/* 3118 */ 
0x00,0x00,0x00,0x00,0x7C,0xDB,0xC0,0xDB,0xCC,0xDB,0x6C,0xDB,0x6C,0xDB,0x6C,0xDB,
0xFC,0xDB,0x80,0xDB,0x80,0xDB,0xF0,0xDB,0x9E,0xDB,0x80,0xDB,0xCC,0xDB,0xF8,0xC3,
/* 3119 */ 
0x00,0x00,0x00,0x00,0x80,0xCD,0xCC,0x6C,0xD8,0x6C,0xC0,0x66,0x60,0x36,0x7E,0x33,
0x78,0x33,0x78,0x36,0xD8,0x66,0xD8,0x66,0xD8,0x6C,0xD8,0xCC,0xFC,0x00,0xC6,0xFF,
/* 3120 */ 
0x00,0x00,0x00,0x06,0xFE,0x03,0x98,0xFF,0x98,0xC1,0xF8,0xDF,0xEC,0xF1,0xEC,0xF1,
0xEC,0xF1,0xEE,0xFF,0xF8,0xF1,0xF0,0xF1,0x30,0xFF,0x18,0xD8,0x0C,0xC0,0x07,0x7C,
/* 3121 */ 
0x00,0x00,0x00,0x00,0xEC,0x3F,0x18,0x33,0x30,0x33,0x00,0x33,0x07,0x33,0x0C,0x33,
0xD8,0x3F,0x00,0x63,0x30,0x63,0x30,0x63,0x18,0xE3,0x0C,0xE3,0x0C,0xE3,0x06,0xC3,
/* 3122 */ 
0x00,0x00,0x00,0x00,0x9C,0xC1,0xB8,0xCD,0x80,0xCD,0x80,0xCD,0x9C,0xCD,0x98,0xCD,
0x98,0xCD,0x98,0xCD,0x98,0xCD,0xD8,0xCD,0xF8,0xCD,0xF8,0xCD,0xB0,0xC1,0xC0,0xC0,
/* 3123 */ 
0x00,0x00,0x00,0x00,0xEC,0x3F,0x18,0x33,0x00,0x33,0x00,0x33,0x1C,0x33,0x18,0x33,
0xF8,0x3F,0x18,0x33,0x18,0x33,0x18,0x33,0xD8,0xF3,0x78,0xE3,0x38,0xE3,0x00,0xE3,
/* 3124 */ 
0x00,0x00,0x00,0x00,0xF6,0x19,0x8C,0x19,0xCC,0x18,0x60,0x7E,0x60,0x7E,0x6E,0x7E,
0xCC,0xDF,0xFC,0xDB,0xCC,0xDB,0x8C,0xD9,0xCC,0x18,0xFC,0x1B,0x1C,0x0E,0xF6,0xFF,
/* 3125 */ 
0x00,0x00,0x00,0x00,0xEC,0x3F,0x8C,0x31,0x18,0x33,0x00,0x33,0x00,0x33,0xFE,0x3F,
0x18,0x33,0x18,0xF3,0x18,0xF3,0x18,0xF3,0x18,0xE3,0x18,0xE3,0x7C,0x00,0xC6,0xFF,
/* 3126 */ 
0x00,0x00,0x00,0x00,0xFC,0x7F,0x06,0x00,0x06,0x03,0x06,0x03,0x06,0x03,0x06,0x03,
0xE6,0x3F,0x06,0x0F,0x06,0x1B,0x06,0x1B,0x06,0x33,0x06,0x33,0x06,0x03,0xF6,0x7F,
/* 3127 */ 
0x00,0x00,0x00,0x00,0x98,0xFF,0xD8,0xCC,0xD8,0xCC,0xFE,0xCC,0xD8,0xFF,0xD8,0xCC,
0xD8,0xCC,0xF8,0xCC,0xDE,0xFF,0x18,0x0C,0x18,0x0C,0x18,0x0C,0x18,0x0C,0x1E,0x0C,
/* 3128 */ 
0x00,0x00,0x00,0x0C,0x00,0x06,0xFE,0x7F,0xB6,0x67,0xB6,0x6D,0xB6,0x6D,0xB6,0x79,
0xFE,0x31,0xB0,0xFF,0x38,0xC0,0x3C,0xC0,0xFC,0xFF,0x36,0xC0,0x30,0xC0,0x3C,0xF8,
/* 3129 */ 
0x00,0x00,0x00,0x0C,0x3C,0x3F,0xFE,0x61,0xFE,0x67,0xFE,0x6D,0xFE,0x79,0xFE,0x79,
0xFE,0x31,0xFE,0xFF,0x7E,0xC0,0x18,0xC0,0xD8,0xFF,0x18,0xC0,0x18,0xC0,0x18,0x7C,
/* 3130 */ 
0x00,0x00,0x00,0x00,0xDC,0xFF,0xB6,0x31,0xB6,0x31,0xB6,0x31,0xF6,0x30,0xF6,0x30,
0xB6,0xFF,0x36,0x38,0x36,0x3C,0x36,0x36,0x36,0x37,0x9C,0x31,0xE0,0x30,0x00,0x3E,
/* 3131 */ 
0x00,0x00,0x00,0x00,0x18,0x30,0x30,0x18,0x60,0x18,0xC0,0x0C,0xC0,0x07,0x00,0x00,
0x80,0x01,0x80,0x01,0x80,0x01,0x80,0x01,0x80,0x01,0x80,0x01,0x80,0x01,0x80,0x01,
/* 3132 */ 
0x00,0x00,0x30,0x0C,0x30,0x0C,0xFE,0xFF,0x30,0x0C,0x30,0x0C,0xFC,0x7F,0x18,0x0C,
0x0C,0x0C,0xFC,0xFF,0x00,0x0E,0x00,0x0F,0x80,0x0D,0xE0,0x0C,0x3C,0x0C,0x86,0x0F,
/* 3133 */ 
0x00,0x00,0x00,0x00,0xF8,0xFF,0x30,0x18,0x18,0x18,0x18,0x18,0x18,0x18,0xFC,0xFF,
0x18,0x18,0x00,0x1E,0x00,0x1B,0x80,0x19,0xE0,0x18,0x38,0x18,0x0E,0x18,0x80,0x1F,
/* 3134 */ 
0x00,0x00,0x18,0x00,0x98,0xFF,0x18,0x63,0x7E,0x63,0x7E,0x63,0x7E,0x63,0xFE,0x61,
0xFE,0xFF,0x7E,0x70,0x7E,0x78,0x18,0x78,0x78,0x6C,0x78,0x66,0xF8,0x63,0x8E,0x7D,
/* 3135 */ 
0x00,0x00,0x00,0x00,0x8C,0x61,0x8C,0x61,0xFC,0x7F,0x00,0x00,0xFC,0x7F,0x0C,0x03,
0xFC,0x7F,0x0C,0x03,0xFC,0xFF,0x0C,0x03,0x0C,0x03,0xF6,0x7F,0x06,0x03,0xFE,0xFF,
/* 3136 */ 
0x00,0x00,0x00,0x00,0xF8,0xFF,0xCC,0x00,0xCC,0x00,0xF6,0x07,0xD8,0xFE,0xCC,0x66,
0x6C,0x66,0xFE,0x7F,0x0F,0x60,0xEC,0x6F,0x3C,0x6C,0x3C,0x6C,0x3C,0x6C,0xEC,0x7F,
/* 3137 */ 
0x00,0x00,0x00,0x00,0xE6,0xFF,0x7C,0x0C,0x60,0x0C,0xE0,0x7F,0x67,0x0C,0x6C,0x0C,
0xF8,0xFF,0x60,0x0C,0x78,0x0C,0xF8,0x7F,0x3C,0x0C,0x3C,0x0C,0x36,0x0C,0xFB,0xFF,
/* 3138 */ 
0x00,0x00,0x00,0x00,0xFC,0x0C,0x3C,0x1B,0x3C,0xFF,0xBC,0x19,0xB6,0x19,0xFC,0x19,
0xF0,0xFF,0xB8,0x19,0xB8,0x19,0x3C,0xFF,0xBC,0x19,0xB6,0x19,0xB0,0x19,0x3C,0xFF,
/* 3139 */ 
0x00,0x00,0x00,0x00,0xFC,0xFF,0x36,0x1B,0x36,0x1B,0x36,0x1B,0xF6,0xDB,0xF6,0xDB,
0xF6,0xDB,0xF6,0x7B,0xF6,0x7B,0xB6,0x7B,0x36,0x1B,0x36,0x1B,0x1C,0x1B,0xE0,0xFF,
/* 3140 */ 
0x00,0x00,0x00,0x00,0xFE,0xFF,0x60,0x0C,0x60,0x0C,0x6C,0x6C,0x6C,0x6C,0x6C,0x6C,
0x78,0x3C,0x78,0x3C,0x78,0x3C,0x78,0x3C,0x78,0x3C,0x60,0x0C,0x60,0x0C,0xFF,0xFF,
/* 3141 */ 
0x00,0x00,0x00,0x00,0xCC,0xFF,0x18,0x30,0x80,0x31,0x80,0x31,0xDE,0x30,0xD8,0x30,
0xD8,0xFF,0x98,0x39,0x18,0x38,0x18,0x3C,0x78,0x36,0xB8,0x33,0xD8,0x30,0x60,0x3E,
/* 3142 */ 
0x00,0x00,0x00,0x00,0xFC,0xFF,0x18,0x03,0x18,0x7F,0x18,0x03,0xFE,0xFF,0x18,0x00,
0xF8,0x7F,0x18,0x00,0xF8,0xFF,0xB8,0xCD,0xEC,0xCD,0x6C,0xDB,0x6C,0xDB,0x66,0x7C,
/* 3143 */ 
0x00,0x00,0x00,0x00,0xDC,0xFF,0xF6,0xC6,0xF6,0xCC,0xF6,0xCC,0xF6,0xFF,0xF6,0xE6,
0xF6,0xCC,0xF6,0xCE,0xF6,0xDE,0xF6,0xF3,0xF6,0xF3,0xF6,0xE1,0xF6,0xC0,0xDC,0xFF,
/* 3144 */ 
0x00,0x00,0x06,0x00,0xCC,0xFF,0x98,0xC1,0xFE,0xFF,0xC6,0xC3,0xF6,0xDF,0xFE,0xFF,
0x9E,0xD9,0x9E,0xD9,0xFE,0xDF,0x9E,0xD9,0xF6,0xFF,0x86,0xF1,0x06,0xDF,0x06,0xF8,
/* 3145 */ 
0x00,0x00,0x00,0x00,0xD8,0xFF,0xF8,0xCC,0xFE,0xCC,0xFE,0xCC,0xFE,0xFF,0xDE,0xCC,
0xDE,0xCE,0xD8,0xDE,0xD8,0xDE,0xD8,0xF3,0xFC,0xF3,0xFC,0xE1,0xE6,0xC0,0xC6,0xFF,
/* 3146 */ 
0x00,0x00,0x00,0x00,0x06,0x03,0xFC,0xFF,0x98,0x0D,0xC0,0x1E,0x63,0x76,0xFE,0xFF,
0x6C,0x66,0xE0,0x7F,0x6C,0x66,0x6C,0x66,0xEC,0x7F,0x06,0x06,0x06,0xC6,0x03,0xFE,
/* 3147 */ 
0x00,0x00,0x30,0x00,0x30,0x06,0x30,0x06,0x7C,0x1E,0x30,0x36,0x30,0x66,0xF0,0xC6,
0x3C,0x00,0x00,0x00,0xFC,0x7F,0x66,0x66,0x66,0x66,0x66,0x66,0x66,0x66,0xFE,0xFF,
/* 3148 */ 
0x00,0x00,0x00,0x00,0xFE,0xFF,0x6C,0x6C,0x78,0x3C,0x78,0x3C,0x78,0x3C,0xFC,0xFF,
0x0C,0x00,0x0C,0x00,0x06,0x00,0x06,0x00,0x06,0x00,0x06,0x00,0x06,0x00,0x06,0x00,
/* 3149 */ 
0x00,0x00,0x00,0x00,0xFE,0xFF,0x0C,0x33,0x0C,0x33,0x0C,0x33,0x0C,0x33,0x7C,0x33,
0x6C,0x33,0xEE,0x7F,0x6C,0x33,0x6C,0x33,0x6C,0x33,0xEC,0x31,0xEC,0x31,0xF8,0x00,
/* 3150 */ 
0x00,0x00,0x00,0x00,0xCC,0xF3,0x3C,0x3F,0xBE,0x31,0xFE,0x30,0xFE,0x30,0xBE,0xF7,
0xFE,0x37,0xFE,0x37,0xFE,0x37,0xFE,0x37,0xBC,0xFD,0xFC,0x03,0xFC,0x07,0xC6,0xFC,
/* 3151 */ 
0x00,0x00,0x00,0x03,0x0C,0x03,0x0C,0x63,0x0C,0x63,0xF8,0x7F,0x00,0x00,0xFE,0xFF,
0xC0,0x00,0x60,0x00,0x30,0x00,0xF8,0xFF,0x1E,0xC0,0x18,0xC0,0x18,0xC0,0xF0,0xFF,
/* 3152 */ 
0x00,0x00,0x00,0x00,0x3E,0x78,0xF0,0x0F,0x30,0x0C,0x18,0x0C,0x8C,0x0D,0xFC,0xFD,
0xEC,0x0D,0xEC,0x0D,0xBC,0x0D,0xB8,0x0D,0xB8,0xFF,0x38,0x03,0x6C,0x00,0xC6,0xFF,
/* 3153 */ 
0x00,0x00,0xC0,0x00,0x80,0x01,0x00,0x03,0xFE,0xFF,0x00,0x00,0x00,0x00,0xF0,0x3F,
0x00,0x00,0xFC,0x7F,0x00,0x00,0xF8,0x7F,0x0C,0x60,0x0C,0x60,0x0C,0x60,0xFC,0x7F,
/* 3154 */ 
0x00,0x00,0x00,0x00,0x30,0xFF,0xFE,0x19,0xCC,0x3C,0xD8,0xE6,0x78,0xC6,0xFC,0xDF,
0x66,0xDE,0x36,0xDE,0xDE,0xDE,0x66,0xDE,0xB6,0x0D,0xDE,0x3C,0x76,0x66,0x1E,0xC3,
/* 3155 */ 
0x00,0x00,0x00,0x00,0xEC,0xFF,0xD8,0xC0,0xC6,0xCF,0x66,0xCC,0x36,0xCC,0x1E,0xC6,
0xE6,0xDE,0x36,0xF0,0x36,0xF0,0xF6,0xFF,0x36,0xF0,0x36,0xF0,0xF6,0xDF,0x06,0xF8,
/* 3156 */ 
0x00,0x00,0x80,0x01,0x98,0x61,0x98,0x31,0x98,0x31,0x98,0x07,0xC0,0x1C,0x78,0x70,
0x8E,0xC1,0xB0,0x61,0x98,0x31,0x98,0x19,0x98,0x1B,0xC0,0x06,0x60,0x1C,0x3E,0xF0,
/* 3157 */ 
0x00,0x00,0x00,0x00,0x8E,0x3F,0xD8,0x30,0xC0,0x30,0xC0,0x30,0xC6,0x30,0xCC,0x30,
0x78,0xF0,0x18,0x00,0xD8,0x7F,0xD8,0x60,0xD8,0x60,0xCC,0x60,0xCC,0x60,0xC6,0x7F,
/* 3158 */ 
0x00,0x00,0x80,0x01,0x80,0x01,0xFE,0xFF,0x60,0x0C,0xB0,0x19,0x9C,0x71,0xFF,0xFF,
0x8C,0x61,0x8C,0x61,0xFC,0x7F,0x8C,0x61,0xFC,0x7F,0x80,0xC1,0x80,0xC1,0x80,0xFF,
/* 3159 */ 
0x00,0x00,0x00,0x06,0x0C,0x06,0xEC,0xFF,0x0C,0x1B,0xBE,0x37,0xEC,0x66,0xFC,0xFF,
0x6C,0x66,0x78,0x66,0xEF,0x7F,0x6C,0x66,0xCC,0x7F,0x0C,0xC6,0x0C,0xC6,0x0F,0xFE,
/* 3160 */ 
0x00,0x00,0x00,0x00,0xBE,0x7F,0xB6,0x61,0xB6,0x61,0xB6,0x7F,0xBE,0x61,0xB6,0x61,
0xB6,0x7F,0xB6,0x07,0xB6,0xCD,0xBE,0x6D,0xB6,0x39,0xB6,0x31,0xB6,0x6F,0x9C,0xC3,
/* 3161 */ 
0x00,0x00,0x00,0x00,0xF8,0xFF,0xCC,0x00,0x8C,0x01,0x06,0x00,0xF8,0xFF,0xF8,0x60,
0xCC,0x61,0x0E,0x60,0x8C,0x61,0x8C,0x61,0xCC,0x60,0x6C,0x60,0x6C,0x30,0x3C,0x3F,
/* 3162 */ 
0x00,0x00,0x00,0x06,0x06,0x06,0xFC,0xFF,0x38,0xC0,0xF0,0xFF,0x03,0x06,0xEE,0x7F,
0x78,0x66,0x60,0x66,0xF8,0x7F,0x78,0x66,0xEC,0x7F,0xCC,0x19,0xC6,0x71,0x76,0xC0,
/* 3163 */ 
0x00,0x00,0x00,0x06,0x18,0x7E,0x18,0x63,0xFE,0x31,0xD8,0x30,0x98,0xFF,0x98,0xCD,
0xFE,0xCD,0x98,0xCD,0x98,0xCD,0xFE,0x7F,0x98,0x01,0x98,0xC1,0x98,0xC1,0x98,0xFF,
/* 3164 */ 
0x00,0x00,0x00,0x00,0xEC,0xFF,0x6C,0x3F,0xEC,0x61,0xEC,0x7F,0xFF,0x61,0xEC,0x7F,
0x6C,0x0C,0xEC,0xFF,0x6C,0x33,0xEC,0x31,0x7C,0x1F,0x7C,0x3E,0xE7,0xE3,0xE0,0xFF,
/* 3165 */ 
0x00,0x00,0x00,0x18,0x30,0x18,0xFC,0x7F,0x30,0x18,0xE0,0x0F,0xF0,0xDF,0xFE,0x7E,
0xF0,0x3E,0xF0,0xDE,0xFC,0xDE,0xF6,0xFF,0x78,0x36,0xCC,0x66,0xCC,0xCC,0xC6,0xCC,
/* 3166 */ 
0x00,0x00,0x00,0x00,0xFC,0x7F,0x06,0x0F,0x06,0x1B,0x06,0x33,0xFE,0xFF,0x06,0x03,
0x06,0x07,0x86,0x07,0x86,0x07,0x86,0x0D,0xC6,0x18,0x66,0x30,0x36,0x70,0x1E,0xC0,
/* 3167 */ 
0x00,0x00,0x00,0x00,0xFE,0x7F,0x8C,0x61,0x8C,0x61,0x8C,0x6D,0x8C,0x6D,0xFC,0x6D,
0xEE,0x6D,0xEE,0x7D,0xEF,0x7D,0x6C,0x1E,0x6C,0x1E,0x6C,0xDB,0x6C,0xDB,0xF8,0xF9,
/* 3168 */ 
0x00,0x00,0x00,0x00,0xFC,0xFF,0xBC,0x0D,0xBC,0x0D,0xBC,0xFF,0xFC,0x18,0xFC,0x18,
0xFC,0xFF,0xFC,0x18,0xFC,0x18,0xFC,0xFF,0xF6,0x18,0xF6,0x18,0xF6,0x18,0xF6,0xFF,
/* 3169 */ 
0x00,0x00,0x00,0x06,0x00,0x0E,0x1C,0x0C,0xF6,0xFF,0x36,0x00,0xF6,0xFF,0x36,0x00,
0xF6,0x7F,0x36,0x00,0x36,0x00,0xF6,0xFF,0xF6,0xC0,0xF6,0xC0,0xFE,0xC0,0xC0,0x7F,
/* 3170 */ 
0x00,0x00,0x80,0x01,0x00,0x03,0xFC,0x7F,0x30,0x30,0x60,0x18,0xF8,0xFF,0x0C,0x00,
0x0C,0x0E,0x0C,0x33,0xEC,0x19,0x06,0xCC,0x86,0x67,0xF6,0x30,0x06,0x1C,0xFE,0x07,
/* 3171 */ 
0x00,0x00,0x00,0x00,0x18,0x03,0x7E,0x7F,0xFE,0x61,0xBE,0x31,0xFE,0x18,0x9E,0xFF,
0xDE,0xC0,0xD8,0xC0,0xD8,0xC0,0xD8,0xFF,0xFC,0xC0,0xFC,0xC0,0xEC,0xC0,0x86,0xFF,
/* 3172 */ 
0x00,0x00,0x80,0x01,0x00,0x03,0xFE,0xFF,0xF6,0xDF,0x1E,0xF0,0xF8,0x3F,0x18,0x30,
0xF8,0x3F,0x80,0x01,0xFE,0xFF,0xC0,0x18,0x60,0x18,0xF0,0x0E,0x80,0x07,0xFC,0x7D,
/* 3173 */ 
0x00,0x00,0x00,0x00,0x0C,0x0C,0xD8,0xFF,0xB0,0x31,0x00,0x33,0x0E,0x1E,0x98,0xFF,
0xD8,0x30,0xD8,0x38,0xD8,0xCF,0xD8,0x61,0xD8,0x38,0xF8,0xCF,0xD8,0x70,0xE0,0x1F,
/* 3174 */ 
0x00,0x00,0x00,0x00,0x3E,0x1C,0x60,0x1E,0x66,0x33,0x66,0x63,0xF6,0xC1,0x36,0x7F,
0x7E,0xC0,0xC0,0xCC,0xC0,0xCD,0xF0,0x6F,0xDE,0x7B,0x60,0x60,0x60,0x30,0xFC,0xFF,
/* 3175 */ 
0x00,0x00,0x00,0x0C,0x00,0x0C,0x7C,0x0C,0x8C,0x7F,0xFC,0x6D,0xEC,0x6D,0xEC,0x6D,
0xE6,0x6D,0xFE,0xFF,0x30,0x1C,0x30,0x1E,0x30,0x36,0x18,0x33,0x8C,0x61,0xE6,0xC0,
/* 3176 */ 
0x00,0x00,0x00,0x00,0x80,0x01,0x80,0x01,0xF8,0x3F,0x8C,0x61,0x8C,0x61,0x8C,0x61,
0x8C,0x61,0xFF,0xFF,0x80,0x03,0x80,0x03,0xC0,0x06,0x60,0x0C,0x30,0x38,0x1E,0xE0,
/* 3177 */ 
0x00,0x00,0x00,0x03,0xF8,0x3F,0x8C,0x61,0x8C,0x61,0xFE,0xFF,0xF0,0x19,0xFE,0x7F,
0xD8,0xF0,0x98,0x31,0x98,0x1F,0xF8,0x7F,0x00,0xC0,0x00,0xC0,0xF8,0xCF,0x00,0x7C,
/* 3178 */ 
0x00,0x00,0x00,0x0C,0x3E,0x0C,0x18,0x0C,0x98,0x7F,0x98,0x6D,0xFE,0x6D,0x98,0x6D,
0xBC,0x6D,0xFC,0xFF,0x1E,0x0C,0x1E,0x1E,0x18,0x1E,0x18,0x33,0x98,0x61,0xD8,0xC0,
/* 3179 */ 
0x00,0x00,0x18,0x00,0xD8,0x1F,0x18,0x30,0x7E,0x1C,0x18,0x06,0xB8,0x03,0xFC,0xFF,
0x7C,0xDB,0x1E,0xDB,0x1E,0xCF,0x98,0xCD,0x98,0xCD,0xF8,0xC6,0x18,0x63,0x98,0x7D,
/* 3180 */ 
0x00,0x00,0x18,0x00,0x98,0x3F,0x18,0x30,0x18,0x1C,0x7E,0x07,0x98,0x01,0xD8,0xFF,
0x18,0xDB,0x38,0xDB,0x9E,0xCD,0x98,0xCD,0xD8,0xCC,0x78,0xC6,0x18,0xC3,0x9E,0x7D,
/* 3181 */ 
0x00,0x00,0x00,0x00,0x98,0x31,0x98,0x19,0xF8,0xFF,0x0C,0x06,0x0C,0x06,0x0C,0x06,
0xEE,0x7F,0x0C,0x06,0x0C,0x06,0x0C,0x06,0xEC,0xFF,0x0C,0x06,0x0C,0x06,0x0C,0x06,
/* 3182 */ 
0x00,0x00,0x00,0x03,0x00,0x03,0xFE,0xFF,0x1E,0x00,0xDE,0x3F,0x1C,0x0C,0x98,0x07,
0xD8,0x7F,0x1C,0xDB,0x9E,0xD9,0x98,0xCD,0xD8,0xCC,0x6C,0xC6,0x0C,0x63,0x86,0x7D,
/* 3183 */ 
0x00,0x00,0x00,0x30,0x30,0x18,0x60,0x18,0xFE,0xFF,0x00,0x03,0x00,0x03,0x00,0x03,
0xFC,0xFF,0x00,0x03,0x00,0x03,0x00,0x03,0xFE,0xFF,0x00,0x03,0x00,0x03,0x00,0x03,
/* 3184 */ 
0x00,0x00,0x00,0x00,0x8C,0x31,0x98,0x31,0xE0,0xFF,0x00,0x06,0x0E,0x06,0x18,0x06,
0xF0,0xFF,0x00,0x06,0x18,0x06,0x18,0x06,0xF8,0xFF,0x0C,0x06,0x06,0x06,0x06,0x00,
/* 3185 */ 
0x00,0x00,0x00,0x00,0xFC,0x7F,0xE6,0xC1,0xE6,0xC1,0xE6,0xC1,0xB6,0xC1,0xB6,0xC1,
0xE6,0xFF,0xE6,0xC1,0xC6,0xC1,0xE6,0xC1,0xFE,0xC1,0x86,0xC1,0x86,0xC1,0x06,0x7F,
/* 3186 */ 
0x00,0x00,0x18,0x00,0x18,0x00,0xF8,0x7F,0xFC,0x3F,0x06,0x00,0xFC,0x1F,0x18,0x36,
0x18,0x33,0xFE,0x3F,0xC0,0x30,0xFC,0x3F,0xC0,0x30,0xFE,0xFF,0xC0,0xE0,0xC0,0xE0,
/* 3187 */ 
0x00,0x00,0x18,0x03,0xD8,0x7D,0x6C,0xC6,0x6C,0xC6,0x6C,0xC6,0x6C,0xC6,0x6E,0xC6,
0x6E,0xC6,0x6F,0xC6,0x6C,0xC6,0x6C,0xC6,0x6C,0xC7,0xEC,0x67,0xCC,0x7E,0x0C,0x00,
/* 3188 */ 
0x00,0x00,0x00,0x00,0x00,0x06,0xFE,0xFF,0xDE,0x30,0x9E,0x31,0xFC,0xFF,0x18,0x06,
0x18,0x06,0xF8,0x7F,0x1C,0x06,0x1E,0x06,0xF8,0xFF,0x0C,0x06,0x0C,0x06,0x0C,0x06,
/* 3189 */ 
0x00,0x00,0x00,0x18,0x60,0x18,0xFC,0xFF,0x80,0x01,0xFC,0x7F,0x80,0x01,0xFE,0xFF,
0x60,0x0C,0x30,0x18,0x78,0x7C,0x6E,0xCC,0x60,0x0C,0x60,0x0C,0x30,0x0C,0x18,0x0C,
/* 3190 */ 
0x00,0x00,0x80,0x01,0x98,0x31,0x18,0x33,0xD8,0xFF,0x7E,0x0C,0x18,0x0C,0x3C,0x0C,
0xFC,0xFF,0x7E,0x0C,0x1E,0x0C,0xDB,0xFF,0x18,0x0C,0x18,0x0C,0x18,0x0C,0x18,0x0C,
/* 3191 */ 
0x00,0x00,0xC0,0x00,0xC6,0x18,0xFC,0xFF,0x18,0x06,0xE0,0x7F,0xF6,0xFF,0x8C,0x01,
0x18,0x0F,0xF8,0x03,0x18,0x66,0xFC,0x3F,0x8C,0x1F,0xCC,0x36,0x76,0xE6,0xC6,0x07,
/* 3192 */ 
0x00,0x00,0x00,0x00,0xC6,0x18,0xEC,0xFF,0x3C,0x6E,0xF8,0x6F,0x30,0x6E,0xEF,0x6F,
0x8C,0x79,0xEC,0x7B,0xCC,0x33,0x6C,0x73,0x6C,0x7B,0x78,0x7B,0xFC,0x6F,0xF6,0xFF,
/* 3193 */ 
0x00,0x00,0x00,0x00,0xFE,0xFF,0x36,0x1B,0xF6,0xFF,0xF6,0xDB,0xFE,0xDB,0xF6,0xDB,
0xF6,0xFF,0x36,0x0E,0xFE,0xFF,0x36,0x33,0xB6,0x31,0x36,0x1F,0x36,0x3E,0xFF,0xE3,
/* 3194 */ 
0x00,0x00,0x00,0x00,0x18,0x60,0x98,0x3F,0xFE,0x0C,0xCC,0x0C,0xCC,0x0C,0x6C,0x0C,
0xE6,0xFF,0x66,0x1C,0x6C,0x1C,0x38,0x1E,0x30,0x36,0x78,0x33,0xCC,0x63,0xC6,0xC1,
/* 3195 */ 
0x00,0x00,0x00,0x00,0x00,0x7F,0xFE,0xC1,0x8C,0x67,0x8C,0x6D,0x0C,0x30,0x8C,0x01,
0xBE,0xFF,0xCC,0x0C,0x0C,0x0C,0xCC,0xFF,0xCC,0xCC,0xFC,0xCC,0xDC,0xCC,0x86,0x7F,
/* 3196 */ 
0x00,0x00,0x00,0x00,0x0C,0x7E,0x8C,0x03,0xCC,0x66,0xBE,0x6D,0x8C,0x3D,0x8C,0x01,
0xFC,0x7F,0xF8,0x0C,0x0E,0x0C,0xEC,0xFF,0xCC,0x6C,0xCC,0x6C,0xCC,0x6C,0xCE,0x7F,
/* 3197 */ 
0x00,0x00,0x60,0x00,0x60,0x00,0xFE,0x7F,0xC0,0x18,0x80,0x0F,0x80,0xC3,0xFE,0xC3,
0x00,0x7E,0x00,0x00,0xFE,0xFF,0x60,0x06,0x60,0xC6,0x60,0xC6,0x30,0xC6,0x1E,0x7C,
/* 3198 */ 
0x00,0x00,0x00,0x00,0xEC,0x7F,0x18,0x60,0xD8,0x66,0x80,0x3D,0x80,0x01,0xDE,0x7F,
0xD8,0x06,0x18,0x06,0xF8,0xFF,0x78,0x66,0xD8,0x66,0xD8,0x7F,0x3C,0x00,0xE6,0xFF,
/* 3199 */ 
0x00,0x00,0x00,0x00,0x80,0x01,0xFE,0xFF,0x66,0xC6,0x3E,0xDC,0x0E,0x70,0x30,0x00,
0xF8,0x7F,0x8C,0x01,0x80,0x01,0xFE,0xFF,0x8C,0x61,0x8C,0x61,0x8C,0x61,0xFC,0x7F,
/* 3200 */ 
0x00,0x00,0x00,0x60,0x8C,0x3F,0x18,0x00,0xC0,0x66,0x80,0x3D,0x8E,0x31,0x98,0x01,
0xD8,0x7F,0xD8,0x0C,0xF8,0xFF,0x18,0x0C,0xD8,0xCC,0xF8,0xCC,0xD8,0xCC,0x80,0x7F,
/* 3201 */ 
0x00,0x00,0x00,0x18,0x0C,0xDB,0xCC,0x7B,0xFE,0x7B,0xEC,0x3B,0xEC,0x1B,0x66,0x1B,
0x36,0x1B,0xB6,0x3B,0xFE,0x7B,0x7C,0xDB,0x18,0xDB,0x3C,0xDB,0xB6,0xD9,0xE0,0x70,
/* 3202 */ 
0x00,0x00,0x00,0x06,0x00,0x06,0xFE,0xFF,0x76,0x00,0x36,0x33,0xB6,0x31,0xB6,0x61,
0xF6,0xF1,0xF6,0xF3,0x76,0x1B,0x36,0x0E,0x36,0x0C,0x36,0x1F,0xBE,0x71,0xE0,0xC0,
/* 3203 */ 
0x00,0x00,0x00,0x00,0xFC,0x3F,0xC0,0x60,0x8C,0x31,0x98,0x31,0x18,0x18,0xF8,0x3E,
0x0C,0x60,0x0C,0x60,0x0C,0x60,0xFC,0x7E,0x0C,0x60,0x0C,0x60,0x0C,0x60,0xFC,0x7F,
/* 3204 */ 
0x00,0x00,0x60,0x00,0x60,0x0C,0xFE,0xFF,0x60,0x0E,0x18,0x03,0x18,0x7F,0xEC,0x61,
0xE6,0x61,0xFE,0x63,0x30,0x66,0x18,0x6C,0xFC,0x78,0x1E,0x60,0xC0,0x60,0x7E,0x7E,
/* 3205 */ 
0x00,0x00,0x00,0x00,0xFC,0x7F,0x60,0x06,0xFC,0x7F,0x6C,0x66,0x6C,0x66,0xFC,0x7F,
0xC0,0x00,0xC0,0x00,0xFC,0x7F,0x30,0x18,0x70,0x0C,0xC0,0x07,0x80,0x1F,0xFC,0xF0,
/* 3206 */ 
0x00,0x00,0x00,0x00,0xFE,0xFF,0xFE,0xFD,0x7E,0xFF,0x3E,0xEF,0xF8,0xFD,0x18,0x18,
0x7E,0x1B,0xBC,0xFF,0xFC,0x19,0xBC,0xFF,0xFC,0x19,0xF6,0xFF,0xB6,0x19,0x86,0xFF,
/* 3207 */ 
0x00,0x00,0x00,0x00,0xFC,0xFF,0x6C,0xDB,0x6C,0x7B,0x7E,0x7B,0xFC,0x7B,0x7C,0x7B,
0x7C,0x7B,0xFE,0xDB,0x6E,0xDB,0x6F,0xDB,0x6C,0xFF,0xEC,0x1B,0x3C,0x1B,0x0C,0x1B,
/* 3208 */ 
0x00,0x00,0x00,0x00,0x00,0x06,0xDE,0x7F,0x1E,0x06,0xDE,0x7F,0xDE,0xFF,0x7E,0xC0,
0xFE,0xFF,0x1E,0x60,0xDE,0x7F,0xDE,0x60,0xDE,0x60,0x9E,0x3F,0x1E,0x1B,0xFC,0xFF,
/* 3209 */ 
0x00,0x00,0x00,0x00,0xFE,0xFF,0xCC,0x66,0xCC,0x66,0xFC,0x66,0xCC,0x36,0xCC,0x36,
0xCC,0x36,0xFC,0x66,0xCC,0xC6,0xCC,0xC6,0xCC,0xC7,0xFC,0xC6,0xCE,0x7E,0xC0,0x06,
/* 3210 */ 
0x00,0x00,0x00,0x00,0xE0,0x1C,0x7C,0xFC,0xC0,0x07,0x80,0x03,0xE0,0x0E,0x3E,0x78,
0xF8,0xFF,0xC0,0x30,0xC0,0x30,0xC0,0x30,0xC0,0x30,0xC0,0x37,0xC0,0x1C,0x00,0x00,
/* 3211 */ 
0x00,0x00,0x00,0x00,0xFE,0xFD,0xB6,0x61,0xB6,0x67,0xFE,0x3D,0xB6,0x1D,0xB6,0x19,
0xB6,0xFF,0xFC,0xD8,0x30,0xD8,0xFE,0x79,0x30,0x18,0x30,0x18,0xF0,0x18,0x1E,0x1F,
/* 3212 */ 
0x00,0x00,0x00,0x03,0x86,0x01,0x86,0x19,0xCC,0x30,0x6C,0x60,0xFC,0x7F,0x00,0xC0,
0x18,0x00,0xF8,0x7F,0x78,0x60,0x6C,0x60,0x6C,0x60,0x66,0x60,0x66,0x60,0xE0,0x7F,
/* 3213 */ 
0x00,0x00,0x00,0x00,0x80,0x01,0x80,0x01,0x8C,0x79,0x0C,0x6F,0xEC,0x61,0xBC,0x61,
0x8E,0x61,0x8C,0x61,0x8C,0x61,0x8C,0x3D,0x0C,0xC0,0x0C,0xC0,0x0C,0xC0,0xF8,0xFF,
/* 3214 */ 
0x00,0x00,0x00,0x00,0xFE,0xFF,0x80,0x01,0xF0,0x1F,0x18,0x30,0x0C,0x60,0x0C,0x60,
0x8C,0x61,0x8C,0x61,0x8C,0x61,0x80,0x61,0xC0,0x06,0x60,0x1C,0x30,0x30,0x1E,0x60,
/* 3215 */ 
0x00,0x00,0x00,0x06,0x00,0x06,0xEC,0xFF,0xBE,0x0D,0xCC,0x7C,0xCC,0xC6,0xCC,0xCE,
0xFC,0xDB,0xF8,0x77,0xFE,0x67,0xCC,0x3C,0xCC,0x38,0xCC,0x38,0xCC,0x6E,0xCE,0xC3,
/* 3216 */ 
0x00,0x00,0x00,0x00,0x60,0x06,0x60,0x06,0x66,0x66,0x6C,0x66,0x6C,0x66,0x6C,0x66,
0x6C,0x36,0x78,0x36,0x78,0x36,0x78,0x1E,0x78,0x1E,0x60,0x06,0x60,0x06,0xFE,0xFF,
/* 3217 */ 
0x00,0x00,0x00,0x00,0x3E,0x0C,0x66,0x0C,0x66,0x0C,0x66,0x0C,0x66,0x0C,0xE6,0xFF,
0x66,0x0C,0x66,0x0C,0x66,0x0C,0x66,0x0C,0x66,0x0C,0x66,0x0C,0x3E,0x0C,0x0C,0x0C,
/* 3218 */ 
0x00,0x00,0x80,0x01,0x80,0x01,0xFC,0x7F,0x8C,0x61,0x8C,0x61,0xFC,0x7F,0x8C,0x61,
0x8C,0x61,0xFC,0x7F,0x80,0x31,0x00,0x1B,0x00,0x0F,0xC0,0xC7,0x7E,0xCC,0x00,0xF8,
/* 3219 */ 
0x00,0x00,0x00,0x06,0x3E,0x06,0xF6,0xFF,0xB6,0x0D,0xB6,0x7D,0xBE,0xC7,0xF6,0xDE,
0xF6,0x7E,0xF6,0x67,0xF6,0x6F,0xFE,0x3C,0xF6,0x18,0xF6,0x3C,0xF6,0x66,0xFF,0xC3,
/* 3220 */ 
0x00,0x00,0x80,0x01,0x80,0x01,0xFE,0xFF,0x30,0x03,0x30,0x7F,0x98,0x61,0xD8,0x67,
0xDC,0x6C,0xFE,0x3C,0xBE,0x39,0x98,0x19,0x18,0x1B,0x18,0x0E,0x18,0x1F,0xF8,0xF1,
/* 3221 */ 
0x00,0x00,0x00,0x00,0x06,0x06,0xEC,0xFF,0x98,0x07,0x80,0x07,0xC6,0xFE,0xCC,0xC6,
0x78,0xCF,0x70,0xDB,0xF0,0x7B,0x7C,0x36,0x6C,0x3C,0x6C,0x1C,0x66,0x76,0x86,0xC3,
/* 3222 */ 
0x00,0x00,0x00,0x00,0x00,0x00,0x00,0x00,0x00,0x00,0x00,0x00,0x00,0x00,0x00,0x00,
0xFE,0xFF,0x00,0x00,0x00,0x00,0x00,0x00,0x00,0x00,0x00,0x00,0x00,0x00,0x00,0x00,
/* 3223 */ 
0x00,0x00,0x00,0x00,0xFC,0x7F,0x80,0x01,0x80,0x01,0xF8,0x3F,0xFC,0x7F,0x06,0xC0,
0xFE,0xFF,0xE6,0x0F,0x38,0x38,0x18,0x30,0xF8,0x3F,0x70,0x1C,0x60,0x0C,0xFE,0xFF,
/* 3224 */ 
0x00,0x00,0x00,0x00,0xFC,0xFF,0xC6,0x00,0xC6,0x00,0xE6,0x3F,0x66,0x03,0x36,0x03,
0x06,0x03,0xFE,0x7F,0x06,0x07,0x86,0x0D,0xC6,0x18,0x66,0x30,0x3E,0x60,0xFC,0xFF,
/* 3225 */ 
0x00,0x00,0x00,0x00,0xCC,0x7F,0xCC,0x60,0xFE,0x7F,0x0C,0x30,0xFC,0xFF,0xCC,0x60,
0xFC,0x7F,0xD8,0x60,0xCE,0x60,0xCC,0x7F,0xCC,0x60,0xCC,0xF0,0xEC,0x7F,0x0E,0x60,
/* 3226 */ 
0x00,0x00,0x00,0x00,0x0C,0x06,0xFC,0xFF,0x06,0x06,0x06,0x0E,0x03,0xCE,0x3E,0x6F,
0x18,0x3B,0x98,0x1B,0xFE,0x33,0x18,0x33,0x18,0x63,0x78,0xC3,0x38,0x9F,0x18,0x07,
/* 3227 */ 
0x00,0x00,0x00,0x03,0x18,0x03,0xF8,0xFF,0x0C,0x06,0x0C,0x07,0x0C,0xC7,0x8E,0x67,
0xCE,0x3C,0xEC,0x1C,0xFC,0x18,0xCC,0x18,0xCC,0x30,0xCC,0x60,0xCC,0xDC,0x8C,0x07,
/* 3228 */ 
0x00,0x00,0x18,0x00,0xF8,0x7F,0x18,0x63,0x0C,0x63,0x0C,0x63,0xFC,0xFF,0x0E,0x63,
0x0E,0x63,0x0C,0x63,0xEC,0x7F,0x0C,0x03,0x0C,0x03,0x8C,0x01,0xCC,0x00,0x6C,0x00,
/* 3229 */ 
0x00,0x00,0x80,0x01,0x80,0x01,0x00,0x03,0xFC,0x7F,0x80,0x03,0xC0,0xE3,0x60,0x33,
0x70,0x1E,0x38,0x06,0x3E,0x0C,0x30,0x0C,0x30,0x18,0x30,0x76,0xB0,0xC3,0xF0,0x00,
/* 3230 */ 
0x00,0x00,0x00,0x00,0xFC,0xFF,0x66,0x18,0x66,0x7E,0xFE,0xC3,0xDE,0xC3,0xDE,0xDB,
0xDE,0xDB,0xDE,0xDB,0xDE,0xDB,0xFE,0x1B,0x66,0x3C,0x66,0x6C,0x66,0x66,0xFC,0xC3,
/* 3231 */ 
0x00,0x00,0x80,0x01,0x80,0x01,0xFE,0xFF,0x80,0x01,0xFC,0x7F,0x80,0x61,0xFC,0x7F,
0x86,0x31,0x86,0x01,0xFC,0xFF,0x80,0xC3,0xC0,0xC6,0xC0,0xFE,0x70,0x1C,0x1E,0xF0,
/* 3232 */ 
0x00,0x00,0x00,0x06,0xCC,0x7F,0x6C,0x66,0xF8,0x7F,0x00,0x06,0xF0,0xFF,0xCF,0x3F,
0xD8,0x60,0x78,0x66,0x78,0x66,0x78,0x66,0x78,0x7F,0xD8,0x31,0x3C,0x60,0xE6,0xFF,
/* 3233 */ 
0x00,0x00,0x00,0x06,0x7C,0x7F,0x18,0xC3,0x98,0x63,0xD8,0x6E,0x7E,0x38,0x18,0x0E,
0xFC,0x0F,0x3C,0xFE,0x7E,0xC6,0x1E,0xC3,0xDB,0x6F,0x18,0x78,0x18,0x38,0xD8,0x0F,
/* 3234 */ 
0x00,0x00,0x00,0x00,0x30,0x03,0x78,0x66,0x78,0x66,0xD8,0x30,0xDC,0x30,0x9E,0x31,
0x9E,0x19,0x18,0x1B,0x18,0x0F,0x18,0x06,0x18,0x0F,0x98,0x19,0xD8,0x70,0x78,0xC0,
/* 3235 */ 
0x00,0x00,0x00,0x0C,0xFC,0xFF,0x66,0x0C,0xE6,0x3F,0x66,0xEC,0x7E,0xCC,0xE6,0x7F,
0xE6,0x0C,0xE6,0xFF,0x7E,0xCC,0x66,0xCE,0x66,0xFE,0x66,0x33,0xE6,0x61,0xF8,0xC0,
/* 3236 */ 
0x00,0x00,0x00,0x00,0x66,0xFF,0x3E,0x60,0x86,0x37,0xCC,0x1C,0x78,0x38,0x0C,0xFF,
0xFC,0xD8,0x36,0x7B,0x30,0x1B,0xFE,0x7B,0x30,0x1B,0xF8,0x1F,0xCC,0x1D,0xC6,0xF0,
/* 3237 */ 
0x00,0x00,0x00,0x60,0x8C,0x3F,0xF8,0x00,0xC0,0x00,0xC0,0x00,0xCE,0xFF,0xD8,0x18,
0xC0,0x18,0xC0,0x18,0xF0,0x18,0xD8,0x18,0x78,0x18,0x6C,0x18,0x66,0x18,0x30,0x18,
/* 3238 */ 
0x00,0x00,0x80,0x01,0x80,0x01,0xFE,0xFF,0x06,0xC0,0xE6,0xCF,0x3E,0xF8,0x18,0x30,
0x18,0x30,0xF8,0x3F,0x18,0x30,0x18,0x30,0xF8,0x3F,0x18,0x30,0x18,0x30,0xFE,0xFF,
/* 3239 */ 
0x00,0x00,0x00,0x00,0x0C,0x06,0xEC,0xFF,0x3F,0x06,0xFC,0x7F,0x3C,0x66,0xF6,0x7F,
0xF6,0x06,0xF6,0x06,0xB6,0xFF,0x1C,0xCE,0x18,0xFF,0x3C,0x7B,0xB6,0x31,0xE3,0xE0,
/* 3240 */ 
0x00,0x00,0x30,0x00,0xF0,0x1F,0xF8,0x1F,0x00,0x0C,0xFE,0xFF,0xF6,0x1C,0xFC,0x1F,
0xFE,0x3D,0x38,0x7F,0xFC,0x7F,0x36,0x6F,0x60,0x0C,0xFE,0xFF,0x60,0x18,0x30,0x18,
/* 3241 */ 
0x00,0x00,0x18,0x00,0x18,0x06,0xD8,0xFF,0x18,0x0F,0xBC,0x3B,0xDC,0x60,0xFC,0xFF,
0x3C,0x60,0xDE,0x6F,0xDE,0x78,0xDB,0x78,0xD8,0x78,0x98,0x6F,0x18,0x60,0x18,0x7C,
/* 3242 */ 
0x00,0x00,0x18,0x06,0x98,0x07,0x98,0x6D,0xFE,0x6D,0xFE,0x61,0x7E,0x33,0x7E,0x33,
0x7E,0x33,0x7E,0x1E,0x7E,0x1E,0x7E,0x0C,0x38,0x1E,0x78,0x36,0x78,0x63,0xFE,0xC1,
/* 3243 */ 
0x00,0x00,0x18,0x06,0x18,0x03,0xFC,0x7F,0x0C,0x0F,0xCC,0x39,0x7C,0xE0,0xFE,0xFF,
0x0E,0x60,0xEF,0x6F,0x6C,0x6C,0x6C,0x6C,0x6C,0x6C,0xEC,0x6F,0x0C,0x60,0x0C,0x3E,
/* 3244 */ 
0x00,0x00,0x00,0x00,0xFE,0x3F,0x00,0x30,0x00,0x30,0x00,0x30,0x00,0x30,0x06,0x30,
0xFE,0x3F,0x06,0x00,0x06,0x00,0x06,0xC0,0x06,0xC0,0x06,0xC0,0x06,0xC0,0xFC,0x7F,
/* 3245 */ 
0x00,0x00,0x00,0x00,0xFE,0x3F,0x00,0x30,0x00,0x18,0x00,0x0C,0x00,0x06,0x80,0x03,
0xC0,0x00,0x60,0x00,0x30,0x00,0x18,0xC0,0x0C,0xC0,0x0C,0xC0,0x0C,0x60,0xF8,0x7F,
/* 3246 */ 
0x00,0x00,0xC0,0x00,0x60,0x0C,0x30,0x38,0x1C,0x70,0xFC,0xFF,0x18,0x00,0xF8,0x7F,
0x8C,0x01,0x86,0x01,0x80,0x01,0xFC,0x7F,0x80,0x03,0xC0,0x06,0x70,0x1C,0x1E,0xF0,
/* 3247 */ 
0x00,0x00,0x00,0x00,0x6C,0x30,0x6C,0x30,0xCC,0x30,0x8C,0x31,0x8C,0x31,0x0C,0x33,
0x0C,0x30,0x8C,0x31,0xCC,0x18,0xEC,0x18,0x3C,0x3C,0x1C,0x67,0xC0,0xC1,0x78,0xC0,
/* 3248 */ 
0x00,0x00,0x00,0x0C,0x30,0x0C,0xFE,0xFF,0x30,0x0C,0x30,0x0C,0xFC,0x7F,0x00,0x30,
0x00,0x1C,0x80,0x07,0xE0,0x00,0x30,0xC0,0x18,0xC0,0x0C,0xC0,0x0C,0xC0,0xF8,0x7F,
/* 3249 */ 
0x00,0x00,0x18,0x00,0x18,0x7F,0xD8,0xCD,0xFE,0xCC,0xD8,0xCC,0xD8,0xCC,0xD8,0xCC,
0xF8,0xCC,0xF8,0xCC,0xDE,0xCC,0xD8,0xCE,0xD8,0xFF,0x18,0x0C,0x18,0x0C,0x1C,0x00,
/* 3250 */ 
0x00,0x00,0x00,0x00,0xFC,0x7F,0x0C,0x60,0xFC,0x7F,0x0C,0x60,0x0C,0x60,0xFC,0x7F,
0x30,0x00,0xF8,0x7F,0x8C,0xCD,0xC0,0xCC,0x70,0xC6,0x1C,0xC3,0xC6,0x61,0x70,0x7E,
/* 3251 */ 
0x00,0x00,0x00,0x00,0xFC,0x3F,0x0C,0x30,0x0C,0x30,0xFC,0x3F,0x00,0x00,0xFC,0x7F,
0x86,0x61,0x86,0x61,0x86,0x61,0xFE,0x7F,0x06,0xC0,0x06,0xC0,0x06,0xC0,0xFC,0x7F,
/* 3252 */ 
0x00,0x00,0x18,0x00,0x18,0x03,0x7E,0xFF,0xFE,0x01,0xFE,0x01,0x7E,0x7F,0x7E,0x30,
0x7E,0x30,0x7E,0x18,0x7E,0x0C,0x7E,0x06,0x7E,0xC3,0xFE,0xC1,0xFE,0xC1,0xBC,0xFF,
/* 3253 */ 
0x00,0x00,0x00,0x00,0xF8,0x7F,0x18,0x60,0x18,0x30,0x0C,0x18,0x0C,0x0C,0x0E,0x06,
0x0E,0x03,0x0C,0x03,0x8C,0x01,0xCC,0xC0,0xCC,0xC0,0x6C,0xC0,0xCC,0xFF,0x0C,0x60,
/* 3254 */ 
0x00,0x00,0x00,0x00,0x98,0x1F,0x98,0x19,0x8C,0x19,0xC6,0x18,0xF0,0x70,0x18,0x00,
0xDC,0x3F,0x9E,0x31,0x9E,0x31,0x18,0x1B,0x18,0x0E,0x18,0x0E,0x98,0x3B,0xF8,0xE0,
/* 3255 */ 
0x00,0x00,0x00,0x06,0xFE,0xFF,0xB6,0x31,0x36,0x33,0xF6,0xFF,0xBE,0x3F,0xF6,0xE0,
0xF6,0xFF,0xF6,0xC0,0xFE,0x7F,0x36,0x07,0xF6,0x6F,0xF6,0xFF,0xF6,0xFB,0x7F,0x3F,
/* 3256 */ 
0x00,0x00,0x0C,0x03,0x0C,0x1F,0x98,0x31,0xD8,0x18,0xF0,0xFF,0x60,0xC6,0x7E,0xC6,
0xD8,0xFF,0x18,0x06,0x18,0x3E,0x18,0x3F,0x98,0xED,0xF8,0xCC,0x3C,0x78,0xE6,0xFF,
/* 3257 */ 
0x00,0x00,0x00,0x0C,0xE6,0x0C,0xBE,0x7F,0xC6,0x6C,0x66,0x6C,0x7C,0xFF,0x0C,0x6C,
0x7E,0x7F,0x1E,0x0C,0x1B,0x0C,0xFE,0x7F,0x38,0x0C,0xEC,0xFF,0xCC,0x0C,0x06,0x0C,
/* 3258 */ 
0x00,0x00,0x00,0x03,0x00,0x06,0xFE,0x7F,0x9E,0x1F,0x9C,0x19,0xDC,0x18,0xD8,0x18,
0x78,0xF0,0xFC,0x7F,0xDE,0x60,0x9B,0x61,0x18,0x3B,0x0C,0x0E,0x0C,0x1F,0xF6,0xF1,
/* 3259 */ 
0x00,0x00,0x80,0x01,0x80,0x01,0xFE,0xFF,0xC0,0x06,0xD8,0x06,0xD8,0x36,0xD8,0x36,
0xCC,0x36,0x6C,0x66,0x6C,0x66,0x6C,0x66,0x66,0x66,0x36,0xC6,0x30,0x06,0xD8,0x07,
/* 3260 */ 
0x00,0x00,0x80,0x01,0xFE,0xFF,0x60,0x03,0x30,0x73,0x3C,0x1E,0x36,0x1F,0xF0,0xF1,
0xF8,0x3F,0x0C,0x63,0xEC,0x6E,0x3C,0x78,0xEC,0x6F,0x6C,0x6C,0x6C,0x6C,0xCC,0x7F,
/* 3261 */ 
0x00,0x00,0x80,0x01,0xFC,0x7F,0x30,0x18,0x60,0x0C,0xFE,0xFF,0x00,0x00,0xFC,0x7F,
0x0C,0x60,0xFC,0x7F,0x0C,0x60,0xFC,0x7F,0xBC,0x31,0xBC,0x71,0x36,0xEF,0xE0,0xCF,
/* 3262 */ 
0x00,0x00,0x00,0x00,0x30,0x3E,0xFE,0x67,0xCC,0x66,0xCC,0x66,0xFE,0x63,0x30,0xE3,
0xB8,0x7F,0xFE,0xC6,0x78,0x66,0xEC,0x6C,0xF6,0x3D,0x78,0x1B,0x6E,0x3E,0xF8,0xE3,
/* 3263 */ 
0x00,0x00,0x00,0x00,0x0C,0x00,0xCC,0x7F,0x0E,0x70,0x3E,0x30,0x3E,0x18,0x3E,0x0C,
0x3E,0x07,0x8E,0x01,0xCC,0x00,0x6C,0xC0,0x6C,0xC0,0x3C,0xC0,0x6C,0xC0,0xCC,0x7F,
/* 3264 */ 
0x00,0x00,0x80,0x01,0x8C,0x01,0x8C,0x61,0x18,0x33,0x18,0x33,0x30,0x30,0x30,0x18,
0x60,0x18,0xC0,0x0C,0xC0,0x06,0x80,0x03,0x80,0x03,0xE0,0x0E,0x38,0x38,0x0E,0xE0,
/* 3265 */ 
0x00,0x00,0x00,0x00,0x30,0x18,0x60,0x0C,0xFE,0xFF,0x60,0x0C,0x70,0x18,0x18,0x70,
0x0E,0xC0,0xF8,0x3F,0xCC,0x66,0xCC,0x66,0xCC,0x66,0xCC,0x66,0xCC,0x66,0xFE,0xFF,
/* 3266 */ 
0x00,0x00,0x00,0x00,0xCE,0x30,0x9C,0x31,0xE0,0xFF,0x80,0x19,0x83,0x39,0xCE,0x60,
0x78,0xC0,0x00,0x00,0xF8,0x7F,0x78,0x6F,0x78,0x6F,0x6C,0x6F,0x6C,0x6F,0xF6,0xFF,
/* 3267 */ 
0x00,0x00,0x80,0x01,0x98,0xC1,0xB0,0x79,0x80,0x0F,0x80,0xC1,0x9E,0xC1,0x98,0x7F,
0x18,0x00,0x18,0x7F,0x98,0xC1,0x98,0xC1,0xF8,0xFF,0xF8,0xC1,0xB8,0xC1,0x00,0x7F,
/* 3268 */ 
0x00,0x00,0x0C,0x00,0x18,0x06,0x18,0x66,0xC0,0x66,0xC0,0x30,0xDC,0x30,0x98,0x31,
0x98,0x31,0x18,0x1B,0x18,0x1B,0x18,0x0E,0x78,0x0E,0x38,0x1B,0xD8,0x71,0x60,0xC0,
/* 3269 */ 
0x00,0x00,0x00,0x00,0x18,0x0C,0xF0,0xFF,0xC0,0xC0,0xC0,0xC0,0xDE,0xFF,0x98,0x61,
0x98,0x61,0x98,0x7F,0x98,0x61,0x98,0x61,0x98,0x7F,0xF8,0x61,0xB8,0x61,0xE0,0xFF,
/* 3270 */ 
0x00,0x00,0x00,0x00,0xCC,0x7F,0x18,0x63,0x00,0x37,0x00,0x1E,0x0E,0x3F,0xEC,0xED,
0x0C,0x0C,0xCC,0x7F,0x0C,0x0C,0x0C,0x0C,0xFC,0xFF,0x3C,0x0C,0x18,0x0C,0x00,0x0C,
/* 3271 */ 
0x00,0x00,0x00,0x00,0xFC,0x3F,0x0C,0x30,0x0C,0x30,0xFC,0x1F,0x0C,0x60,0xFC,0x7F,
0x00,0x00,0x30,0x00,0x30,0x0C,0xFE,0xFF,0x30,0x0C,0x30,0x0C,0x18,0x0C,0x0C,0x00,
/* 3272 */ 
0x00,0x00,0x00,0x00,0xFE,0xFF,0xBC,0xDF,0xF0,0xF1,0x9E,0xDF,0xF8,0x3F,0x0C,0x33,
0xFC,0x3F,0xF8,0x3F,0x60,0x0C,0xFC,0x7F,0x60,0x0C,0xFC,0x7F,0x70,0x38,0x1E,0xE0,
/* 3273 */ 
0x00,0x00,0x00,0x00,0xFE,0x7F,0xCC,0x6E,0xF8,0x78,0xE0,0x70,0xF0,0x7C,0xDC,0x67,
0xC6,0x00,0x80,0x01,0xFC,0x7F,0x30,0x0C,0x60,0x0C,0x60,0x0C,0x60,0x0C,0xFE,0xFF,
/* 3274 */ 
0x00,0x00,0x00,0x00,0xD8,0x7F,0x18,0x63,0x6C,0x3F,0x36,0x0E,0x3E,0x1F,0xD8,0xF7,
0x18,0x0C,0x8C,0x7F,0x7E,0x0C,0x00,0x0C,0xC0,0x7F,0x7C,0x0C,0x00,0x0C,0x00,0x0C,
/* 3275 */ 
0x00,0x00,0x00,0x0C,0x60,0x0C,0xFE,0xFF,0x60,0x0C,0x30,0x0C,0xFE,0x7F,0x86,0xC1,
0x86,0xC1,0xFE,0xFF,0x86,0xC1,0xC6,0xC7,0xE6,0xCC,0x36,0xD8,0x1E,0xF0,0xFE,0x7F,
/* 3276 */ 
0x00,0x00,0x00,0x0C,0xFE,0xFF,0x30,0x0C,0x30,0x0C,0x7C,0x7F,0xE6,0x61,0xB6,0x61,
0x36,0x7F,0xE6,0x61,0xE6,0x61,0xE6,0x7F,0xFE,0x61,0xB6,0x61,0x86,0x61,0xC0,0x7C,
/* 3277 */ 
0x00,0x00,0x00,0x00,0xFC,0x7F,0x06,0x60,0x86,0xC1,0x86,0xC1,0xFE,0xFF,0x86,0xC1,
0x86,0xC3,0x86,0xC3,0xC6,0xC6,0xC6,0xCC,0x66,0xD8,0x3E,0xF0,0x06,0x60,0xFC,0x7F,
/* 3278 */ 
0x00,0x00,0x00,0x00,0xFC,0x3E,0x06,0x33,0xFC,0x33,0xC6,0x33,0xFC,0x33,0xC6,0x61,
0xFC,0x7F,0x06,0x63,0xFC,0x66,0xC6,0x36,0xC6,0x3C,0xC6,0x1C,0xC6,0x76,0xF3,0xC3,
/* 3279 */ 
0x00,0x00,0x80,0x01,0x80,0x01,0xFE,0x7F,0x30,0x18,0x30,0x0C,0x60,0x0C,0xFE,0xFF,
0x00,0x00,0xF8,0x3F,0x0C,0x30,0x0C,0x30,0xFC,0x3F,0x0C,0x30,0x0C,0x30,0xF8,0x3F,
/* 3280 */ 
0x00,0x00,0x00,0x00,0xFC,0x7F,0xE6,0x61,0xE6,0x61,0xB6,0x61,0xB6,0x7F,0xB6,0x61,
0xB6,0x61,0xE6,0x61,0xE6,0x7F,0xFE,0x61,0xB6,0x61,0x86,0x61,0xC6,0x6C,0xC6,0x38,
/* 3281 */ 
0x00,0x00,0x00,0x00,0x8C,0x7F,0x8C,0xCD,0xFE,0xCD,0xEC,0xCD,0xEC,0xFF,0xE6,0xCD,
0xB6,0xDD,0xB6,0xDD,0xBC,0xDF,0x98,0xF7,0xB8,0xF7,0xEC,0xC3,0xE6,0xC1,0x83,0xFF,
/* 3282 */ 
0x00,0x00,0x00,0x00,0x00,0x0E,0x1E,0x1B,0xB6,0x31,0xF6,0xE3,0x76,0x86,0x36,0x0C,
0x36,0x00,0xF6,0x7F,0x76,0x60,0x36,0x60,0x36,0x60,0x1E,0x38,0x00,0x1C,0xC0,0x07,
/* 3283 */ 
0x00,0x00,0x00,0x00,0x0C,0x7F,0xFC,0x61,0x86,0x61,0x86,0x7F,0xFC,0x61,0x98,0x61,
0x98,0x61,0x98,0x7F,0xFC,0xCD,0x98,0x7D,0x98,0x19,0xD8,0x31,0xF8,0x61,0xB0,0xCF,
/* 3284 */ 
0x00,0x00,0x00,0x00,0x06,0x7E,0xFC,0x63,0x78,0x66,0xC0,0x66,0x80,0x3D,0x0E,0x00,
0xD8,0x7F,0x00,0x0C,0x18,0x0C,0x18,0x0C,0xD8,0xFF,0x0C,0x0C,0x0C,0x0C,0xC6,0xFF,
/* 3285 */ 
0x00,0x00,0x80,0x01,0x80,0x01,0xFE,0xFF,0xFE,0xFF,0x0E,0xE3,0x00,0x03,0xFC,0x7F,
0x0C,0x63,0xFC,0x7F,0x0C,0x63,0x0C,0x63,0xF8,0x7F,0xC0,0x06,0x70,0x3C,0x1E,0xE0,
/* 3286 */ 
0x00,0x00,0x00,0x06,0x0C,0x06,0xFC,0xFE,0xCC,0xC3,0xC6,0xCF,0x7E,0x6F,0x98,0x6D,
0x18,0x0C,0x18,0x0C,0x18,0x1C,0x18,0x1C,0x18,0x36,0xF8,0x36,0x38,0x63,0xD8,0xC1,
/* 3287 */ 
0x00,0x00,0x00,0x00,0xFC,0x7F,0xC0,0x60,0xC0,0x60,0xFF,0xFF,0xC0,0x60,0xC0,0x60,
0xC0,0x60,0xFC,0x3F,0xC0,0x00,0x60,0x00,0x60,0x00,0x30,0x00,0x18,0x00,0x0E,0x00,
/* 3288 */ 
0x00,0x00,0x00,0x00,0xFC,0x67,0x00,0x66,0x00,0x66,0x00,0x66,0xFC,0x63,0x0C,0x60,
0x0C,0x60,0x0C,0x60,0xF8,0x67,0x00,0x66,0x00,0x66,0x00,0x66,0x00,0x63,0xF8,0x61,
/* 3289 */ 
0x00,0x00,0x00,0x03,0x3E,0x3F,0xB6,0x31,0xF6,0x18,0xDE,0x7F,0x1E,0x60,0x1E,0x60,
0xB6,0x7F,0x36,0x60,0xF6,0x7F,0xFE,0x66,0xDE,0x6D,0xE6,0xCD,0xB6,0x31,0x06,0x3F,
/* 3290 */ 
0x00,0x00,0x00,0x00,0xF0,0x7E,0x1C,0x66,0x06,0x63,0x06,0x63,0x06,0x63,0x06,0x63,
0xFE,0x63,0x06,0x63,0x06,0x63,0x06,0x63,0x06,0x63,0xE6,0x63,0x3E,0x7F,0x00,0x03,
/* 3291 */ 
0x00,0x00,0x00,0x00,0x30,0x0C,0xFE,0xFF,0x30,0x0C,0xB0,0x0D,0x80,0x01,0xFC,0x3F,
0x8C,0x31,0x8C,0x31,0x8C,0x31,0xF8,0x7F,0x80,0x07,0xC0,0x0C,0x70,0x18,0x1E,0xF0,
/* 3292 */ 
0x00,0x00,0x00,0x00,0xCC,0x7B,0xEC,0xFF,0xFE,0xFF,0xEC,0xFF,0xFC,0xFF,0xFC,0x7F,
0xFC,0x7E,0x6E,0xCC,0x0E,0x03,0xEC,0xFF,0x8C,0x19,0x0C,0x1F,0x0C,0x3E,0xFC,0xE3,
/* 3293 */ 
0x00,0x00,0x00,0x00,0xFE,0xFE,0xF6,0xDB,0xF6,0xDB,0xF6,0xDB,0xF6,0xDB,0xFE,0x3C,
0xD8,0x6C,0x0E,0x07,0xC0,0x00,0xFC,0x7F,0x30,0x0C,0xE0,0x07,0x80,0x0F,0xFE,0x78,
/* 3294 */ 
0x00,0x00,0x00,0x03,0x00,0x03,0xFC,0x7F,0xFC,0x7F,0xFC,0x7F,0xFC,0x7F,0xFC,0x0C,
0xFC,0x7F,0xFC,0x1F,0x7C,0x30,0xF6,0x3F,0xF6,0x7F,0x06,0xC0,0xFE,0xFF,0x03,0xF8,
/* 3295 */ 
0x00,0x00,0x80,0x01,0x00,0x03,0x00,0x03,0xFC,0xFF,0x0C,0x00,0x8C,0x61,0xBC,0x61,
0x3C,0x63,0x6C,0x33,0x6C,0x33,0x6C,0x30,0xC6,0x18,0x06,0x18,0x06,0x0C,0xFE,0xFF,
/* 3296 */ 
0x00,0x00,0x00,0x00,0xF8,0xFB,0x6C,0xCF,0xEC,0xFF,0xF6,0xFF,0xFE,0xFF,0xFE,0x7F,
0xD8,0x7B,0x6C,0xCE,0x06,0x03,0xFE,0xFF,0x80,0x19,0xB0,0x0F,0x1E,0x3E,0xE0,0xE3,
/* 3297 */ 
0x00,0x00,0x00,0x0C,0x30,0x0C,0xFE,0xFF,0x30,0x0C,0x30,0x00,0xFE,0xFF,0x06,0xC0,
0xFE,0xFF,0x86,0x01,0x80,0x01,0xF8,0x3F,0x80,0x01,0x80,0x0D,0x80,0x19,0xFE,0xFF,
/* 3298 */ 
0x00,0x00,0x00,0x00,0x30,0x0C,0xFE,0xFF,0x30,0x0C,0x30,0x0C,0xFC,0xFF,0x86,0xC1,
0xFE,0x7F,0x98,0x31,0x98,0x31,0x98,0x31,0xF0,0x1F,0x80,0x31,0x80,0x61,0xFE,0xFF,
/* 3299 */ 
0x00,0x00,0x00,0x00,0x60,0x0C,0xFE,0xFF,0x60,0x0C,0x30,0x0C,0xFE,0xFF,0x06,0xC0,
0xFE,0xFF,0x18,0x30,0xF8,0x3F,0x00,0x00,0xF8,0x7F,0x0C,0x60,0x0C,0x60,0xFC,0x7F,
/* 3300 */ 
0x00,0x00,0x00,0x00,0x30,0x0C,0xFE,0xFF,0x30,0x0C,0x30,0x0C,0xFE,0xFF,0x86,0xC1,
0xB6,0xF1,0xB0,0x19,0x98,0x19,0x98,0x0F,0x80,0x07,0xC0,0x0C,0x70,0x38,0x1E,0xE0,
/* 3301 */ 
0x00,0x00,0x00,0x00,0x98,0x7F,0xD8,0x60,0xFE,0x60,0xBE,0x7F,0x3E,0x0C,0xFE,0x7F,
0xFE,0x6C,0xFE,0x7F,0xFE,0x6C,0xDC,0x6C,0xF8,0x7F,0x78,0xCC,0x78,0xCC,0x6F,0xFC,
/* 3302 */ 
0x00,0x00,0x00,0x00,0xCC,0x3B,0x6C,0x6E,0x78,0x66,0x60,0x66,0x6E,0x66,0x78,0x66,
0x78,0x66,0x78,0x66,0x78,0x66,0xF8,0x67,0xD8,0x7E,0x18,0x06,0x3C,0x06,0xE6,0xFF,
/* 3303 */ 
0x00,0x00,0x80,0x01,0x80,0x01,0xFC,0x7F,0xF8,0x7F,0x00,0x00,0xFC,0x3F,0x0C,0x60,
0xF8,0x3F,0xFE,0x7B,0x76,0x6E,0xFE,0x7F,0xF6,0x7F,0xFE,0xFF,0xF6,0xFF,0xFE,0xEC,
/* 3304 */ 
0x00,0x00,0x00,0x00,0xFE,0x1F,0x30,0x18,0xF0,0x1F,0x30,0xFC,0x78,0xC6,0xCC,0xC3,
0xCE,0xC7,0x7E,0x7C,0x00,0x00,0xFC,0x7F,0x66,0x66,0x66,0x66,0x66,0x66,0xFF,0xFF,
/* 3305 */ 
0x00,0x00,0x00,0x00,0xFC,0x61,0x0C,0x33,0xFC,0x1F,0xFC,0xC7,0x30,0xC0,0xFE,0x67,
0x00,0x30,0xFC,0x1D,0x0C,0x87,0xFC,0xC1,0xE0,0x60,0xEC,0x31,0xEC,0x1D,0x78,0x07,
/* 3306 */ 
0x00,0x00,0x00,0x00,0x66,0xFF,0x3C,0x18,0xC6,0x3E,0xFC,0x63,0x00,0x63,0xFE,0x7B,
0x30,0x7B,0xFE,0x7B,0xB0,0x6F,0x78,0x6F,0xFC,0x6F,0x36,0x3C,0x30,0x66,0xB0,0xC3,
/* 3307 */ 
0x00,0x00,0x00,0x00,0xFE,0xFF,0x18,0x0C,0x8C,0x7F,0xCC,0xCC,0xCC,0xCC,0xFE,0xFF,
0xE6,0xCC,0xE7,0xCC,0xE6,0x7F,0xE6,0x0D,0x66,0x0F,0x66,0x0E,0x7C,0x3E,0xC0,0xE3,
/* 3308 */ 
0x00,0x00,0x00,0x00,0x1C,0x0C,0x36,0x1F,0xB6,0x7D,0xB6,0x6D,0xB6,0x6D,0xB6,0x6D,
0xBE,0x6D,0xB6,0x6D,0xF6,0xFF,0x36,0x0C,0x36,0x1E,0x36,0x37,0xBE,0x63,0xE0,0xC0,
/* 3309 */ 
0x00,0x00,0x00,0x00,0x80,0x0D,0xDE,0x0C,0xDE,0xFC,0xDE,0xCF,0x7E,0xC7,0xFE,0xC7,
0xDE,0xCD,0xDE,0xD8,0xDE,0xD8,0xFE,0xF7,0xFE,0xC0,0x1E,0xC0,0xDE,0xC7,0x00,0x7C,
/* 3310 */ 
0x00,0x00,0x00,0x00,0xD8,0xFF,0xD8,0xCC,0xD8,0xCC,0xFE,0xCC,0xD8,0xFF,0xD8,0xCC,
0xD8,0xCC,0xF8,0xCC,0xDF,0xFF,0xD8,0xCC,0xD8,0xCC,0xD8,0xCC,0x78,0xCC,0x6E,0xF8,
/* 3311 */ 
0x00,0x00,0x00,0x00,0xEC,0xFF,0x6C,0xC6,0x6C,0xC6,0x6C,0xC6,0xEC,0xFF,0x6E,0xC6,
0x6E,0xC6,0x6F,0xC6,0xEC,0xFF,0x6C,0xC6,0x6C,0xC6,0x6C,0xC6,0x3C,0xC6,0x3C,0x7E,
/* 3312 */ 
0x00,0x00,0x00,0x06,0x1E,0x06,0xF6,0xFF,0xF6,0x3C,0xF6,0x3C,0xFE,0xFF,0xF6,0x3F,
0xF6,0x3F,0xB6,0xFD,0xFE,0x3F,0xF6,0x3F,0xF6,0xFF,0x36,0x3F,0xB6,0xFD,0xFF,0x0C,
/* 3313 */ 
0x00,0x00,0x00,0x00,0x06,0x03,0xFE,0xFF,0x1E,0x00,0xFE,0x7F,0x7C,0x66,0x78,0x66,
0xF8,0x7F,0x78,0x66,0x7E,0x66,0xFB,0x7F,0x78,0x66,0x6C,0x66,0x6C,0x66,0x36,0x7E,
/* 3314 */ 
0x00,0x00,0x00,0x00,0xF8,0xFF,0x0C,0x03,0xFC,0x7F,0x0C,0x63,0xFC,0xFF,0x0C,0x63,
0xFC,0x3F,0xFC,0x7F,0x1C,0x63,0xFC,0x7F,0x1E,0x63,0xFE,0x7F,0x1E,0x63,0x1E,0x7F,
/* 3315 */ 
0x00,0x00,0x80,0x01,0x00,0x03,0xFE,0xFF,0x18,0x0F,0x18,0x7F,0xEC,0x19,0xF6,0x19,
0xFC,0x7F,0xF8,0x19,0xEC,0x19,0xF6,0x19,0xFC,0x7F,0xB0,0x19,0x98,0x19,0x8E,0xFF,
/* 3316 */ 
0x00,0x00,0x00,0x00,0xBE,0x7F,0x66,0x33,0x66,0x1E,0x66,0x0C,0xBE,0xFF,0x98,0xCD,
0x98,0xCD,0x9E,0xFF,0xFE,0xCD,0x9E,0xCD,0x9E,0xFF,0x9E,0xCD,0xFE,0xCD,0x8F,0xFD,
/* 3317 */ 
0x00,0x00,0x18,0x00,0x98,0x7F,0x18,0x30,0x7E,0x1E,0x7E,0x0C,0xFE,0x7F,0xFE,0xCC,
0xFE,0xCC,0xFE,0xFF,0xFE,0xCC,0xFC,0xCC,0xB8,0xFF,0xF8,0xCC,0xF8,0xCC,0x0F,0xFC,
/* 3318 */ 
0x00,0x00,0x00,0x00,0x1C,0x0F,0x36,0x38,0xF6,0x07,0x36,0x0C,0x36,0xCC,0xF6,0x6D,
0x36,0x3F,0x36,0x1F,0x36,0x1F,0x36,0x3F,0xB6,0x6D,0xF6,0x6C,0x7C,0xCC,0xB0,0x0F,
/* 3319 */ 
0x00,0x00,0xC0,0x00,0x8C,0x07,0x18,0x1C,0xF8,0x03,0x00,0xCE,0x06,0x6C,0x0C,0x3C,
0xF8,0x3F,0x00,0x1F,0x98,0x1D,0x98,0x3D,0xCC,0x6C,0x6C,0x6C,0x3E,0xCC,0x86,0x07,
/* 3320 */ 
0x00,0x00,0x00,0x00,0xCC,0x7F,0x98,0x39,0x00,0x0F,0xC0,0x7F,0x66,0xC6,0x7C,0xC6,
0xF8,0xFF,0x60,0xC6,0x78,0xC6,0x78,0xC6,0xF8,0xFF,0x6C,0xC6,0x6C,0xC6,0x66,0x7E,
/* 3321 */ 
0x00,0x00,0x00,0x00,0xF8,0x1F,0x00,0x30,0x00,0x00,0xFC,0xC3,0x00,0x63,0x00,0x33,
0xFC,0x1F,0x60,0x07,0x60,0x0F,0x30,0x1B,0x18,0x33,0x0C,0x63,0x06,0xC3,0xF0,0x01,
/* 3322 */ 
0x00,0x00,0x00,0x00,0xFC,0x3F,0xC0,0x0C,0x80,0x07,0xFC,0x7D,0x8C,0x61,0xFC,0x7F,
0x8C,0x61,0xFC,0x7F,0x8C,0x61,0xF0,0x00,0xBC,0x61,0x3C,0x7B,0x36,0xDB,0xE6,0xCF,
/* 3323 */ 
0x00,0x00,0x00,0x00,0xFC,0x3F,0xC0,0x0F,0xFC,0x7F,0x86,0x61,0xFE,0x7F,0x86,0x61,
0xFE,0x7F,0x86,0x61,0x86,0x61,0xFE,0x7F,0x80,0x61,0xC0,0x60,0x60,0x60,0x3E,0x7E,
/* 3324 */ 
0x00,0x00,0x00,0x00,0xFC,0x7F,0x8C,0x61,0x8C,0x61,0x8C,0x61,0xFC,0x7F,0x8C,0x61,
0x8C,0x61,0x8C,0x61,0xFC,0x7F,0x8C,0x61,0x8C,0x61,0x86,0x61,0x86,0x61,0x00,0x7C,
/* 3325 */ 
0x00,0x00,0x00,0x00,0xB0,0x19,0xB6,0xCD,0xB6,0xCD,0xDE,0xFD,0xFE,0xF7,0xEE,0xF7,
0xFE,0xDD,0xB6,0xD9,0xF6,0xFD,0xFE,0xFD,0xDE,0xF7,0xFE,0xFF,0xC6,0xE1,0xFE,0xFF,
/* 3326 */ 
0x00,0x00,0x18,0x03,0x18,0x1F,0x18,0x73,0x0C,0x03,0xFC,0xFF,0x0C,0x07,0x8E,0x07,
0x8E,0x07,0x8F,0x07,0x8C,0x07,0xCC,0x06,0xCC,0xC6,0x6C,0xC6,0x6C,0xC6,0x3C,0x7C,
/* 3327 */ 
0x00,0x00,0x00,0x00,0x98,0x01,0x98,0xFF,0xBC,0x31,0xFC,0x33,0x3E,0x1E,0x3C,0x0C,
0x0C,0x1E,0xCC,0x73,0x8C,0x01,0x8C,0x31,0x3C,0x63,0x3C,0x7B,0x36,0xD8,0xE6,0x0F,
/* 3328 */ 
0x00,0x00,0x00,0x00,0x18,0x3B,0x18,0x63,0x3E,0x03,0xFE,0xFF,0x3E,0x1B,0x3E,0x1B,
0x1E,0x1B,0x1B,0x1B,0x18,0x1B,0x98,0x19,0x98,0x19,0xD8,0xD8,0xD8,0xD8,0x78,0xF8,
/* 3329 */ 
0x00,0x00,0x80,0x01,0x80,0x0F,0x80,0x39,0x80,0x31,0xFE,0xFF,0x80,0x03,0xC0,0x03,
0xC0,0x03,0xC0,0x03,0x60,0x03,0x60,0x03,0x30,0xC3,0x18,0xC3,0x0C,0xC3,0x06,0xFE,
/* 3330 */ 
0x00,0x00,0x00,0x00,0x00,0x03,0x00,0x03,0xFC,0x7F,0x0C,0x63,0x0C,0x63,0x0C,0x63,
0x0C,0x63,0xFC,0x7F,0x0C,0x63,0x0C,0x63,0x0C,0x63,0x0C,0x63,0x0C,0x63,0xFC,0x7F,
/* 3331 */ 
0x00,0x00,0x30,0x00,0x30,0xFC,0x30,0xC6,0xFE,0x67,0xB6,0x67,0xB6,0x67,0xB6,0x37,
0xB6,0x37,0xB6,0x67,0xFE,0xC7,0xB6,0xC7,0xB6,0xC7,0xB6,0xC7,0xB6,0xFF,0xFE,0x01,
/* 3332 */ 
0x00,0x00,0x00,0x00,0x00,0x18,0x0C,0x18,0x7C,0x7F,0x86,0xD9,0x86,0xD9,0xFC,0xD9,
0x98,0xD9,0x98,0xFF,0xFE,0xD9,0x98,0xD9,0x98,0xD9,0x98,0xD9,0xF8,0xD9,0xB8,0xFF,
/* 3333 */ 
0x00,0x00,0x00,0x00,0x36,0x03,0x1C,0x3B,0x18,0x63,0xFC,0xFF,0x1E,0x0F,0x30,0x0F,
0x38,0x0F,0x3C,0x0F,0x3C,0x0F,0xB6,0x0D,0xB0,0xCD,0xF0,0xCC,0xF0,0xCC,0x7E,0xF8,
/* 3334 */ 
0x00,0x00,0x00,0x00,0x0C,0x06,0x18,0x06,0xF0,0x7F,0x60,0xC6,0x66,0xC6,0x7C,0xC6,
0x60,0xC6,0xE0,0xFF,0x60,0xC6,0x78,0xC6,0x78,0xC6,0x6C,0xC6,0x6C,0xC6,0xE6,0x7F,
/* 3335 */ 
0x00,0x00,0x00,0x00,0xC6,0x0C,0xFC,0xFF,0x78,0x0E,0x60,0x06,0xE6,0x7F,0x6C,0x63,
0x78,0x33,0x78,0x1B,0x78,0x33,0x78,0xFF,0x6C,0x33,0x3C,0x63,0x36,0x33,0xFE,0x3F,
/* 3336 */ 
0x00,0x00,0x00,0x00,0xFE,0xFF,0x60,0x06,0x60,0x06,0xFC,0x7F,0x66,0x66,0x66,0x66,
0x66,0x66,0x36,0x7C,0x1E,0x60,0x06,0x60,0xFC,0x7F,0x06,0x60,0x06,0x60,0xFC,0x7F,
/* 3337 */ 
0x00,0x00,0x80,0x01,0xC0,0x00,0xFE,0xFF,0x60,0x00,0x30,0x00,0xF8,0x7F,0x1E,0x60,
0x1B,0x60,0xF8,0x7F,0x18,0x60,0x18,0x60,0xF8,0x7F,0x18,0x60,0x18,0x60,0x18,0x7C,
/* 3338 */ 
0x00,0x00,0x60,0x00,0x60,0x00,0x60,0x00,0xFE,0xFF,0x30,0x00,0x30,0x00,0xF0,0x3F,
0x70,0x30,0xD8,0x30,0x98,0x19,0x98,0x0D,0x0C,0x07,0x0C,0x0F,0xC6,0x1D,0x7C,0xF0,
/* 3339 */ 
0x00,0x00,0x00,0x00,0x80,0x01,0x80,0x01,0xFE,0xFF,0xC0,0x00,0x60,0x00,0x30,0x00,
0xF8,0x3F,0x1C,0x60,0x1E,0x60,0x1B,0x60,0x18,0x60,0x18,0x60,0x18,0x60,0xF0,0x3F,
/* 3340 */ 
0x00,0x00,0x18,0x03,0x18,0x03,0x18,0x03,0xFC,0x7F,0x8C,0x01,0x8C,0x01,0xCE,0x00,
0xCE,0x7F,0xEC,0x60,0xFC,0x60,0xDC,0x60,0xCC,0x60,0xCC,0x60,0xCC,0x60,0xCC,0x7F,
/* 3341 */ 
0x00,0x00,0x00,0x00,0xF0,0x00,0x1F,0x0C,0xDE,0xFF,0xFE,0xCD,0xFC,0xCD,0xFC,0xCD,
0xFE,0xCD,0xB8,0xFF,0xF8,0xCD,0xFC,0xCD,0xDE,0xCD,0x9E,0xCD,0x98,0xCD,0x00,0xFF,
/* 3342 */ 
0x00,0x00,0x00,0x00,0x18,0x7E,0xB0,0x0F,0x00,0x0C,0xC0,0xFF,0x1E,0x1F,0x98,0x3D,
0xD8,0xEC,0x98,0x1F,0x18,0x36,0x18,0x33,0x78,0x63,0x38,0x63,0xB8,0x61,0xC0,0x7C,
/* 3343 */ 
0x00,0x00,0x00,0x00,0xFC,0x3F,0x18,0x60,0x18,0x30,0x30,0x30,0x30,0x30,0x60,0x18,
0x60,0x0C,0xC0,0x06,0xC0,0x07,0x80,0x03,0xC0,0x03,0x60,0x0E,0x38,0x38,0x0E,0xE0,
/* 3344 */ 
0x00,0x00,0x00,0x00,0x18,0x0C,0x18,0x0C,0x8C,0x3F,0xEC,0xEC,0x6C,0xCC,0x66,0xCC,
0x3E,0xC6,0x30,0xC6,0x78,0xC6,0x78,0xC6,0xCC,0xC6,0xCC,0x63,0xFE,0x63,0xC0,0x7D,
/* 3345 */ 
0x00,0x00,0x00,0x00,0xCC,0x7F,0x18,0x06,0x00,0x06,0x00,0x06,0x0E,0x06,0xF8,0xFF,
0x18,0x06,0x18,0x06,0x18,0x06,0x18,0x06,0x18,0x06,0xD8,0x07,0x3C,0x00,0xE6,0xFF,
/* 3346 */ 
0x00,0x00,0x00,0x00,0xCE,0x38,0xDC,0x38,0xF8,0x6F,0x70,0x6E,0x66,0xCC,0xEC,0x9F,
0x60,0x33,0x60,0x73,0x78,0x63,0x78,0x0F,0x6C,0x1B,0x3C,0x33,0x36,0x63,0xDE,0x61,
/* 3347 */ 
0x00,0x00,0x00,0x00,0xFC,0x7F,0x00,0x03,0x00,0x03,0x00,0x03,0x00,0x03,0x00,0x03,
0xFF,0xFF,0x00,0x03,0x00,0x03,0x00,0x03,0x00,0x03,0x00,0x03,0x80,0x01,0xF0,0x01,
/* 3348 */ 
0x00,0x00,0x00,0x00,0xFC,0x7F,0x00,0x03,0x00,0x03,0xFE,0xFF,0x00,0x03,0x00,0x03,
0x00,0x03,0xE0,0x01,0xFC,0x7F,0x66,0x66,0x66,0x66,0x66,0x66,0x66,0x66,0xFF,0xFF,
/* 3349 */ 
0x00,0x00,0x18,0x00,0x18,0x1E,0x18,0x33,0xFE,0x61,0x78,0xFF,0x1C,0x60,0xFC,0xC7,
0xFE,0xDE,0xDE,0xDF,0xDE,0xDE,0xD8,0xDE,0xD8,0xDF,0xD8,0xC6,0xD8,0xC6,0xD8,0xF7,
/* 3350 */ 
0x00,0x00,0x00,0x03,0x00,0x7F,0xF8,0x3F,0x0C,0xE3,0xFC,0x7F,0x0C,0x3F,0x0C,0x00,
0xFC,0x3F,0xEC,0x1F,0x0C,0x00,0xE6,0x3F,0xFE,0xFF,0x86,0x07,0xC6,0x1C,0x7B,0xF0,
/* 3351 */ 
0x00,0x00,0x00,0x00,0xFC,0x3F,0xFC,0x3F,0x8C,0x31,0xFC,0x3F,0x80,0x01,0xFC,0x7F,
0x86,0x6D,0x86,0x7F,0xFE,0x78,0xB6,0x79,0xBC,0x3D,0xBC,0x79,0x36,0x7B,0xF6,0xCF,
/* 3352 */ 
0x00,0x00,0x00,0x00,0xBC,0x79,0xE6,0x6F,0xC6,0x60,0xFC,0x79,0xE6,0x61,0xE6,0x67,
0xBC,0x79,0xF6,0x6F,0x86,0x61,0xFE,0xFF,0x00,0x00,0x60,0x0C,0x38,0x38,0x0C,0xE0,
/* 3353 */ 
0x00,0x00,0x00,0x00,0xC0,0x07,0x60,0x0C,0x30,0x18,0x1C,0x70,0xFE,0xFF,0x80,0x01,
0x80,0x01,0xFC,0x7F,0x80,0x01,0xB0,0x19,0x98,0x31,0x8C,0x61,0x86,0xC1,0xE0,0x01,
/* 3354 */ 
0x00,0x00,0x80,0x03,0xC0,0x06,0x70,0x1C,0x1C,0x70,0xF7,0xCF,0x00,0x60,0xFC,0x6C,
0x86,0x6D,0xFC,0x6D,0x86,0x6D,0x86,0x6D,0xFC,0x6D,0x86,0x61,0x86,0x61,0xE0,0x3D,
/* 3355 */ 
0x00,0x00,0x00,0x06,0x0C,0x0F,0x8C,0x19,0xF8,0x70,0xB0,0x1F,0xC0,0x63,0x7C,0x7E,
0xF8,0x7F,0x78,0x7E,0x78,0x7E,0xF8,0x7F,0x78,0x7E,0xF8,0x7F,0x3C,0x33,0xE6,0xFF,
/* 3356 */ 
0x00,0x00,0x60,0x00,0xF0,0x0F,0x30,0x0C,0x18,0x06,0x0C,0x03,0xFE,0x7F,0x8C,0x61,
0x8C,0x61,0xFC,0x7F,0x8C,0x61,0x8C,0x61,0xFC,0x7F,0x00,0x00,0x00,0x00,0xFE,0xFF,
/* 3357 */ 
0x00,0x00,0x00,0x00,0x0C,0x0F,0x8C,0x1B,0xCC,0x70,0xFF,0xDF,0x3F,0x00,0xFF,0x1F,
0x6F,0x7E,0xCF,0x7F,0x6C,0x7E,0x6C,0x7E,0xEC,0x7F,0x6C,0x7E,0x6C,0x66,0x8C,0x7F,
/* 3358 */ 
0x00,0x00,0x00,0x00,0x06,0x0F,0x8C,0x19,0xF8,0x70,0xF0,0xFF,0x00,0x00,0xE6,0x1B,
0x7C,0x7B,0xE0,0x7B,0x78,0x7B,0x6C,0x7B,0xEC,0x7B,0x6C,0x7B,0x66,0x63,0xE0,0x7B,
/* 3359 */ 
0x00,0x00,0x00,0x00,0x86,0x1F,0xCC,0x18,0xD8,0x18,0xE0,0x3F,0x70,0xE6,0x6E,0xC6,
0x78,0xC6,0xE0,0xFF,0x78,0xC6,0x78,0xC6,0xCC,0xFF,0x0C,0x00,0x06,0x00,0xF6,0xFF,
/* 3360 */ 
0x00,0x00,0x00,0x00,0xBE,0x7F,0xF6,0x6C,0xDE,0x6C,0xDE,0x7F,0xDE,0x6C,0x9E,0x7F,
0x36,0x0C,0xF6,0xFF,0x76,0xDC,0x7E,0xFC,0x66,0xFC,0xE6,0xF7,0x66,0xE0,0x06,0xF8,
/* 3361 */ 
0x00,0x00,0x00,0x00,0xFC,0x7F,0x00,0x30,0x70,0x18,0xC0,0x0E,0x80,0x03,0xFE,0xFF,
0x00,0xC3,0x00,0xC3,0x00,0x63,0x00,0x33,0x00,0x33,0x00,0x03,0x00,0x03,0xF0,0x03,
/* 3362 */ 
0x00,0x00,0x00,0x00,0x80,0x3F,0xCC,0x60,0xFF,0x60,0xFC,0x60,0xBC,0x7F,0x36,0x00,
0xF6,0x7F,0x36,0x06,0x36,0x06,0xFC,0xFF,0x38,0x0E,0x7C,0x1B,0xEC,0x31,0xE6,0xE0,
/* 3363 */ 
0x00,0x00,0x00,0x00,0xFE,0xFF,0x80,0x01,0x80,0x01,0xFC,0x7F,0x9E,0xC7,0xB6,0xCD,
0xE6,0xD9,0xC6,0xF1,0x9E,0xC7,0xB6,0xCD,0xF6,0xD9,0xE6,0xF1,0xC6,0xC1,0x86,0x7D,
/* 3364 */ 
0x00,0x00,0x00,0x00,0x18,0x00,0x18,0x00,0xF8,0x7F,0x18,0x00,0x18,0x00,0xF8,0x3F,
0x00,0x60,0x00,0x60,0x00,0x60,0xFC,0x6F,0x00,0x60,0x00,0x60,0x00,0x60,0x00,0x3F,
/* 3365 */ 
0x00,0x00,0x98,0x01,0x98,0x01,0xFE,0x01,0xFE,0xFF,0xFE,0x01,0xFE,0x01,0xFE,0xFF,
0x7E,0xC0,0x7E,0xC0,0x7E,0xC0,0xFE,0xFF,0x7E,0xC0,0x7E,0xC0,0x7E,0xC0,0x3C,0x7E,
/* 3366 */ 
0x00,0x00,0x00,0x00,0xFE,0x7F,0x80,0x01,0xFC,0x7F,0x8C,0x61,0x8C,0x61,0xFC,0x7F,
0x80,0x01,0xFE,0xFF,0x86,0xCD,0x86,0xD9,0x86,0xDF,0xFE,0xF0,0x06,0xC0,0x06,0xFC,
/* 3367 */ 
0x00,0x00,0x80,0x01,0x80,0x01,0xFE,0xFF,0x06,0xC0,0x06,0xC0,0xFE,0x3F,0x80,0x01,
0x80,0x01,0x80,0x01,0xFE,0xFF,0x80,0x01,0x80,0x01,0x80,0x01,0x80,0x01,0xF0,0x01,
/* 3368 */ 
0x00,0x00,0x00,0x00,0xCC,0xFF,0x18,0x06,0x00,0x03,0xC0,0x7F,0x0E,0x63,0x0C,0x63,
0x0C,0x63,0xEC,0xFF,0x0C,0x00,0xCC,0x7F,0xEC,0x60,0xFC,0x60,0xF8,0x60,0x80,0x7F,
/* 3369 */ 
0x00,0x00,0x00,0x00,0xFE,0x7F,0xC0,0xC0,0xCE,0xC6,0xD8,0xCC,0xF0,0xD8,0xC0,0xC0,
0xE0,0xC0,0xE0,0xF0,0xF8,0xD8,0xCC,0xCE,0xC6,0xC3,0xC0,0xC0,0xC0,0xC0,0xF8,0x7C,
/* 3370 */ 
0x00,0x00,0x00,0x00,0xFC,0x7F,0x80,0x01,0x80,0x01,0x80,0x01,0x80,0x01,0x80,0x01,
0xFC,0x7F,0x80,0x01,0x80,0x0D,0x80,0x19,0x80,0x31,0x80,0x61,0x80,0x01,0xFE,0xFF,
/* 3371 */ 
0x00,0x00,0x00,0x00,0x0C,0x6C,0xEC,0xFF,0x0C,0xCC,0x3E,0x6C,0xEC,0x7F,0x6C,0x7E,
0x6C,0x7E,0x6C,0x3E,0xCC,0x3B,0x3C,0x18,0x1C,0xFF,0xE6,0xFD,0x00,0xF6,0x00,0xE3,
/* 3372 */ 
0x00,0x00,0x00,0x0C,0x30,0x0C,0xFE,0xFF,0x30,0x0C,0x00,0x0C,0x00,0x00,0xF8,0x3F,
0x00,0x03,0x00,0x03,0xFE,0xFF,0x00,0x03,0x00,0x03,0x00,0x03,0x18,0x03,0xF0,0x01,
/* 3373 */ 
0x00,0x00,0x00,0x00,0x30,0x78,0x30,0x6C,0xFC,0x6D,0x18,0x6C,0xF8,0x3D,0x1C,0x3F,
0x1E,0x3F,0xF8,0x6F,0x18,0xCF,0xF8,0xCF,0x18,0xCF,0x18,0xCF,0x18,0x7F,0xD8,0x0D,
/* 3374 */ 
0x00,0x00,0x00,0x00,0x80,0x7F,0x3E,0x0C,0x36,0x0C,0x36,0x0C,0x36,0x0C,0x36,0x0C,
0xF6,0xFF,0x36,0x0C,0x36,0x0C,0x36,0x0C,0x36,0x0C,0x3E,0x0C,0x8C,0x0D,0x00,0x0F,
/* 3375 */ 
0x00,0x00,0x00,0x00,0xCC,0x7F,0x6C,0x66,0xF8,0x7F,0x60,0x66,0xE0,0x7F,0x0E,0x06,
0xF8,0x7F,0x78,0x66,0x78,0x7E,0x78,0x7E,0xF8,0x73,0x78,0x78,0x3C,0x30,0xE6,0xFF,
/* 3376 */ 
0x00,0x00,0x00,0x06,0x00,0x1F,0xDE,0x31,0x7E,0xE0,0xDE,0x3F,0x1E,0x00,0xFE,0x7F,
0x7E,0x7E,0xFE,0x7F,0x7E,0x7E,0xFE,0x7F,0x7E,0x7E,0x7E,0x7E,0x7E,0x66,0xE0,0x7F,
/* 3377 */ 
0x00,0x00,0x00,0x00,0x18,0x36,0x7E,0x33,0xFE,0x61,0xFE,0xDC,0x7E,0x1E,0x7E,0x33,
0xFE,0xE1,0xFE,0xFF,0xFE,0x61,0xFE,0x61,0xFE,0x61,0xFE,0x61,0xFE,0x61,0x00,0x7F,
/* 3378 */ 
0x00,0x00,0xD8,0x00,0x78,0x70,0xEC,0xDF,0xEC,0xD9,0x86,0xD9,0x98,0xD9,0xF8,0xDF,
0x8C,0xD9,0x8E,0xD9,0xEF,0xDF,0xEC,0xD9,0xEC,0xF9,0xEC,0x7F,0xFC,0x19,0x0C,0x18,
/* 3379 */ 
0x00,0x00,0x00,0x00,0xC0,0x07,0x70,0x1C,0xFC,0x7F,0x00,0x00,0xFC,0x6D,0xFC,0x6F,
0x0C,0x6F,0xFC,0x6F,0x0C,0x63,0xCC,0x3D,0xB0,0x01,0xBC,0x79,0x3C,0x6F,0xE6,0xCF,
/* 3380 */ 
0x00,0x00,0x00,0x06,0x78,0x06,0xCC,0xFE,0x86,0xDB,0x30,0xDB,0x78,0xD8,0xCC,0x18,
0x86,0x19,0xFC,0x18,0xC6,0x3C,0xC6,0x3C,0xC6,0x6C,0xC6,0x66,0xC6,0xC3,0xFC,0xC3,
/* 3381 */ 
0x00,0x00,0x00,0x18,0xF6,0x38,0x9C,0x79,0x18,0x78,0xFC,0xFF,0xDE,0x18,0xF0,0x18,
0xF8,0x18,0xFC,0x38,0xFC,0x3C,0xF6,0x3E,0xF0,0x6F,0xB0,0x67,0x18,0xC6,0x1E,0xC3,
/* 3382 */ 
0x00,0x00,0x00,0x00,0x80,0x01,0xFE,0xFF,0x30,0x1C,0x18,0x30,0xFC,0x7F,0xF8,0x1F,
0x0C,0x30,0x0C,0x30,0xFC,0x3F,0x0C,0x30,0xFC,0x3F,0x0C,0x30,0x0C,0x30,0x0C,0x3E,
/* 3383 */ 
0x00,0x00,0xC0,0x00,0x98,0x19,0xB0,0x19,0xFE,0xFF,0x60,0x0C,0xF0,0x19,0x1C,0x33,
0xFE,0xFF,0xFC,0x7F,0x00,0x00,0xFC,0x7F,0x00,0x00,0xFC,0x3F,0x0C,0x60,0xFC,0x3F,
/* 3384 */ 
0x00,0x00,0x00,0x00,0x86,0x19,0xCC,0x30,0x78,0xE0,0x00,0x07,0x86,0x1F,0xCC,0x39,
0x78,0x60,0x30,0xC0,0xD8,0x7F,0x78,0x60,0x6C,0x60,0x6C,0x60,0x66,0x60,0xC6,0x7F,
/* 3385 */ 
0x00,0x00,0x80,0x01,0x80,0x01,0xFE,0xFF,0xF6,0xDF,0x9E,0xF1,0x8C,0xF1,0xFC,0x3F,
0x8C,0x31,0xF8,0x1F,0xF8,0x3F,0x8C,0x61,0x86,0x6D,0x86,0x7F,0xF6,0x70,0x00,0x7C,
/* 3386 */ 
0x00,0x00,0x0C,0x00,0x0C,0x1B,0x98,0x71,0xC0,0xE0,0x3C,0x0E,0x30,0x1F,0x78,0x73,
0xFC,0xC1,0x7E,0x00,0xEF,0x7F,0x8C,0x61,0x8C,0x61,0x8C,0x61,0x8C,0x61,0x8C,0x7F,
/* 3387 */ 
0x00,0x00,0x00,0x00,0xFE,0xFF,0xC0,0x0C,0x60,0x0C,0x3C,0xFF,0x98,0xC1,0x98,0xCD,
0xFE,0xCD,0xD8,0xCD,0xD8,0xCD,0xF8,0xCD,0x18,0x0C,0x18,0x3E,0x18,0x63,0xDE,0xC1,
/* 3388 */ 
0x00,0x00,0x00,0x06,0x7E,0x3F,0xE0,0x31,0xFC,0xFF,0xD8,0xCC,0xFF,0xCC,0xF8,0xFF,
0x78,0xC6,0xB8,0x6F,0xD8,0x3E,0x98,0x1B,0xF8,0x3C,0x18,0x7F,0xD8,0xD9,0x6E,0x1F,
/* 3389 */ 
0x00,0x00,0x00,0x00,0xFE,0x7F,0x60,0xC3,0x66,0xC3,0x66,0x66,0x66,0x66,0x66,0x66,
0xFC,0x3C,0xC0,0x3C,0xC0,0x18,0xFC,0x18,0xC6,0x3C,0xC0,0x66,0xC0,0x63,0xF8,0xC1,
/* 3390 */ 
0x00,0x00,0x00,0x00,0xF8,0x7F,0xCC,0x63,0xFE,0xFB,0xF0,0xC3,0x7E,0x7E,0xF8,0x1F,
0x6C,0x18,0xCC,0x18,0x8C,0x1F,0xF8,0x7F,0x00,0x60,0xFE,0x6F,0x00,0x60,0x00,0x7C,
/* 3391 */ 
0x00,0x00,0x00,0x00,0x6E,0xC6,0xF8,0xF6,0xF8,0xDF,0xE0,0xDF,0xE6,0xDF,0xEC,0xFF,
0x78,0xC6,0x78,0xCF,0x78,0xCF,0xB8,0xDF,0xBC,0xF7,0xFC,0xC6,0x7E,0xC6,0x1E,0xC6,
/* 3392 */ 
0x00,0x00,0x00,0x00,0xFE,0xFF,0x36,0xC0,0xF6,0xDF,0x18,0x18,0x0C,0x0C,0xFC,0x7F,
0x8C,0x61,0x8C,0x61,0x8C,0x61,0xF8,0x3F,0xC0,0x06,0xC0,0xDE,0x70,0xF6,0x1C,0xFE,
/* 3393 */ 
0x00,0x00,0x00,0x00,0xFC,0x7F,0x00,0x00,0x00,0x00,0x00,0x00,0xFE,0xFF,0x60,0x06,
0x60,0x06,0x60,0x06,0x60,0x06,0x60,0x06,0x30,0xC6,0x18,0xC6,0x0C,0xC6,0x06,0xFC,
/* 3394 */ 
0x00,0x00,0x00,0x00,0xEC,0xFF,0x0C,0x00,0x0C,0x3F,0xFE,0x61,0xCC,0x60,0xCC,0x60,
0xCC,0x60,0xCC,0x7F,0xCC,0x60,0xCC,0x60,0xFC,0x60,0x9C,0x7F,0x06,0x00,0xE0,0xFF,
/* 3395 */ 
0x00,0x00,0x80,0x01,0x80,0x01,0xFC,0x7F,0x80,0x01,0xFE,0xFF,0x00,0x00,0xF8,0x3F,
0x0C,0x30,0x18,0x30,0xF0,0x7F,0x60,0x33,0x38,0x1E,0x3E,0x0C,0x30,0x3B,0xF0,0xE1,
/* 3396 */ 
0x00,0x00,0x00,0x00,0xFE,0xFF,0x06,0x03,0xF6,0x7F,0x36,0x60,0x36,0x60,0xF6,0x7F,
0x36,0x60,0x36,0x60,0xE6,0x3F,0x66,0x1E,0x66,0x36,0x36,0x66,0x1E,0x66,0xC0,0xC3,
/* 3397 */ 
0x00,0x00,0x00,0x00,0xCC,0x7F,0x0C,0x63,0xCC,0x36,0xBE,0x37,0xEC,0x7F,0x8C,0x01,
0xFC,0xFF,0x9C,0x01,0x8E,0x7F,0x8C,0x31,0xCC,0x33,0x6C,0x1E,0x3C,0x1E,0xEE,0xF3,
/* 3398 */ 
0x00,0x00,0x00,0x0C,0x0C,0x0C,0xCC,0xFF,0x7E,0x0C,0xDC,0xFF,0x1E,0x00,0x9E,0xFF,
0xDB,0xC0,0xFE,0xC0,0x98,0x7F,0x78,0xDB,0xBE,0x7B,0xD8,0x33,0x18,0x63,0x18,0xCF,
/* 3399 */ 
0x00,0x00,0x00,0x00,0xFE,0xFF,0x06,0xC0,0x06,0xC0,0xF6,0xCF,0x06,0xC0,0xFE,0xFF,
0xC6,0xC3,0xC6,0xC3,0x66,0xC3,0x66,0xF3,0x36,0xF3,0x1E,0xFE,0x06,0xC0,0xFC,0xFF,
/* 3400 */ 
0x00,0x00,0x00,0x00,0xF8,0x3F,0x0C,0x30,0x0C,0x30,0xF8,0x3F,0x00,0x00,0xFC,0x7F,
0x0C,0x60,0x8C,0x61,0x8C,0x61,0x8C,0x61,0xCC,0x60,0xC0,0x06,0x70,0x3C,0x1E,0xE0,
/* 3401 */ 
0x00,0x00,0x00,0x00,0xFE,0xFF,0xE6,0xCF,0x36,0xD8,0x36,0xD8,0xE6,0xCF,0xF6,0xDF,
0x1E,0xD8,0x1E,0xD8,0x9E,0xD9,0x9E,0xD9,0xC6,0xDB,0x66,0xDE,0x3E,0xF0,0xFC,0x7F,
/* 3402 */ 
0x00,0x00,0x00,0x00,0x36,0x06,0xDC,0x7F,0x18,0x06,0xFC,0xFF,0x1E,0x00,0xF0,0x7F,
0xF8,0x60,0xFC,0x7F,0x3C,0x0F,0x37,0xEF,0xF0,0x39,0xF0,0x31,0x98,0x6D,0x9E,0xC7,
/* 3403 */ 
0x00,0x00,0x00,0x00,0xE6,0xFF,0x7C,0x0C,0xE0,0x7F,0xE0,0xC1,0xE6,0xC1,0xEC,0xFF,
0xF8,0xC1,0xF8,0xC1,0xF8,0x7F,0x78,0x0C,0x6C,0x3F,0xBC,0x6D,0xF6,0xCC,0x1E,0x0F,
/* 3404 */ 
0x00,0x00,0x00,0x03,0x18,0x3F,0x98,0x31,0x8C,0x3F,0x6C,0x30,0xF6,0xFF,0x1E,0x06,
0x18,0xEF,0xCC,0x3D,0x7E,0x3E,0xCC,0x3F,0x00,0x7E,0x70,0x7B,0xDE,0xD9,0x00,0x1F,
/* 3405 */ 
0x00,0x00,0x00,0x00,0xCC,0x3F,0x0C,0x00,0x18,0x00,0x00,0x00,0xE0,0xFF,0x9F,0x19,
0x98,0x19,0x98,0x19,0x98,0x19,0x98,0xD9,0xD8,0x78,0xD8,0x78,0x7C,0x00,0xE6,0xFF,
/* 3406 */ 
0x00,0x00,0x00,0x0C,0x30,0x0C,0xFE,0xFF,0x00,0x0C,0x18,0x00,0xF8,0x7F,0x8C,0x63,
0x8C,0x63,0xCC,0x63,0xDE,0x63,0xF0,0x7B,0x60,0xF3,0x30,0xC3,0x18,0xC3,0x0E,0x7E,
/* 3407 */ 
0x00,0x00,0x00,0x00,0xFC,0x7F,0xF6,0x7F,0x36,0x60,0xF6,0x7F,0x36,0x60,0xF6,0x7F,
0x06,0x06,0x66,0x36,0xF6,0x66,0x9E,0xC3,0xF6,0x63,0xF6,0xC6,0xDB,0xDE,0xD8,0x9F,
/* 3408 */ 
0x00,0x00,0x18,0x00,0x18,0x7E,0xFC,0x63,0xCC,0x63,0xCC,0x63,0xDE,0x63,0x70,0x7F,
0x60,0xC3,0x30,0xC3,0xBC,0x7F,0xFE,0x61,0x78,0x7B,0x6C,0xDE,0x6C,0xD8,0xE6,0x0F,
/* 3409 */ 
0x00,0x00,0x00,0x06,0x3E,0x06,0xF6,0xFF,0x7E,0xC0,0x7E,0xC0,0xFE,0xFF,0x1E,0x00,
0x36,0x00,0xF6,0xFF,0xB6,0x19,0xB6,0x19,0x9E,0xD9,0x86,0xD9,0xC6,0xD8,0x76,0x78,
/* 3410 */ 
0x00,0x00,0x00,0x00,0x00,0x00,0xFC,0x7F,0x0C,0x60,0x0C,0x60,0x0C,0x60,0x0C,0x60,
0xFC,0x7F,0x0C,0x60,0x0C,0x60,0x0C,0x60,0x0C,0x60,0x0C,0x60,0xFC,0x7F,0x00,0x00,
/* 3411 */ 
0x00,0x00,0x00,0x03,0x18,0x03,0x98,0xFF,0x8C,0xC1,0xFC,0xC0,0xF6,0xC0,0x3E,0xC3,
0x18,0xC6,0x0C,0xC6,0x6C,0xC6,0x3E,0xCC,0x00,0xC0,0x00,0xC0,0x7C,0xC0,0x06,0x7E,
/* 3412 */ 
0x00,0x00,0x30,0x00,0x30,0x6C,0xFE,0x7F,0xB0,0xCD,0xB0,0xCD,0xFE,0x79,0xB0,0x79,
0xBC,0x39,0xBC,0x39,0xFC,0xF1,0xBC,0xFF,0xBC,0xFF,0x3E,0xEE,0x36,0x03,0xE3,0xFF,
/* 3413 */ 
0x00,0x00,0x00,0x00,0x3C,0x7C,0xE6,0x0F,0x66,0x0C,0x66,0x0C,0x3E,0x0C,0xD8,0xFF,
0x18,0x0C,0x1E,0x0E,0x3E,0x0E,0x1E,0x1B,0x1E,0x1B,0xFE,0x31,0xFE,0x60,0x6E,0xC0,
/* 3414 */ 
0x00,0x00,0x00,0x00,0x0C,0xFF,0xFC,0xC1,0x86,0xC1,0x86,0xC1,0xFE,0xFF,0x98,0xC1,
0x98,0xC1,0x98,0xC1,0xFE,0xFF,0x98,0xC1,0x98,0xC1,0xF8,0xC1,0xF8,0xC0,0xC0,0xF8,
/* 3415 */ 
0x00,0x00,0x00,0x00,0xF8,0x1F,0x18,0x00,0x18,0x00,0xF8,0xFF,0x18,0x0C,0x18,0x0C,
0x18,0x0C,0xFF,0xFF,0x00,0x00,0x80,0x61,0x8C,0x61,0x8C,0x61,0x8C,0x61,0xFC,0x7F,
/* 3416 */ 
0x00,0x00,0x80,0x01,0xFC,0x3F,0xBC,0x79,0xEC,0x6D,0xFC,0x7F,0xCC,0x67,0xFC,0x7D,
0xFC,0x7F,0x00,0x30,0xFE,0xFF,0x30,0x00,0xF8,0x3F,0x00,0x60,0x00,0x30,0xE0,0x3F,
/* 3417 */ 
0x00,0x00,0x00,0x00,0xF8,0x3F,0x18,0x30,0x18,0x30,0x18,0x30,0xF8,0x3F,0x18,0x30,
0x18,0x30,0x18,0x30,0xF8,0x3F,0x18,0x30,0x0C,0x30,0x0C,0x30,0x0C,0x30,0x06,0x3E,
/* 3418 */ 
0x00,0x00,0x18,0x00,0x98,0x31,0x18,0x33,0x3E,0x1B,0xFE,0x7F,0xFE,0x60,0xFE,0x60,
0xFE,0x60,0xFE,0x7F,0x1E,0x1B,0x18,0x1B,0x18,0x1B,0x18,0xDB,0x98,0xD9,0xF8,0xF8,
/* 3419 */ 
0x00,0x00,0x0C,0x00,0xCC,0xFF,0x78,0xCC,0x66,0xCC,0xC6,0xC6,0xE6,0xCF,0x36,0xCC,
0x36,0xCC,0x36,0xCC,0xE6,0xCF,0xC6,0xC3,0xC6,0xF3,0x66,0xF3,0x3E,0xDE,0x06,0xF8,
/* 3420 */ 
0x00,0x00,0x00,0x00,0x30,0x7F,0xFE,0x01,0x30,0x00,0x30,0x00,0xFC,0x00,0xB0,0xFF,
0xFE,0x06,0x30,0x36,0x78,0x36,0x7C,0x33,0xFC,0x63,0x36,0x63,0xB0,0xFF,0x30,0xC0,
/* 3421 */ 
0x00,0x00,0x00,0x00,0xFC,0x7F,0x00,0x00,0x00,0x00,0x00,0x00,0x00,0x00,0xFE,0xFF,
0xC0,0x00,0xC0,0x00,0x60,0x18,0x60,0x30,0x30,0x30,0x18,0x60,0xFC,0x7F,0x00,0xC0,
/* 3422 */ 
0x00,0x00,0x00,0x78,0xFC,0xCD,0x8C,0xCD,0x8C,0xCD,0xFC,0x6D,0x00,0x6C,0xFC,0x3F,
0x06,0x6F,0x66,0x6F,0x66,0xCF,0x66,0xCF,0x30,0xCF,0xF0,0xCC,0x98,0xFD,0x0E,0x0F,
/* 3423 */ 
0x00,0x00,0x30,0x00,0x30,0x00,0xF8,0xFF,0x18,0xC0,0x0C,0xC0,0x66,0xC0,0xC6,0xC1,
0x00,0xC3,0x00,0xF0,0x00,0x7C,0x00,0x67,0xE0,0x61,0x3C,0x60,0x00,0x60,0x80,0x3F,
/* 3424 */ 
0x00,0x00,0x00,0x00,0xFE,0x7F,0xF6,0x60,0xF6,0x60,0x9E,0x7F,0x9E,0x3F,0xDE,0xE0,
0xF6,0xC0,0xF6,0xCC,0xF6,0xCC,0xF6,0xC6,0xFE,0xC6,0x06,0x1E,0x86,0x73,0xE6,0xC0,
/* 3425 */ 
0x00,0x00,0xC0,0x00,0x60,0x00,0x60,0x0C,0x30,0x18,0x18,0x30,0x0C,0x7E,0xFC,0x67,
0x60,0xC6,0x60,0x06,0x60,0x06,0x30,0xC6,0x30,0xC6,0x30,0xC6,0x18,0xC6,0x0E,0x7E,
/* 3426 */ 
0x00,0x00,0x00,0x00,0xEE,0x7F,0x18,0x00,0x00,0x00,0x00,0x00,0xE0,0xFF,0x0E,0x03,
0x18,0x03,0x98,0x31,0x98,0x31,0xD8,0x60,0xD8,0x7E,0xF8,0xC3,0x7C,0xC0,0xC6,0xFF,
/* 3427 */ 
0x00,0x00,0x30,0x00,0x30,0x0C,0xFE,0x7F,0x30,0x0C,0x98,0x7F,0xCC,0x60,0xFC,0x7F,
0xFE,0x60,0x98,0x7F,0x18,0x00,0xFC,0xFF,0xDE,0xDB,0xC0,0xDB,0xFC,0xDB,0xE0,0xFF,
/* 3428 */ 
0x00,0x00,0x00,0x00,0xFE,0x7F,0xBC,0x01,0x3C,0x00,0x7E,0x00,0x7E,0x00,0xFE,0xFF,
0x7E,0x06,0x7E,0x36,0x76,0x36,0x66,0x63,0x66,0x63,0xFE,0x61,0xE6,0xFF,0x7E,0xC3,
/* 3429 */ 
0x00,0x00,0x00,0x00,0xFC,0x7F,0xFC,0x7F,0x0C,0x60,0xFC,0x7F,0x00,0x00,0xFE,0xFF,
0xC6,0xC0,0xFE,0xFF,0x30,0x03,0xF0,0x3F,0x00,0x03,0xFC,0xFF,0x00,0x03,0x00,0x03,
/* 3430 */ 
0x00,0x00,0x00,0x06,0x30,0x06,0xFE,0x07,0xCC,0xFE,0xCC,0xC3,0xF8,0xC1,0xFE,0xCF,
0x00,0xCC,0xFC,0xD8,0xC6,0xC0,0xC6,0xF0,0xFC,0xDE,0xC6,0xC3,0xC6,0xC0,0xFC,0x7C,
/* 3431 */ 
0x00,0x00,0x00,0x00,0xF8,0x1F,0x60,0x0C,0x30,0x0C,0x30,0xF8,0xF8,0xCF,0x0C,0xCE,
0xC6,0x6F,0xC0,0x39,0x00,0x07,0xFE,0xFF,0x00,0x0C,0x00,0x0C,0x18,0x06,0xF0,0x03,
/* 3432 */ 
0x00,0x00,0x00,0x00,0xFE,0xFF,0x06,0x03,0x06,0x03,0xF6,0x7F,0x36,0x63,0x36,0x63,
0x36,0x63,0x36,0x63,0x36,0x63,0x36,0x63,0x36,0x63,0x36,0x7F,0x06,0x03,0xFE,0xFF,
/* 3433 */ 
0x00,0x00,0x00,0x00,0xFE,0xFF,0xCC,0x18,0xCC,0x18,0xCC,0xFF,0xFC,0xDB,0xFC,0xDB,
0xFE,0xDB,0xFE,0xDB,0xFF,0xDB,0xFC,0xDB,0xFC,0xFB,0xFC,0x78,0xFC,0x18,0x98,0xFF,
/* 3434 */ 
0x00,0x00,0xC0,0x00,0xC0,0x00,0xFC,0x0F,0xC0,0x0C,0x60,0x0C,0x70,0xCC,0x18,0x6C,
0x8E,0x39,0xFE,0xFF,0x80,0x01,0x80,0x0D,0xB0,0x19,0x98,0x31,0x8C,0x61,0xF6,0xC1,
/* 3435 */ 
0x00,0x00,0x60,0x0C,0x60,0x0C,0xFC,0x3F,0x60,0x6C,0x60,0x6C,0xFE,0xFF,0x60,0x0C,
0x60,0x78,0xFC,0x7B,0xF0,0x38,0xF8,0xF9,0x7C,0xFB,0x6E,0xFC,0x60,0xF6,0x60,0xE3,
/* 3436 */ 
0x00,0x00,0x00,0x00,0x60,0x0C,0xFE,0x3F,0x60,0x6C,0x60,0x0C,0x60,0x0C,0xFE,0xFF,
0x00,0x6C,0xFC,0x6D,0x8C,0x39,0x8C,0x39,0x8C,0xD9,0x8C,0xFD,0xFC,0xF7,0x00,0xE3,
/* 3437 */ 
0x00,0x00,0x80,0x01,0x80,0x01,0xFE,0xFF,0x86,0xC1,0x86,0xC1,0xB6,0x31,0xB0,0x31,
0x98,0x19,0x98,0x19,0x98,0x0F,0xC0,0x06,0x60,0x0E,0x70,0x1C,0x38,0x30,0x0E,0xE0,
/* 3438 */ 
0x00,0x00,0x80,0x01,0x80,0x01,0xFE,0xFF,0x86,0xC1,0x86,0xC1,0xF8,0x3F,0x30,0x0C,
0x60,0x0C,0xFE,0xFF,0x00,0x03,0x00,0x03,0xFC,0x7F,0x00,0x03,0x00,0x03,0x00,0x03,
/* 3439 */ 
0x00,0x00,0x60,0x00,0x60,0x3C,0xF8,0xEF,0x60,0x0C,0xFE,0xFF,0x30,0x78,0xFE,0x7F,
0x78,0x78,0xD8,0x78,0xFC,0x3B,0xC0,0xF0,0xC0,0xFE,0xFC,0xFB,0xC0,0xEC,0xC0,0xC6,
/* 3440 */ 
0x00,0x00,0x00,0x00,0xFE,0xFF,0x80,0x01,0xF8,0x3F,0x8C,0x61,0x8C,0x61,0x8C,0x61,
0xFC,0x7F,0x8C,0x61,0x8C,0x61,0xFF,0xFF,0x0C,0x60,0x0C,0x60,0x0C,0x60,0x0C,0x7C,
/* 3441 */ 
0x00,0x00,0x00,0x00,0xC0,0x00,0xFE,0xFF,0x60,0x00,0x60,0x06,0x30,0x06,0x30,0x06,
0x18,0x06,0xFE,0x7F,0x1B,0x06,0x18,0x06,0x18,0x06,0x18,0x06,0x18,0x06,0xF8,0xFF,
/* 3442 */ 
0x00,0x00,0x00,0x0C,0x00,0x0C,0xBC,0x7F,0xF6,0xC0,0xF6,0xC0,0xF6,0xC0,0xF6,0xFF,
0xF6,0xC0,0xF6,0xC0,0xF6,0xC0,0xF6,0xFF,0xF6,0xC0,0xF6,0xC0,0xFE,0xC0,0x80,0xFF,
/* 3443 */ 
0x00,0x00,0x80,0x31,0xD8,0x3D,0xF8,0x7F,0x98,0x31,0xFC,0xFF,0xD8,0xFF,0xD8,0xFF,
0x18,0x00,0xF8,0x7F,0xDE,0x6C,0xD8,0x6C,0xD8,0x66,0xD8,0x66,0x18,0x3B,0xEE,0xE1,
/* 3444 */ 
0x00,0x00,0x00,0x00,0x18,0x7E,0xFE,0x07,0x3C,0x06,0xFC,0xFE,0x30,0x36,0xF0,0x33,
0x7E,0x33,0x30,0x33,0xF0,0x1F,0x1C,0x70,0x0C,0x60,0xFC,0x7F,0x0C,0x60,0xFC,0x7F,
/* 3445 */ 
0x00,0x00,0x00,0x00,0x38,0x1E,0xFC,0x7F,0xB6,0x19,0xFC,0x7F,0xF8,0xDF,0xEC,0xF7,
0xFE,0x3F,0x0C,0x60,0x0C,0x63,0x0C,0x63,0x8C,0x61,0x80,0x67,0xE0,0x3C,0x3E,0xE0,
/* 3446 */ 
0x00,0x00,0x00,0x0C,0x7E,0x18,0xE6,0xFF,0xFE,0x19,0xFE,0x19,0xFE,0x19,0xFE,0x7F,
0xFE,0x19,0xFE,0x19,0xEE,0x19,0x8C,0x19,0xFC,0x18,0xFC,0x18,0xE6,0xFF,0x66,0x00,
/* 3447 */ 
0x00,0x00,0x00,0x0C,0x3E,0x0C,0xB6,0xFF,0xF6,0x0C,0xF6,0x0C,0xFE,0x0C,0xF6,0x0C,
0xF6,0x3E,0xF6,0x0C,0xFE,0x0C,0xF6,0x0C,0xF6,0x0C,0xF6,0x0C,0xF6,0x0C,0xFF,0xFF,
/* 3448 */ 
0x00,0x00,0x00,0x00,0xFE,0xFF,0x30,0x0C,0x30,0x0C,0xFE,0xFF,0xF0,0x66,0x98,0x3F,
0x9E,0xCF,0xF0,0xC6,0x38,0x7E,0x6F,0x0C,0xFE,0xFF,0x60,0x0C,0x30,0x0C,0x1C,0x0C,
/* 3449 */ 
0x00,0x00,0x00,0x1B,0x0C,0x1B,0xEC,0x7F,0xD8,0x7F,0x60,0xDB,0xE0,0xFF,0x6E,0xDB,
0xF8,0x7F,0xD8,0x3F,0x78,0x60,0xF8,0x7F,0x78,0x60,0xF8,0x7F,0x3C,0x00,0xE6,0xFF,
/* 3450 */ 
0x00,0x00,0x00,0x00,0x18,0x1E,0xFE,0xFF,0x3E,0x1E,0xFE,0xFF,0xF8,0xDE,0xD8,0xFF,
0xFF,0xDE,0x9C,0x7F,0x3C,0x00,0xBE,0x7F,0xFE,0x61,0x9B,0x7F,0x98,0x61,0x98,0x7F,
/* 3451 */ 
0x00,0x00,0xC0,0x00,0xCC,0x06,0xCC,0x36,0xD8,0x36,0xD8,0x1E,0xFE,0xFF,0x60,0x0C,
0xCC,0x66,0xFC,0x7F,0x1C,0x63,0x0C,0x63,0xFC,0x7F,0x0C,0x63,0x0C,0x63,0xFC,0x7F,
/* 3452 */ 
0x00,0x00,0x00,0x0C,0xFE,0xFF,0x00,0x0C,0x00,0x00,0xEC,0x7F,0x78,0x60,0xC7,0x3F,
0xFC,0x7F,0x30,0xCF,0xF8,0xFF,0x18,0x06,0xFC,0xFF,0x0C,0x0F,0xE6,0x3F,0x3E,0xE6,
/* 3453 */ 
0x00,0x00,0x80,0x01,0x80,0x01,0xFE,0xFF,0x80,0x01,0xFC,0x7F,0x8C,0x61,0xCC,0x63,
0xEC,0x3F,0xB8,0x19,0x8E,0xF1,0xE0,0x03,0x00,0x0E,0x00,0x00,0xF0,0x01,0x00,0x1F,
/* 3454 */ 
0x00,0x00,0x00,0x00,0xFC,0x7F,0x0C,0x60,0x0C,0x60,0xFC,0x7F,0x0C,0x60,0x0C,0x60,
0xFC,0x7F,0x80,0x01,0x80,0x01,0xFE,0xFF,0x80,0x01,0x80,0x01,0x80,0x01,0x80,0x01,
/* 3455 */ 
0x00,0x00,0x00,0x00,0xCC,0x7F,0xD8,0x60,0xF0,0x3F,0x00,0x00,0xE6,0x7F,0x7C,0xCF,
0x78,0xCF,0xC0,0x7F,0xF8,0xFF,0x38,0x0E,0x0C,0x1F,0xCC,0x37,0x76,0xE6,0x06,0x06,
/* 3456 */ 
0x00,0x00,0x00,0x00,0xFC,0x7F,0xD8,0x31,0x70,0x1B,0xC0,0x0C,0x80,0x07,0xF0,0x1F,
0x9E,0xF1,0xF8,0x7F,0x8C,0x61,0x8C,0x61,0xF8,0x7F,0x80,0x61,0x80,0x7D,0xFE,0xC7,
/* 3457 */ 
0x00,0x00,0x00,0x00,0xBE,0x7F,0xB6,0x61,0xB6,0x7F,0x36,0x00,0xF6,0xFF,0xDC,0xDE,
0xDE,0xDE,0xDE,0x7F,0x7E,0x0C,0xDE,0x7F,0x1E,0x1E,0x7E,0x3F,0xFE,0x6D,0x67,0xCC,
/* 3458 */ 
0x00,0x00,0x00,0x00,0xDE,0x7F,0xDE,0x60,0xDE,0x60,0x9E,0x3F,0xFE,0xFB,0x7E,0xCF,
0x7E,0xCF,0xFE,0xFF,0x1E,0x06,0xFE,0xFF,0x1E,0x0F,0x9E,0x3F,0xFE,0xE6,0x30,0x06,
/* 3459 */ 
0x00,0x00,0x00,0x00,0xCC,0x06,0xCC,0x7F,0x78,0x06,0x30,0x06,0x30,0x06,0xFE,0xFF,
0x18,0x00,0xD8,0x7F,0xD8,0x60,0xD8,0x60,0xD8,0x60,0xD8,0x7F,0x7C,0x00,0xC6,0xFF,
/* 3460 */ 
0x00,0x00,0x80,0x01,0xC0,0x00,0xFC,0x7F,0x0C,0x60,0x0C,0x60,0xFC,0x7F,0x0C,0x60,
0x0C,0x30,0xF8,0x1F,0xC0,0x00,0xC0,0xFF,0xFF,0x00,0xC0,0xC0,0xC0,0xC0,0xC0,0x7F,
/* 3461 */ 
0x00,0x00,0x18,0x0C,0x18,0x0C,0x7E,0x0C,0x7E,0x0C,0x3E,0x0C,0xBE,0xFF,0x1E,0x0C,
0x1E,0x0C,0x18,0x0C,0x18,0x0C,0x38,0x0C,0x3C,0x0C,0x3C,0x0C,0x66,0x0C,0xC6,0xFF,
/* 3462 */ 
0x00,0x00,0x00,0x00,0xD8,0x7F,0xFE,0x60,0xFE,0x7F,0xBE,0x01,0xDE,0x7B,0x7E,0xCF,
0x7E,0xCF,0xD8,0x7B,0x18,0x06,0xF8,0xFF,0x3C,0x1F,0xEC,0x37,0xC6,0x66,0x63,0xC0,
/* 3463 */ 
0x00,0x00,0x80,0x01,0xFC,0x7F,0x80,0x01,0xFC,0x7F,0x80,0x01,0xFE,0xFF,0x00,0x00,
0xFC,0x3F,0x8C,0x31,0x8C,0x31,0x8C,0x31,0x8C,0x31,0xC0,0x30,0x60,0x1E,0x3E,0xF0,
/* 3464 */ 
0x00,0x00,0x00,0x00,0xF8,0x7F,0xD8,0x60,0x98,0x31,0x3E,0x1B,0x18,0x0E,0x18,0x1F,
0xF8,0xF7,0x1C,0x0C,0xDF,0x7F,0x18,0x0C,0x18,0x0C,0xF8,0xFF,0x18,0x0C,0x0F,0x0C,
/* 3465 */ 
0x00,0x00,0x00,0x00,0xFC,0xC1,0x06,0xC3,0x06,0xCF,0x06,0xCF,0x66,0xCF,0x66,0xCF,
0x66,0xCF,0x66,0xCF,0x36,0xCF,0x36,0xCF,0xF0,0xC0,0xD8,0xC1,0x8C,0xC3,0x06,0x7B,
/* 3466 */ 
0x00,0x00,0x00,0x00,0xEC,0x7F,0xD8,0x60,0xB0,0x31,0x00,0x1B,0x0E,0x0E,0x1C,0x1F,
0xE0,0xF7,0x00,0x06,0xD8,0x7F,0x18,0x06,0x0C,0x06,0xFC,0xFF,0x06,0x06,0x06,0x06,
/* 3467 */ 
0x00,0x00,0x00,0x00,0x00,0x3C,0x3E,0x6C,0xF6,0xFF,0xB6,0x0D,0x3E,0x6F,0x3E,0x6F,
0x3E,0x7B,0xBE,0x3F,0xBE,0x39,0xBE,0x19,0x9C,0xF9,0xBC,0xFD,0x36,0xE6,0x66,0xE3,
/* 3468 */ 
0x00,0x00,0x00,0x00,0x18,0x00,0xF8,0xFF,0xCC,0x00,0xCC,0x7F,0xC6,0x00,0xC0,0x00,
0xC0,0x7F,0xC0,0x00,0x8C,0x31,0xBC,0x33,0x3C,0x63,0x36,0xDE,0x36,0xD8,0xE0,0x0F,
/* 3469 */ 
0x00,0x00,0x00,0x30,0x8C,0x19,0x8C,0x19,0xEC,0xFF,0xEC,0xFC,0xFC,0xFD,0x6C,0xDF,
0xEC,0xFF,0x0C,0x00,0xCC,0x7F,0xCC,0x60,0xFC,0x60,0xDC,0x7F,0xC6,0x60,0xC0,0x7F,
/* 3470 */ 
0x00,0x00,0xC0,0x60,0x8C,0x71,0x0C,0x1B,0xCC,0xFF,0xFF,0xFD,0xFF,0xFD,0xFF,0xFF,
0xCF,0xDC,0x8F,0x7F,0x8C,0x3F,0xCC,0x60,0xCC,0x60,0xCC,0x7F,0xCC,0x60,0xC0,0x7F,
/* 3471 */ 
0x00,0x00,0x30,0x00,0x60,0x18,0x60,0x0C,0xFC,0x7F,0xBC,0x79,0xBC,0x79,0xEC,0x6D,
0x8C,0x61,0xF8,0x3F,0xF8,0x3F,0x0C,0x60,0x0C,0x60,0xFC,0x7F,0x0C,0x60,0xF8,0x7F,
/* 3472 */ 
0x00,0x00,0x80,0x61,0x3E,0x73,0x36,0x3B,0xF6,0x7F,0xFE,0xFC,0xFE,0xFF,0xFE,0xDF,
0xFE,0xCC,0xBE,0x7F,0xBE,0x7F,0xFE,0x60,0xDC,0x60,0xBC,0x7F,0xFC,0x60,0xE6,0x7F,
/* 3473 */ 
0x00,0x00,0x30,0x06,0x30,0x06,0x30,0x06,0x30,0x06,0xFC,0x06,0x30,0x06,0x30,0x06,
0xB0,0x07,0xF0,0x06,0x3C,0x06,0x30,0xC6,0x30,0xC6,0x30,0xC6,0x30,0xC6,0x3C,0x7E,
/* 3474 */ 
0x00,0x00,0x00,0x00,0x00,0x06,0xFE,0xFF,0x1E,0x0F,0x9E,0x3F,0xDE,0x66,0x7E,0xC0,
0xDE,0x7F,0xDE,0x60,0xDE,0x7F,0xDE,0x60,0xDE,0x60,0x9E,0x7F,0x1E,0x00,0xFE,0xFF,
/* 3475 */ 
0x00,0x00,0x00,0x06,0x0E,0x06,0xF8,0xFF,0x00,0x0F,0xC0,0x3F,0x76,0xE6,0xCC,0x3F,
0x60,0x60,0x60,0x60,0xF8,0x7F,0x78,0x60,0x6C,0x60,0xCC,0x3F,0x06,0x00,0xFE,0xFF,
/* 3476 */ 
0x00,0x00,0x00,0x00,0x18,0x03,0x18,0x03,0xFE,0x03,0x38,0x03,0x38,0x03,0x78,0x03,
0x7C,0x03,0xDC,0xC3,0xDE,0xC3,0x1E,0xC3,0x18,0xC3,0x18,0xC3,0x18,0xC3,0x00,0x7E,
/* 3477 */ 
0x00,0x00,0x30,0x00,0x30,0x06,0xFE,0x07,0x18,0x06,0x3C,0x06,0x3C,0x06,0x36,0x06,
0xFE,0x07,0x30,0xC6,0x30,0xC6,0xF0,0xC7,0x7E,0xC6,0x30,0xC6,0x30,0xC6,0x30,0x7C,
/* 3478 */ 
0x00,0x00,0x00,0x00,0xCC,0xC7,0xFC,0xFC,0xC6,0xFC,0xC6,0xFF,0xFC,0xFF,0xD8,0xFF,
0xD8,0xFF,0xFE,0xFF,0xD8,0xFF,0x18,0xF3,0x98,0xF1,0xB8,0xC7,0xF8,0xC6,0x60,0xFC,
/* 3479 */ 
0x00,0x00,0x0C,0x00,0xD8,0xFF,0x30,0xC0,0x00,0xC0,0xF6,0xDF,0x9E,0xF1,0x9E,0xF1,
0xFE,0xFF,0x9E,0xF1,0x9E,0xF1,0xF6,0xDF,0x86,0xC1,0x86,0xC1,0x86,0xC1,0x86,0xF9,
/* 3480 */ 
0x00,0x00,0x00,0x00,0xFE,0xFF,0x36,0x06,0x36,0x0C,0x36,0x00,0xBE,0xFF,0x36,0x60,
0x36,0x60,0x36,0x30,0x36,0x18,0x3E,0x1C,0x36,0x0E,0xB6,0x03,0xF6,0x0E,0x7E,0xF8,
/* 3481 */ 
0x00,0x00,0x00,0x00,0xC0,0x7B,0xCC,0x6F,0xCC,0x6F,0xFE,0x6F,0xDC,0x6F,0xDC,0x6F,
0xFC,0xFF,0xFE,0x6F,0xCE,0x6F,0xCF,0x6F,0xCC,0x6F,0x6C,0x6F,0x6C,0x6F,0xE0,0x7F,
/* 3482 */ 
0x00,0x00,0x18,0x06,0x18,0x0C,0xD8,0xFF,0xD8,0xDE,0xFC,0xF3,0x98,0x61,0x3C,0x03,
0x3C,0xFF,0xBE,0x03,0xDE,0x03,0x1E,0x3F,0x18,0x03,0x18,0x7F,0x18,0x03,0x18,0x03,
/* 3483 */ 
0x00,0x00,0x00,0x03,0x3E,0x03,0x36,0xFF,0xB6,0x07,0xB6,0x07,0xF6,0x06,0xF6,0xFE,
0x76,0x06,0x36,0x06,0x36,0x06,0x36,0x06,0x36,0xFE,0x3E,0x06,0x00,0x06,0x00,0x06,
/* 3484 */ 
0x00,0x00,0x00,0x00,0x18,0x00,0xF8,0xFF,0xD8,0x00,0xCC,0x00,0xCC,0x00,0xC6,0x7F,
0xC6,0x00,0xC0,0x00,0xC0,0x7F,0xC0,0x00,0xC0,0x00,0xC0,0x00,0xC0,0x00,0xC0,0x00,
/* 3485 */ 
0x00,0x00,0x00,0x00,0x18,0x03,0xD8,0xFF,0x7E,0x0F,0xFE,0x0D,0xBE,0x0D,0xFE,0x0C,
0x1E,0x7C,0x1E,0x0C,0x18,0x0C,0x38,0x0C,0x38,0xFC,0x6C,0x0C,0xC6,0x0C,0x06,0x0C,
/* 3486 */ 
0x00,0x00,0x00,0x00,0x18,0x03,0x30,0xFF,0xB0,0x07,0x80,0x07,0xDE,0x06,0x18,0x06,
0x18,0x7E,0x18,0x06,0x18,0x06,0xD8,0x06,0x78,0xFE,0x38,0x06,0x18,0x06,0x00,0x06,
/* 3487 */ 
0x00,0x00,0x00,0x06,0x18,0x06,0xF8,0xFF,0x98,0x19,0xBE,0x19,0xD8,0x7F,0x78,0xC6,
0xF8,0xFF,0x78,0xC6,0x7E,0xDF,0xF8,0xF1,0xF8,0xF1,0x78,0xDF,0x78,0xC0,0x6E,0x78,
/* 3488 */ 
0x00,0x00,0x80,0x01,0x80,0x01,0xFE,0xFF,0x60,0x0C,0xC0,0x06,0x80,0x03,0xF8,0x3E,
0x0E,0xE0,0xF8,0x1F,0x80,0x01,0xFC,0x7F,0x66,0x6C,0x66,0x6C,0x66,0x6C,0x00,0x7C,
/* 3489 */ 
0x00,0x00,0x80,0x01,0x80,0x01,0xFE,0xFF,0x06,0xC0,0x06,0xF8,0xC6,0x6F,0xFC,0x00,
0xC0,0x00,0xC0,0x00,0xFE,0xFF,0xC0,0x00,0xC0,0x00,0xC0,0xC0,0xC0,0xC0,0x80,0xFF,
/* 3490 */ 
0x00,0x00,0x00,0x00,0x80,0x01,0xFE,0xFF,0x66,0xCE,0x36,0xD8,0x3C,0x30,0x30,0x00,
0xF8,0xFF,0xD8,0x00,0xCC,0x7F,0xC6,0x00,0xC0,0x00,0xC0,0x7F,0xC0,0x00,0xC0,0x00,
/* 3491 */ 
0x00,0x00,0x00,0x06,0xF8,0x7F,0x18,0x06,0xEC,0x7F,0x0C,0x06,0xFC,0xFF,0x0C,0x00,
0xEE,0x3F,0x6F,0x60,0x6C,0x66,0x6C,0x66,0x6C,0x66,0x6C,0x63,0x8C,0x3D,0xFC,0xE0,
/* 3492 */ 
0x00,0x00,0x80,0x01,0x00,0x03,0xFE,0xFF,0x66,0xCC,0xFC,0xFF,0x60,0x0C,0xF8,0x3F,
0x60,0x0C,0xFE,0xFF,0xB0,0x19,0xFC,0x7F,0x87,0xC1,0xE0,0x0F,0xB8,0x39,0xEE,0xE1,
/* 3493 */ 
0x00,0x00,0x00,0x03,0x3E,0x1F,0xF6,0x19,0xF6,0xFF,0xF6,0x36,0xFE,0xEF,0xF6,0x0C,
0xF6,0xFF,0xF6,0x00,0xFE,0x3E,0xF6,0x7F,0xF6,0x00,0x76,0x7F,0xFE,0xC1,0x60,0x7F,
/* 3494 */ 
0x00,0x00,0x00,0x0C,0x78,0x0C,0x1E,0x0C,0x18,0xFC,0x18,0x0C,0x78,0x0C,0x1E,0x3F,
0x98,0x61,0x98,0x61,0xFC,0x61,0x9E,0x61,0x98,0xE1,0x98,0xFF,0x18,0xC0,0xF8,0x7F,
/* 3495 */ 
0x00,0x00,0x00,0x00,0xE0,0x1F,0x30,0x18,0xFC,0xFF,0x8E,0x1D,0xEC,0x73,0x3C,0xC3,
0xFC,0xFF,0x0C,0x00,0xEC,0x3F,0xFC,0x7F,0x0C,0x00,0xF6,0x7F,0x36,0x60,0xF6,0x7F,
/* 3496 */ 
0x00,0x00,0x00,0x00,0xF0,0x0C,0xF6,0x0C,0xFC,0xFC,0x7C,0x0C,0x7C,0x0C,0x30,0x0C,
0x7E,0xFF,0x38,0xC3,0x78,0xC3,0x7C,0xC3,0xFC,0xC3,0x36,0xC3,0x30,0xC3,0x30,0xFF,
/* 3497 */ 
0x00,0x00,0x00,0x00,0x0C,0x06,0x18,0x06,0x30,0xFE,0x00,0x06,0x06,0x06,0x0C,0x06,
0x18,0x06,0xC0,0x7F,0xD8,0xC0,0xD8,0xC0,0xD8,0xC0,0xCC,0xC0,0xCC,0xC0,0xC6,0x7F,
/* 3498 */ 
0x00,0x00,0x60,0x00,0x60,0x1E,0xE0,0x7F,0xFC,0x00,0xC0,0x7E,0xFE,0x33,0x00,0xDF,
0x80,0xC7,0xF8,0xFC,0x00,0x00,0xFC,0x7F,0x66,0x66,0x66,0x66,0x66,0x66,0xFF,0xFF,
/* 3499 */ 
0x00,0x00,0x00,0x00,0x18,0xF8,0xFE,0x0F,0x18,0x03,0x3C,0x03,0x3C,0xFF,0x36,0x33,
0xFE,0x33,0x30,0x33,0x30,0x33,0xF0,0x33,0x3E,0x33,0x30,0x33,0xB0,0x31,0x30,0x30,
/* 3500 */ 
0x00,0x00,0x18,0x00,0x98,0xFF,0xFE,0xC0,0x8C,0xFF,0xDC,0x36,0xDE,0x36,0xDE,0xFF,
0xFF,0x36,0xD8,0x36,0x98,0xFF,0xF8,0xDB,0xDE,0x7B,0xD8,0x33,0xD8,0x7B,0x78,0xCF,
/* 3501 */ 
0x00,0x00,0x00,0x03,0x0C,0x63,0xFC,0x7F,0x00,0x00,0x18,0xFC,0xFE,0x07,0x38,0x06,
0x6C,0x06,0xFE,0xFF,0x60,0x36,0x60,0x36,0xF8,0x37,0x6C,0x33,0x60,0x33,0xE0,0x31,
/* 3502 */ 
0x00,0x00,0x00,0x00,0xFC,0xFF,0x0C,0xC0,0x0C,0xC0,0xFC,0x7F,0xCC,0x18,0xFC,0xFF,
0xCC,0x18,0xCC,0x18,0xFC,0xFF,0x66,0xC3,0x66,0x76,0x66,0x1C,0x66,0x1B,0xE3,0xF1,
/* 3503 */ 
0x00,0x00,0x60,0x00,0x60,0x0C,0xFE,0x7F,0x30,0x00,0xFE,0x37,0x38,0xFE,0xFC,0x33,
0xFE,0xFF,0xFE,0x33,0xEE,0xFF,0xCE,0x33,0xC6,0xFF,0xFE,0x7F,0xC6,0xFF,0xFC,0xFF,
/* 3504 */ 
0x00,0x00,0x00,0x03,0x18,0x3B,0x18,0x33,0x18,0x7F,0xFC,0x03,0x18,0x06,0x38,0xFE,
0xFC,0x07,0x7C,0x66,0x1E,0x36,0x1E,0x1C,0x18,0x8C,0x18,0x9E,0x98,0xB3,0xD8,0xE0,
/* 3505 */ 
0x00,0x00,0x00,0x00,0xC0,0x00,0xC0,0x00,0xC0,0xFF,0xC0,0x00,0xC0,0x00,0xC0,0x00,
0xC0,0x00,0xFC,0x7F,0x0C,0x60,0x0C,0x60,0x0C,0x60,0x0C,0x60,0x0C,0x60,0xFC,0x7F,
/* 3506 */ 
0x00,0x00,0x00,0x00,0x18,0x3C,0x18,0x6C,0xF8,0xCC,0x98,0xFF,0x18,0x0C,0xFC,0x6C,
0xC6,0x6C,0xC6,0x3C,0xC6,0x3C,0xC6,0x1C,0xC6,0xDC,0xC6,0xDE,0x7C,0xF3,0x80,0xE1,
/* 3507 */ 
0x00,0x00,0x00,0x00,0x18,0x0C,0xFE,0x0C,0x00,0xFC,0x00,0x0C,0x66,0x0C,0x66,0x3E,
0x66,0xE3,0x6C,0xC3,0x6C,0xC3,0x6C,0xC3,0x3C,0xC3,0xFC,0xC3,0x78,0xC3,0x0E,0x7F,
/* 3508 */ 
0x00,0x00,0x00,0x00,0xC6,0x60,0xFC,0xFF,0xD8,0x60,0xC0,0x7F,0xC7,0x60,0xCC,0x60,
0xC0,0x7F,0xC0,0x60,0xF8,0xFF,0x7C,0x0F,0x6C,0x3B,0xEC,0x71,0xE6,0x61,0xC6,0xFF,
/* 3509 */ 
0x00,0x00,0x00,0x00,0x18,0x0C,0x98,0xFF,0xCC,0xC0,0xF6,0xC0,0xF6,0xFF,0x3F,0x0C,
0x98,0x0D,0x8C,0x0D,0xEC,0x7D,0xBE,0x0D,0x80,0x0F,0xE0,0x0F,0xFC,0x0E,0xC0,0xF8,
/* 3510 */ 
0x00,0x00,0x00,0x06,0x18,0x0C,0x98,0x7F,0x98,0x19,0xFC,0xFF,0x18,0x00,0xFC,0x7F,
0xFC,0x60,0xFE,0x7F,0xDE,0x60,0xD8,0x7F,0x18,0x06,0xF8,0xFF,0x18,0x06,0x18,0x00,
/* 3511 */ 
0x00,0x00,0x80,0x01,0xFC,0x7F,0x30,0x18,0x60,0x0C,0xFE,0xFF,0x00,0x00,0xFC,0x3F,
0x0C,0x60,0xFC,0x7F,0x0C,0x60,0x0C,0x60,0xF8,0x3F,0x80,0x01,0xFE,0xFF,0x00,0x00,
/* 3512 */ 
0x00,0x00,0x30,0x00,0xFE,0x03,0xD8,0x60,0xD8,0x30,0xFE,0x1F,0x00,0xC6,0xFC,0x61,
0x0C,0x33,0xFC,0x1B,0x0C,0x0F,0xFC,0xC3,0x60,0x60,0xFE,0x37,0x60,0x18,0x60,0x0E,
/* 3513 */ 
0x00,0x00,0x00,0x06,0x0E,0x06,0xD8,0x3F,0x80,0x19,0x00,0x1B,0xC7,0x7F,0xCC,0x3F,
0xD8,0x60,0xC0,0x7F,0xD8,0x60,0xD8,0x60,0x8C,0x3F,0xEC,0xFF,0x06,0x06,0x00,0x06,
/* 3514 */ 
0x00,0x00,0x00,0x00,0x7E,0x63,0x60,0x33,0x60,0x33,0x60,0x1B,0x7E,0x0F,0x06,0x07,
0xC6,0xFF,0x06,0x1B,0x7C,0x1B,0x60,0x1B,0x60,0x33,0x60,0x33,0x60,0x6F,0x3C,0xC7,
/* 3515 */ 
0x00,0x00,0x80,0x01,0xB8,0x19,0xFC,0x7F,0x06,0xC0,0xF6,0xDF,0x1E,0xD8,0xF0,0x1F,
0x00,0x00,0xFC,0x7F,0x00,0x03,0xFC,0x7F,0xFE,0xFF,0x00,0x03,0x00,0x03,0xF0,0x03,
/* 3516 */ 
0x00,0x00,0x00,0x00,0xF6,0x06,0x8C,0x67,0x98,0x67,0x80,0x37,0xF6,0x1E,0x3C,0x0E,
0x30,0xFF,0x30,0x1E,0xF8,0x1F,0x98,0x37,0x8C,0x37,0x8C,0x67,0x8C,0xE7,0xF6,0xFE,
/* 3517 */ 
0x00,0x00,0x18,0x00,0x18,0x30,0x18,0x30,0xFE,0xFF,0x98,0x31,0xB8,0x19,0x3C,0x1B,
0x7C,0x1B,0x7E,0x1B,0x1E,0x1E,0x1B,0x0E,0x18,0x0C,0x18,0x1E,0x18,0x33,0xD8,0xE1,
/* 3518 */ 
0x00,0x00,0x00,0x00,0x00,0x06,0x00,0x06,0xFE,0xFF,0x00,0x06,0x0C,0x06,0x0C,0x06,
0x18,0x06,0x18,0x06,0x30,0x03,0x60,0x03,0xC0,0x01,0xC0,0x01,0x60,0x07,0x3E,0xFC,
/* 3519 */ 
0x00,0x00,0x18,0x03,0x18,0x03,0x18,0x63,0x7C,0x33,0x7E,0x1B,0x7E,0x0F,0x7E,0x07,
0xFE,0xFF,0x7E,0x0F,0x7E,0x1B,0x7E,0x1B,0x7E,0x33,0x18,0x33,0x18,0xEF,0x18,0x0F,
/* 3520 */ 
0x00,0x00,0x80,0x01,0xBE,0x61,0xE6,0x61,0xE6,0x31,0xFE,0x19,0xFE,0x0F,0xFE,0x01,
0xFE,0xFF,0xFE,0x0D,0xFE,0x0D,0x8E,0x19,0xBC,0x19,0xBC,0x31,0xE6,0x71,0xE7,0xEF,
/* 3521 */ 
0x00,0x00,0x00,0x00,0x30,0x30,0x18,0x30,0xF8,0xFF,0x18,0x30,0xDC,0x30,0xDC,0x30,
0x9E,0x31,0x9E,0x19,0x18,0x1B,0x18,0x1B,0x18,0x0E,0x18,0x0E,0x18,0x3B,0xF8,0xE1,
/* 3522 */ 
0x00,0x00,0x00,0x00,0xFC,0x01,0xE6,0x61,0xE6,0x31,0xE6,0x19,0xFE,0x0F,0xE6,0x01,
0xE6,0x01,0xE6,0x7F,0xFE,0x0D,0xE6,0x19,0xE6,0x19,0xE6,0x31,0xE6,0x6D,0x3E,0xC7,
/* 3523 */ 
0x00,0x00,0x00,0x03,0xF6,0xFF,0x1E,0x03,0xFE,0x7F,0xFE,0x18,0xF8,0xFF,0x18,0x00,
0xF8,0x7F,0x7C,0x60,0xEE,0x7F,0x6C,0x60,0xEC,0x7F,0x0C,0x06,0xFC,0xFF,0x06,0x06,
/* 3524 */ 
0x00,0x00,0x00,0x06,0x1E,0x06,0xF6,0xFF,0x9E,0x31,0x9E,0x19,0xFE,0xFF,0x9E,0x3F,
0xDE,0x60,0xF6,0x7F,0x76,0x60,0xF6,0x7F,0x1E,0x06,0xF6,0xFF,0x06,0x06,0x06,0x06,
/* 3525 */ 
0x00,0x00,0x00,0x00,0xD8,0x7F,0x18,0xC6,0x18,0xC6,0x7E,0xC3,0x18,0xC3,0x98,0xC1,
0xF8,0x7E,0x38,0x00,0x9E,0x7F,0xD8,0xC0,0xD8,0xC0,0xD8,0xC0,0xD8,0xC0,0xDE,0x7F,
/* 3526 */ 
0x00,0x00,0x00,0x00,0xFE,0xFF,0x66,0xC6,0x66,0xC6,0x66,0xC6,0x66,0xC3,0xFE,0x63,
0xE6,0x7C,0x66,0x00,0xE6,0x7F,0xE6,0x60,0xE6,0x60,0xE6,0x60,0xFE,0x60,0x80,0x7F,
/* 3527 */ 
0x00,0x00,0x18,0x06,0x18,0x1E,0x18,0x36,0x18,0x66,0x7E,0xFE,0xF8,0x0F,0x18,0x06,
0x78,0x66,0x38,0x36,0x1E,0x1E,0x18,0x0C,0x18,0xCE,0x18,0xDB,0xD8,0xD9,0x1E,0xF0,
/* 3528 */ 
0x00,0x00,0x00,0x00,0xEC,0x7F,0x18,0xC3,0x30,0xC3,0x00,0xC3,0x86,0xC1,0xCC,0x60,
0x78,0x7E,0x00,0x00,0xD8,0x7F,0x78,0x60,0x78,0x60,0x6C,0x60,0x6C,0x60,0xC6,0x7F,
/* 3529 */ 
0x00,0x00,0x30,0x00,0x30,0x00,0xFE,0x60,0x30,0x63,0x30,0x66,0xFE,0x3C,0x30,0x3C,
0x30,0x18,0x36,0x18,0xF6,0x3C,0x36,0x36,0x3E,0x63,0xBE,0x61,0xF6,0x60,0xE3,0xFF,
/* 3530 */ 
0x00,0x00,0x00,0x00,0xFE,0x7F,0x36,0x63,0x36,0x63,0xB6,0x67,0xFE,0x7C,0x36,0x00,
0xF6,0x7F,0xF6,0x60,0xF6,0x60,0xBE,0x7F,0x0C,0x36,0x6C,0x66,0xCC,0x66,0xC6,0xCC,
/* 3531 */ 
0x00,0x00,0x00,0x00,0xFE,0xFF,0x66,0xC6,0xFE,0x7F,0x80,0x01,0x80,0xFF,0xF8,0x3F,
0x0C,0x60,0xFC,0x7F,0x0C,0x60,0x0C,0x60,0xF8,0x3F,0xFE,0xFF,0x80,0x01,0x80,0x01,
/* 3532 */ 
0x00,0x00,0xC0,0x00,0xC0,0x06,0xCE,0x66,0xCC,0x66,0xD8,0x36,0xF0,0x1E,0xE0,0x06,
0xC0,0x0E,0xF0,0x1E,0xDC,0x36,0x66,0xE6,0x60,0x06,0x30,0x06,0x18,0xC6,0x0E,0xFE,
/* 3533 */ 
0x00,0x00,0x00,0x06,0x78,0xFE,0xCE,0x33,0x86,0x37,0xFC,0x1C,0xC6,0xF7,0xFE,0x1F,
0x80,0x31,0xFE,0xFF,0xF8,0x3F,0x80,0x01,0xFC,0x7F,0x80,0x01,0xFE,0xFF,0x80,0x01,
/* 3534 */ 
0x00,0x00,0x00,0x00,0xFE,0x7F,0xC0,0x60,0xC0,0x60,0xC0,0x60,0x60,0x60,0x30,0x63,
0x1E,0x3E,0x00,0x00,0xFC,0x7F,0x0C,0x60,0x0C,0x60,0x0C,0x60,0x0C,0x60,0xFC,0x7F,
/* 3535 */ 
0x00,0x00,0x00,0x06,0x0E,0x0C,0xCC,0xFF,0x78,0x33,0xE0,0xFF,0x60,0x33,0x6E,0x33,
0x78,0x3F,0x78,0x18,0xF8,0x7F,0xF8,0x7F,0xB8,0xDF,0xD8,0xDE,0x3C,0x00,0xE6,0xFF,
/* 3536 */ 
0x00,0x00,0x18,0x00,0x18,0x3F,0x98,0x01,0xFE,0x01,0xD8,0x01,0x98,0xFF,0x98,0x19,
0xF8,0x19,0xB8,0x19,0x9E,0x19,0x98,0x19,0xD8,0x18,0xD8,0x18,0xD8,0x18,0x7E,0x00,
/* 3537 */ 
0x00,0x00,0x30,0x00,0x30,0x78,0xFE,0x0F,0xB0,0x03,0x30,0xFF,0xF0,0x33,0x3E,0x33,
0x30,0x33,0xBE,0x31,0xD8,0x30,0xF8,0x7F,0x0C,0x60,0x0C,0x60,0x0C,0x60,0xF8,0x7F,
/* 3538 */ 
0x00,0x00,0x30,0x00,0x30,0x06,0xFE,0x3F,0x30,0x36,0xF0,0x37,0x7E,0xFE,0x30,0xFF,
0xBE,0xE1,0x98,0x61,0xFC,0x7F,0x8C,0x61,0x8C,0x61,0xF8,0x3F,0x80,0x61,0xFE,0xFF,
/* 3539 */ 
0x00,0x00,0x80,0x01,0x8C,0x19,0xFE,0xFF,0x8C,0x7B,0xDE,0x7E,0xDE,0x7F,0x1E,0x7E,
0xFF,0x7F,0xD8,0x76,0xD8,0x77,0xF8,0x36,0xDE,0x77,0xD8,0x76,0xD8,0xDE,0xD8,0xDF,
/* 3540 */ 
0x00,0x00,0x00,0x00,0x80,0x61,0xF8,0x3F,0x80,0x19,0x80,0x0D,0xFE,0xFF,0x80,0x03,
0xC0,0x00,0xF0,0x3F,0x3E,0x30,0x30,0x30,0xF0,0x3F,0x30,0x30,0x30,0x30,0xF0,0x3F,
/* 3541 */ 
0x00,0x00,0x00,0x00,0x0C,0xC6,0xFC,0x7F,0x66,0x66,0x06,0x36,0xC3,0xFF,0x3E,0x0C,
0x18,0x06,0x98,0x7F,0xFE,0x61,0x98,0x61,0x98,0x7F,0xF8,0x61,0xB8,0x61,0x80,0x7F,
/* 3542 */ 
0x00,0x00,0x30,0x18,0xFE,0xFF,0x30,0x18,0x30,0x1B,0xF8,0xFF,0xCC,0x18,0xCC,0x18,
0xFC,0xFF,0xCC,0x18,0xCC,0x18,0x8C,0x0F,0x8C,0x67,0xBC,0x6D,0xB6,0xCD,0x9E,0xD9,
/* 3543 */ 
0x00,0x00,0x00,0x00,0x0C,0x06,0x0C,0x06,0xF8,0xFF,0x00,0x30,0xC0,0x30,0x8E,0x19,
0x18,0x1B,0x18,0x0E,0x18,0x0C,0x18,0x1E,0x18,0x33,0xD8,0x61,0x7C,0x60,0xE6,0xFF,
/* 3544 */ 
0x00,0x00,0x00,0x00,0xC6,0xE0,0xCC,0x3C,0xD8,0x0C,0xF0,0x0D,0xC3,0xFC,0xC6,0x6C,
0xCC,0x6F,0xC0,0x6D,0xF8,0x6C,0xF8,0x66,0xCC,0x66,0xCC,0x66,0xC6,0x63,0xF3,0x63,
/* 3545 */ 
0x00,0x00,0x00,0x00,0x7E,0x0E,0x18,0x1B,0x98,0x31,0xD8,0x6C,0x78,0xC6,0x18,0x33,
0xFE,0x19,0xD8,0xD8,0x18,0x6C,0x18,0x67,0x98,0x31,0xF8,0x18,0x0F,0x0E,0xC0,0x03,
/* 3546 */ 
0x00,0x00,0x8C,0x01,0x8C,0x61,0xFE,0x6F,0x8C,0x79,0xFC,0x79,0x8C,0x71,0xFC,0x6D,
0x8C,0x79,0xFF,0x7F,0x06,0x60,0xB6,0xE1,0xB6,0x7D,0x1E,0x67,0x06,0x63,0xFC,0x63,
/* 3547 */ 
0x00,0x00,0x80,0x01,0xFE,0xFF,0x80,0x01,0xF8,0x1F,0x0C,0x30,0xFC,0x3F,0x0C,0x30,
0xFC,0x3F,0x0C,0x30,0xFC,0x3F,0x0C,0x30,0xFE,0xFF,0x00,0x00,0x70,0x1C,0x1E,0xF0,
/* 3548 */ 
0x00,0x00,0x00,0x00,0xFE,0xFF,0x78,0x06,0xFE,0x06,0xFE,0x7F,0xFE,0x67,0xFE,0x6F,
0xFE,0x7F,0x18,0x7E,0x30,0x7B,0xFE,0x7B,0x30,0xF3,0x30,0xE3,0xF0,0xFB,0x1E,0xCE,
/* 3549 */ 
0x00,0x00,0x00,0x00,0xFE,0x0C,0x18,0x0C,0x0C,0xFC,0x0C,0x0C,0x0C,0x0C,0x7C,0x0C,
0xEE,0xFF,0xEE,0xC1,0xEF,0xC1,0xEC,0xC1,0xEC,0xC1,0xEC,0xC1,0xEC,0xC1,0xFC,0xFF,
/* 3550 */ 
0x00,0x00,0x00,0x0C,0xFF,0x7F,0x0C,0x06,0x8C,0x7F,0x36,0x06,0xF6,0xFF,0x7E,0x1B,
0x78,0x33,0x98,0x7F,0xFE,0xCC,0xD8,0x7F,0x18,0x1E,0x78,0x3F,0xDE,0x6D,0x00,0xCC,
/* 3551 */ 
0x00,0x00,0x80,0x01,0x80,0x01,0x80,0xFF,0x80,0x01,0xF8,0x3F,0x0C,0x60,0x0C,0x60,
0x8C,0x61,0x8C,0x61,0x8C,0x61,0x8C,0x61,0xCC,0x60,0x60,0x0E,0x30,0x38,0x1E,0x60,
/* 3552 */ 
0x00,0x00,0x0C,0x00,0x0C,0x00,0xFC,0x0C,0x06,0x0C,0x06,0x0C,0xFC,0x0C,0x98,0xFF,
0x18,0x0C,0x18,0x0C,0x7C,0x0C,0x18,0x0C,0x18,0x0C,0xD8,0x0C,0x78,0x0C,0x30,0x00,
/* 3553 */ 
0x00,0x00,0x00,0x06,0x18,0x06,0x18,0xFE,0x18,0x06,0xD8,0x7F,0x6C,0x60,0x6C,0x60,
0x6E,0x66,0x6C,0x66,0x6C,0x66,0x6C,0x66,0x6C,0x66,0x0C,0x1F,0x8C,0x71,0xF0,0xC0,
/* 3554 */ 
0x00,0x00,0x18,0x00,0x18,0x0C,0x18,0x0C,0xD8,0xFF,0xFC,0xCC,0xF8,0xCC,0xFC,0xC6,
0x7C,0x0C,0x7E,0x0E,0x1E,0x0E,0x1B,0x0F,0x18,0xCF,0x98,0xCD,0xD8,0xCC,0x78,0xF8,
/* 3555 */ 
0x00,0x00,0x00,0x03,0x06,0x03,0xFE,0xFF,0x1E,0x07,0x9E,0x1D,0xDC,0x30,0x78,0xE6,
0x18,0x03,0xD8,0x31,0x1C,0x1C,0x1F,0xCE,0xCC,0x63,0x0C,0x30,0x0C,0x1E,0xF6,0x03,
/* 3556 */ 
0x00,0x00,0x00,0x0C,0x0C,0x0E,0x18,0x1B,0x80,0x31,0xC0,0xFC,0x60,0x0C,0x1E,0x67,
0x98,0x31,0x18,0x38,0x18,0xCC,0x18,0x67,0x98,0x61,0x78,0x30,0x38,0x1C,0xC0,0x07,
/* 3557 */ 
0x00,0x00,0x00,0x00,0xFC,0x7F,0xFE,0xFF,0x06,0xC3,0xFE,0xFF,0xFE,0xFF,0x80,0x01,
0xFC,0x7F,0xFC,0x7F,0x1C,0x00,0xFC,0xFF,0x3C,0x63,0x3C,0x3F,0x36,0x0E,0xF6,0xFB,
/* 3558 */ 
0x00,0x00,0x00,0x00,0xD8,0xFF,0xD8,0x00,0xD8,0x00,0xFC,0x3F,0xD8,0x00,0xD8,0xFF,
0xD8,0x0D,0xF8,0xCD,0xDE,0x6D,0xF8,0x39,0xF8,0x19,0xF8,0x31,0xB8,0x6D,0x3E,0xC7,
/* 3559 */ 
0x00,0x00,0x0C,0x0C,0x06,0x0C,0xFE,0x7F,0x06,0x3F,0x83,0x61,0xFE,0x7F,0x98,0x61,
0x98,0x7F,0xFF,0x61,0x98,0x7F,0x98,0x61,0xD8,0xFF,0x78,0x00,0x38,0x37,0x98,0xE1,
/* 3560 */ 
0x00,0x00,0x00,0x06,0x3E,0x06,0xF6,0xFF,0x36,0x03,0x9E,0x0D,0x9E,0x0D,0xDE,0x0C,
0xF6,0x7F,0x36,0x0C,0x36,0x0C,0xFE,0xFF,0x1E,0x0C,0x06,0x0C,0x06,0x0C,0x06,0x0C,
/* 3561 */ 
0x00,0x00,0x60,0x0C,0x60,0x0C,0xFE,0xFF,0x30,0x0C,0xF0,0x0F,0x00,0x06,0xFC,0x6F,
0xB0,0x39,0x18,0x33,0x6E,0xE3,0xC0,0x03,0xFC,0x7F,0xD8,0x36,0xDC,0x66,0xCE,0xCC,
/* 3562 */ 
0x00,0x00,0x00,0x00,0x98,0x01,0x98,0x1F,0xFE,0x18,0xF8,0x18,0xF8,0x7F,0x18,0x66,
0x38,0x66,0xFC,0xFF,0x1F,0x66,0x18,0x66,0xD8,0x3F,0x18,0x06,0x18,0x06,0xDE,0x07,
/* 3563 */ 
0x00,0x00,0x00,0x00,0xBE,0x1F,0xB6,0x31,0xF6,0x18,0x76,0x18,0xBE,0x7F,0x36,0x6C,
0xF6,0xFF,0x36,0x6C,0x3E,0x6C,0xF6,0x7F,0x36,0x0C,0x36,0x0C,0x3E,0x0C,0x8C,0x0F,
/* 3564 */ 
0x00,0x00,0x00,0x00,0xF8,0xFF,0x0C,0x0C,0x0C,0x0C,0x06,0x0C,0xD8,0x0C,0xD8,0x0C,
0xCC,0xFC,0xCE,0x0C,0xCF,0x0C,0xCC,0x0C,0xCC,0x0C,0xCC,0x0C,0xCC,0x0C,0xFC,0xFF,
/* 3565 */ 
0x00,0x00,0x00,0x03,0x36,0x1F,0xBC,0x31,0x98,0x19,0xDC,0x18,0x9E,0x7F,0x30,0x6C,
0xF0,0xFF,0x38,0x6C,0x3C,0x6C,0xB6,0x7F,0x30,0x0C,0x30,0x0C,0x30,0x0C,0x9E,0x0F,
/* 3566 */ 
0x00,0x00,0x60,0x00,0x30,0x00,0xF0,0x0F,0x18,0x0C,0x0C,0x06,0xFE,0x3F,0x00,0x63,
0x00,0x63,0xFC,0x7F,0x00,0x63,0x00,0x33,0xF8,0x1F,0x00,0x03,0x00,0x03,0xF0,0x01,
/* 3567 */ 
0x00,0x00,0x00,0x00,0xF8,0xFF,0x18,0x0C,0x18,0x0C,0xBE,0x0D,0xBE,0x0D,0xBE,0x0D,
0xFE,0xFD,0x9B,0x0D,0x9B,0x0D,0x98,0x0D,0x98,0x0D,0x98,0x0D,0x98,0x0D,0xF8,0xFF,
/* 3568 */ 
0x00,0x00,0x00,0x0C,0x30,0x06,0xFC,0xFF,0xFC,0x66,0xBC,0x37,0xBC,0x3F,0xF8,0x38,
0xF8,0x18,0xBE,0x7F,0x00,0xC3,0xFC,0xFF,0x30,0x03,0x30,0x7F,0x30,0x03,0xFE,0xFF,
/* 3569 */ 
0x00,0x00,0x00,0x00,0x98,0x3F,0x18,0x30,0x18,0xD8,0xFC,0xCF,0x18,0x67,0x98,0x77,
0x98,0x3D,0xB8,0x3D,0x9C,0x6D,0xDE,0xCC,0x78,0xCC,0x98,0x0D,0x18,0x07,0xEE,0xFF,
/* 3570 */ 
0x00,0x00,0x00,0x00,0xFC,0xFF,0x00,0x03,0x00,0x03,0x00,0x03,0x18,0x03,0x18,0x03,
0x18,0x7F,0x18,0x03,0x18,0x03,0x18,0x03,0x18,0x03,0x18,0x03,0x18,0x03,0xFF,0xFF,
/* 3571 */ 
0x00,0x00,0x00,0x00,0x00,0x06,0xFE,0x07,0x30,0x7E,0x30,0x63,0x36,0x63,0x36,0x37,
0xF6,0x37,0xB6,0x37,0x36,0x1C,0x36,0x1C,0x36,0x1C,0xF6,0x36,0x3E,0x63,0xC7,0xC1,
/* 3572 */ 
0x00,0x00,0x18,0x00,0x18,0x0C,0x7C,0x7C,0x7E,0x0C,0xFE,0x7F,0xFE,0x61,0xFE,0x6D,
0xFE,0x6D,0xFE,0x6D,0xFE,0x6D,0xFE,0x6D,0xFE,0x1D,0x1E,0x36,0x18,0x63,0xD8,0xC1,
/* 3573 */ 
0x00,0x00,0x00,0x00,0x00,0x03,0xFE,0xFF,0x1E,0x00,0xFE,0xFF,0x18,0x06,0x18,0x06,
0x18,0x06,0xD8,0x06,0xDE,0x7E,0xDB,0x06,0xCC,0x06,0xCC,0x06,0xCC,0x06,0xFE,0xFF,
/* 3574 */ 
0x00,0x00,0x00,0x00,0x98,0xFD,0x98,0xCD,0xFE,0xCF,0x60,0x6C,0x60,0x6C,0x60,0x3C,
0xFE,0x6F,0x30,0x6C,0x60,0xCC,0xF0,0xCC,0xF0,0xCD,0x98,0xCD,0x0C,0x7F,0x06,0x0C,
/* 3575 */ 
0x00,0x00,0x00,0x00,0x0C,0x00,0xF8,0xFF,0x00,0x0C,0x00,0x0C,0x0F,0x0C,0xCC,0x0C,
0xCC,0x7C,0xCC,0x0C,0xCC,0x0C,0xCC,0x0C,0xCC,0x0C,0xFC,0x0C,0xD8,0x0C,0xF0,0xFF,
/* 3576 */ 
0x00,0x00,0x30,0x00,0x30,0x0C,0xFE,0xFF,0x30,0x0C,0xB0,0x01,0x00,0x03,0xFC,0x3F,
0x00,0x30,0x00,0x18,0x00,0x0C,0x00,0x06,0x80,0x03,0xF8,0x00,0x7C,0x00,0xC6,0xFF,
/* 3577 */ 
0x00,0x00,0x18,0x0C,0x18,0x0C,0xD8,0xFF,0x18,0x0C,0x7E,0x0C,0xB8,0x3F,0xB8,0x61,
0xFC,0x61,0x7C,0x63,0x1E,0x33,0x1E,0x1E,0x18,0x1C,0x18,0x1E,0x98,0x73,0xF8,0xC0,
/* 3578 */ 
0x00,0x00,0x80,0x01,0x80,0x01,0xFE,0xFF,0x80,0x01,0x80,0x01,0x80,0x01,0xFC,0x3F,
0x30,0x30,0x30,0x30,0x60,0x18,0xC0,0x0C,0x80,0x07,0x80,0x03,0xE0,0x0E,0x3E,0xF8,
/* 3579 */ 
0x00,0x00,0x00,0x0C,0x1C,0x0C,0xF6,0xFF,0x76,0x0C,0x36,0x0C,0xF6,0x7F,0xB6,0x61,
0xB6,0x61,0x36,0x33,0x36,0x33,0x36,0x1E,0x36,0x0E,0x3E,0x1E,0x80,0x3B,0xE0,0xE0,
/* 3580 */ 
0x00,0x00,0x80,0x01,0x8C,0x71,0xBC,0xDF,0xFE,0xDB,0xFE,0xDB,0x3E,0xDB,0x3E,0xDB,
0xFE,0xDF,0x3E,0xDB,0x3E,0xDB,0xBE,0xDB,0xBC,0xDF,0xFC,0xDF,0xFC,0xDC,0xC6,0xF8,
/* 3581 */ 
0x00,0x00,0x00,0x00,0x0C,0x00,0xFC,0xFF,0x3C,0xC6,0x36,0xC6,0x36,0xC6,0x30,0xC6,
0xFE,0xC7,0x60,0xC6,0x70,0xC6,0xF0,0xC6,0xD8,0xC6,0x98,0xC7,0x8C,0xC7,0x06,0x7F,
/* 3582 */ 
0x00,0x00,0x00,0x0C,0x3C,0x0C,0xF6,0xFF,0x36,0x0C,0x36,0x0C,0xFE,0x3F,0xF6,0x60,
0xB6,0x61,0xB6,0x61,0x3E,0x33,0x36,0x1B,0x36,0x1E,0x36,0x0E,0x36,0x3B,0xFF,0xE1,
/* 3583 */ 
0x00,0x00,0x00,0x00,0xBC,0x01,0xE6,0x79,0xE6,0x0F,0xE6,0xC1,0xFE,0xC1,0xE6,0xFF,
0x66,0x00,0xE6,0x7F,0xFE,0x61,0xE6,0x61,0xE6,0x7F,0xE6,0x61,0xE6,0x61,0xBE,0x7F,
/* 3584 */ 
0x00,0x00,0x00,0x0C,0x1C,0x0C,0x30,0x0C,0x60,0x0C,0x00,0x0C,0x06,0x0C,0xDC,0xFF,
0x30,0x0C,0x60,0x0C,0x60,0x0C,0x30,0x0C,0x18,0x0C,0x18,0x0C,0x0C,0x0C,0x06,0x0C,
/* 3585 */ 
0x00,0x00,0xC0,0x00,0x80,0x01,0x80,0x01,0x80,0x01,0xFE,0x7F,0x00,0x30,0x00,0x30,
0x00,0x18,0x00,0x0C,0x00,0x07,0x80,0x01,0xE0,0x00,0x3C,0x00,0x66,0x00,0xC0,0xFF,
/* 3586 */ 
0x00,0x00,0x00,0x00,0x18,0x00,0x98,0x7F,0x8C,0x61,0xEC,0x61,0xB6,0x61,0xBE,0x61,
0x98,0x61,0x98,0x61,0x6C,0x3F,0x3E,0x1B,0x00,0x33,0xE0,0x61,0xBE,0xC1,0xC0,0xC0,
/* 3587 */ 
0x00,0x00,0x00,0x00,0xFE,0x7F,0xE6,0xC1,0xE6,0xC1,0xE6,0xC1,0xFE,0xC1,0xE6,0xC1,
0xE6,0xC1,0xFE,0x7F,0x66,0x00,0x66,0x36,0xE6,0x63,0x7E,0x63,0xEE,0xC1,0xE0,0x80,
/* 3588 */ 
0x00,0x00,0x80,0x01,0x80,0x01,0xFE,0xFF,0x80,0x01,0xF8,0x3F,0x0C,0x60,0x0C,0x60,
0xF8,0x7F,0x0C,0x60,0xF8,0x7F,0x0C,0x60,0x0C,0x60,0xF8,0x7F,0x0C,0x60,0xFE,0xFF,
/* 3589 */ 
0x00,0x00,0x00,0x00,0x18,0x0C,0xD8,0xFF,0x18,0x06,0x7E,0x06,0x98,0x7F,0xFC,0x60,
0xBC,0x7F,0xFE,0x60,0x9E,0x7F,0xDB,0x60,0x98,0x7F,0xD8,0x60,0xD8,0x60,0xF8,0xFF,
/* 3590 */ 
0x00,0x00,0x00,0x0C,0x7E,0x0C,0xCC,0xFF,0x0C,0x0C,0x3C,0x3F,0xEC,0x61,0xEC,0x61,
0xE6,0x7F,0xEE,0x61,0xF8,0x7F,0xB0,0x61,0xB0,0x7F,0x98,0x61,0x8C,0x61,0xC6,0xFF,
/* 3591 */ 
0x00,0x00,0x18,0x00,0x18,0x00,0x18,0x03,0xD8,0x3F,0x7E,0x33,0x18,0x33,0xD8,0x33,
0xF8,0x33,0x38,0x33,0x1E,0x33,0x18,0x37,0x98,0xF7,0x98,0xFD,0xD8,0xE0,0xCE,0xE0,
/* 3592 */ 
0x00,0x00,0x18,0x06,0x18,0x06,0xFC,0xFF,0x0C,0x06,0x0C,0x06,0xCC,0x7F,0x6E,0x60,
0xCE,0x7F,0x6F,0x60,0xCC,0x7F,0x6C,0x60,0xCC,0x7F,0x6C,0x60,0x6C,0x60,0xFC,0xFF,
/* 3593 */ 
0x00,0x00,0x18,0x00,0xF8,0xFF,0x0C,0x03,0x8C,0x19,0xCC,0x30,0x6C,0x60,0xFE,0x7F,
0x0E,0xC6,0x0C,0x06,0xEC,0x7F,0x0C,0x06,0x0C,0x06,0x0C,0x06,0x0C,0x06,0xFC,0xFF,
/* 3594 */ 
0x00,0x00,0x00,0x00,0x18,0x0C,0x18,0x0C,0xD8,0x0C,0xD8,0x0C,0xFE,0xFC,0xD8,0x0C,
0xD8,0x0C,0xD8,0x0C,0xD8,0x0C,0xF8,0x0C,0xF8,0x0C,0xD8,0x0C,0xCE,0x0C,0xF0,0xFF,
/* 3595 */ 
0x00,0x00,0x00,0x00,0x98,0x01,0x98,0x71,0x98,0x1F,0xFE,0xC1,0x98,0xC1,0x98,0xFF,
0x78,0x00,0xB8,0x7F,0x9E,0x61,0x98,0x61,0x98,0x7F,0x98,0x61,0x98,0x61,0x9E,0x7F,
/* 3596 */ 
0x00,0x00,0x00,0x00,0x00,0x03,0x00,0x03,0x18,0x03,0x18,0x03,0x18,0x03,0x18,0x3F,
0x18,0x03,0x18,0x03,0x18,0x03,0x18,0x03,0x18,0x03,0x18,0x03,0x18,0x03,0xFE,0xFF,
/* 3597 */ 
0x00,0x00,0x00,0x00,0x7C,0x18,0x66,0x18,0x66,0x18,0xE6,0x19,0xE6,0xF9,0xFC,0x19,
0x9E,0x19,0x9E,0x19,0xF6,0x19,0x9E,0x19,0x9E,0x19,0x9E,0x19,0xF6,0x19,0xDE,0xFF,
/* 3598 */ 
0x00,0x00,0x00,0x00,0xFC,0x3F,0x0C,0x30,0x0C,0x30,0x0C,0x30,0x0C,0x30,0x0C,0x30,
0x0C,0x30,0xFC,0x3F,0x00,0x00,0x60,0x0C,0x30,0x18,0x18,0x30,0x1C,0x60,0x0E,0xE0,
/* 3599 */ 
0x00,0x00,0x00,0x00,0x0C,0x70,0x8C,0x1F,0xFC,0xC0,0x0C,0xC0,0x0C,0x60,0xF8,0x3F,
0xFC,0x3F,0x06,0x60,0x06,0x60,0x06,0x60,0xFE,0x7F,0x06,0x60,0x06,0x60,0xFC,0x7F,
/* 3600 */ 
0x00,0x00,0x00,0x00,0x18,0xF8,0x98,0x1F,0xCC,0x18,0xEC,0x18,0xF6,0x18,0xFE,0x18,
0xD8,0x7F,0xCC,0x18,0xFC,0x18,0xDE,0xD8,0xC0,0xD8,0xE0,0xFC,0xFE,0xFE,0x80,0xE3,
/* 3601 */ 
0x00,0x00,0x00,0x00,0x80,0x01,0xFE,0xFF,0x80,0x01,0x80,0x01,0x80,0x01,0xFC,0x7F,
0x00,0x00,0x8C,0x31,0xBC,0x31,0x3C,0x63,0x3C,0x7B,0x36,0xDB,0x36,0xD8,0xE6,0x0F,
/* 3602 */ 
0x00,0x00,0x18,0x06,0x18,0x06,0xFE,0x3F,0x98,0x37,0x78,0x37,0x1E,0xF7,0x98,0xED,
0xDE,0x60,0xC0,0x3F,0x78,0x03,0xFC,0x7F,0x00,0x03,0xFE,0xFF,0x00,0x03,0xF0,0x03,
/* 3603 */ 
0x00,0x00,0x00,0x00,0x6C,0x7E,0xCC,0x7B,0x3F,0x7B,0xEC,0x7F,0x8C,0x79,0x8C,0x79,
0xFC,0x7F,0x9C,0x7D,0x8F,0xD9,0x8C,0xDB,0xCC,0xDE,0xCC,0xFC,0x6C,0x78,0x0F,0x18,
/* 3604 */ 
0x00,0x00,0x00,0x00,0xFE,0x7F,0xC0,0x00,0x60,0x0C,0x30,0x18,0x18,0x30,0xFC,0x7F,
0x80,0x61,0x80,0xC1,0x80,0x01,0xFC,0x7F,0x80,0x01,0x80,0x01,0x80,0x01,0xFE,0xFF,
/* 3605 */ 
0x00,0x00,0x00,0x00,0x00,0x06,0xFC,0x06,0xD8,0xFE,0xCC,0x66,0xCC,0x66,0xFE,0x67,
0xB0,0x37,0x30,0x3C,0xFE,0x3C,0x30,0x18,0x30,0x18,0xB0,0x3D,0xF0,0x66,0x9E,0xC3,
/* 3606 */ 
0x00,0x00,0x00,0x00,0xFC,0x7F,0x66,0x66,0x66,0x66,0xFC,0x3F,0xFE,0xFF,0x80,0x01,
0xF8,0x3F,0x18,0x30,0xF8,0x3F,0x18,0x30,0xF8,0x3F,0xF8,0x3F,0x18,0x30,0xFF,0xFF,
/* 3607 */ 
0x00,0x00,0x00,0x00,0x18,0x3F,0x98,0x61,0xFE,0x61,0xFE,0x61,0xFE,0x61,0xFE,0x61,
0xFE,0x61,0xFE,0x61,0x7E,0x7F,0x7E,0x36,0x7E,0x33,0x7E,0x63,0x98,0xC1,0xD8,0x80,
/* 3608 */ 
0x00,0x00,0x00,0x0C,0x18,0x0C,0xFE,0xFF,0x7E,0x0C,0x7E,0x0C,0x7E,0x0C,0xFE,0x7F,
0x7E,0x60,0xFE,0xFF,0xFE,0x61,0x7E,0x63,0x7E,0x66,0x7E,0x6C,0x7E,0x60,0x3C,0x3E,
/* 3609 */ 
0x00,0x00,0x60,0x00,0x6C,0xC0,0x6C,0xD8,0xFE,0xDB,0x66,0xD8,0xFE,0xDF,0x60,0xD8,
0x60,0xD8,0xFC,0xDB,0x66,0xDE,0x66,0xDE,0x66,0xDE,0x66,0xC6,0x66,0xC6,0xE6,0x7B,
/* 3610 */ 
0x00,0x00,0x00,0x00,0xFC,0x7F,0x3C,0xC6,0x36,0xC6,0xFE,0xC7,0x70,0xC6,0xD8,0xC6,
0x9C,0x7F,0x06,0x00,0xF8,0x3F,0x0C,0x60,0x0C,0x60,0xFC,0x7F,0x0C,0x60,0xF8,0x3F,
/* 3611 */ 
0x00,0x00,0x00,0x0C,0xFC,0x0D,0x98,0x0D,0x98,0xFF,0x98,0x0D,0xFE,0x0D,0xD8,0x0C,
0x3C,0x0C,0xFC,0xFF,0x7E,0x1C,0x1E,0x1E,0x18,0x36,0x18,0x63,0x98,0x61,0xF8,0xC0,
/* 3612 */ 
0x00,0x00,0x00,0x00,0x3C,0x0F,0x1E,0x1B,0x98,0xFF,0x98,0x19,0xFE,0x19,0x98,0x19,
0xBC,0x7F,0xFC,0x19,0x9E,0x19,0x9E,0xFF,0x98,0x19,0x98,0x19,0x98,0xFF,0x98,0x01,
/* 3613 */ 
0x00,0x00,0x00,0x00,0xFC,0x7F,0x0C,0x03,0x0C,0x03,0xFC,0x7F,0x0C,0x03,0xFC,0x7F,
0x3C,0x60,0x3C,0x63,0x3C,0x63,0x3C,0x63,0x36,0x63,0xB6,0x7F,0xC6,0x30,0x7E,0xE0,
/* 3614 */ 
0x00,0x00,0x80,0x01,0xC0,0x7F,0xF0,0x61,0x1C,0x67,0x36,0x3C,0xE0,0x0C,0xC0,0x07,
0xFE,0x01,0xB0,0x61,0xB0,0x31,0x98,0x3B,0x80,0x1F,0xC0,0x0C,0x60,0x18,0x3E,0xF0,
/* 3615 */ 
0x00,0x00,0x00,0x03,0xF6,0xFF,0x1E,0x00,0x1E,0x06,0xFC,0x7F,0x18,0x06,0x18,0x06,
0xF8,0xFF,0x1C,0x30,0x1E,0x30,0xFB,0xFF,0xCC,0x30,0x8C,0x31,0x0C,0x30,0x06,0x3E,
/* 3616 */ 
0x00,0x00,0x00,0x00,0xCE,0x36,0xDC,0x36,0xF0,0xFF,0xC0,0x36,0xC7,0x36,0xEC,0xFF,
0x3C,0xC6,0x38,0xC6,0xCC,0x7F,0x6C,0x66,0x6C,0x66,0x6C,0x66,0x06,0x7E,0x00,0x36,
/* 3617 */ 
0x00,0x00,0x00,0x00,0x0C,0x03,0x98,0x19,0xB0,0x31,0xC0,0x30,0x66,0x60,0xFC,0xFF,
0x18,0xC0,0xC0,0x7F,0x70,0x60,0x78,0x60,0x78,0x60,0x6C,0x60,0x66,0x60,0xC6,0x7F,
/* 3618 */ 
0x00,0x00,0x80,0x01,0x80,0x01,0xFE,0xFF,0x66,0xC6,0x3E,0xDC,0x0E,0x78,0xFC,0x7F,
0x30,0x1C,0x18,0x38,0xFC,0x6F,0x80,0x01,0xF8,0x7F,0x80,0x01,0x80,0x01,0xFE,0xFF,
/* 3619 */ 
0x00,0x00,0x80,0x01,0x80,0x01,0x80,0x01,0xFC,0x7F,0x8C,0x61,0x8C,0x61,0x8C,0x61,
0x8C,0x61,0x8C,0x61,0x8C,0x61,0xFC,0x7F,0x80,0x01,0x80,0x01,0x80,0x01,0x80,0x01,
/* 3620 */ 
0x00,0x00,0x00,0x00,0x80,0x01,0xFC,0x7F,0x86,0x61,0x86,0x61,0x86,0x61,0xFE,0x7F,
0x80,0x01,0x80,0x01,0x80,0x01,0xFC,0x7F,0x6C,0x66,0x6C,0x66,0x6C,0x66,0xFE,0xFF,
/* 3621 */ 
0x00,0x00,0x00,0x00,0x80,0x01,0xFC,0x7F,0x8C,0x61,0x8C,0x61,0x8C,0x61,0xFC,0x7F,
0x80,0x01,0x80,0x01,0xBC,0x31,0xBC,0x61,0x3C,0x63,0x36,0xDB,0x36,0xD8,0xE0,0x0F,
/* 3622 */ 
0x00,0x00,0x00,0x00,0x0C,0x0C,0x7C,0x0C,0x86,0xFF,0x86,0xCD,0x80,0xCD,0xFE,0xCD,
0x98,0xCD,0x98,0xCD,0xFE,0xCD,0x98,0xFF,0x18,0x0C,0x18,0x0C,0x78,0x0C,0x38,0x0C,
/* 3623 */ 
0x00,0x00,0x80,0x01,0x80,0x01,0xFE,0xFF,0x80,0x01,0xFC,0x7F,0x8C,0x61,0x8C,0x61,
0xFC,0x7F,0x80,0x01,0xC0,0x63,0x70,0x3B,0x38,0x0E,0x3F,0x0C,0x30,0x3F,0xF0,0xE1,
/* 3624 */ 
0x00,0x00,0x00,0x00,0x18,0x03,0x18,0x7F,0x8C,0x63,0xEC,0x36,0xF6,0x3E,0x3E,0x1C,
0x18,0x1E,0x18,0x73,0xEC,0xC7,0x3E,0x1C,0x00,0x30,0xE0,0x07,0x3C,0x3C,0x00,0x60,
/* 3625 */ 
0x00,0x00,0x00,0x0C,0x3E,0x0C,0x18,0x0C,0x18,0x7F,0x98,0xCD,0xFF,0xCD,0x98,0xCD,
0xBC,0xCD,0xBC,0xCD,0xFE,0xCD,0x9E,0xFF,0x18,0x0C,0x18,0x0C,0x18,0x0C,0x18,0x0C,
/* 3626 */ 
0x00,0x00,0x00,0x0C,0x3C,0x0C,0x36,0x0C,0xB6,0x7F,0xF6,0xCC,0xFE,0xCC,0xF6,0xCC,
0xF6,0xCC,0xF6,0xCC,0xFE,0xCC,0xF6,0xFF,0x36,0x0C,0x36,0x0C,0x36,0x0C,0x3B,0x0C,
/* 3627 */ 
0x00,0x00,0x00,0x00,0xFC,0x3F,0x80,0x01,0xFE,0xFF,0x80,0x01,0xF8,0x3F,0x8C,0x61,
0x8C,0x61,0xFC,0x7F,0x8C,0x61,0xFC,0x7F,0x80,0x01,0xFC,0x7F,0x80,0x01,0xFE,0xFF,
/* 3628 */ 
0x00,0x00,0x18,0x06,0x18,0x06,0x18,0x06,0xEC,0xFF,0x6C,0xC6,0x6C,0xC6,0x6E,0xC6,
0x6E,0xC6,0x6C,0xC6,0x6C,0xC6,0xEC,0xFF,0x0C,0x06,0x0C,0x06,0x0C,0x06,0x0C,0x06,
/* 3629 */ 
0x00,0x00,0x80,0x01,0x80,0x03,0xC0,0x06,0x70,0x0C,0x18,0x38,0x3E,0xEC,0x30,0x0C,
0x30,0x0C,0x30,0x0C,0x30,0x1C,0x70,0x1E,0xD8,0x36,0x98,0x33,0x8C,0x61,0xC6,0xC0,
/* 3630 */ 
0x00,0x00,0x00,0x00,0x80,0x01,0xF8,0x3F,0x0C,0x30,0xCC,0x30,0x8C,0x31,0x0C,0x33,
0xFE,0xFF,0x0C,0x30,0xCC,0x30,0x8C,0x31,0x0C,0x33,0x0C,0x36,0x06,0x30,0x06,0x3E,
/* 3631 */ 
0x00,0x00,0x00,0x00,0xFC,0x7F,0x86,0x61,0xF6,0x7F,0x86,0x61,0x86,0x61,0xFE,0x7F,
0x06,0x60,0xF6,0x7F,0x36,0x78,0x36,0x78,0x36,0x78,0xF6,0x7F,0x06,0x60,0x03,0x7C,
/* 3632 */ 
0x00,0x00,0x00,0x00,0x18,0x00,0x18,0x63,0x18,0x6F,0x7C,0x6F,0xDC,0x6F,0xDC,0x7B,
0xDE,0x7B,0xDE,0x7B,0x9E,0x73,0x9E,0x73,0x18,0x63,0x18,0x63,0x0C,0x60,0x06,0x00,
/* 3633 */ 
0x00,0x00,0x00,0x00,0xC6,0xCC,0xCC,0xCC,0xD8,0xCC,0xE0,0xCF,0xE6,0xFF,0xEC,0xFF,
0xF8,0xFF,0xF0,0xFF,0xF8,0xFE,0xFC,0xCE,0xCC,0xCC,0x6C,0xCC,0x66,0xCC,0x36,0xCC,
/* 3634 */ 
0x00,0x00,0x00,0x00,0x0C,0x03,0x18,0x3F,0xB0,0x31,0xC0,0x18,0x60,0x18,0xDE,0xFF,
0x18,0xC0,0x18,0xC0,0x18,0xC0,0x98,0xFF,0x18,0xC0,0x78,0xC0,0x78,0xC0,0xD8,0xFF,
/* 3635 */ 
0x00,0x00,0x00,0x00,0xFE,0x79,0xF0,0xCF,0xF0,0xC7,0xF0,0xC7,0xFE,0x7F,0x86,0x19,
0xE6,0x1F,0x86,0x1B,0x9C,0xFF,0xF0,0xC7,0xF0,0xCD,0xF0,0xC1,0x98,0xC1,0x9C,0x79,
/* 3636 */ 
0x00,0x00,0x18,0x00,0x18,0x18,0x7E,0x18,0x8C,0xFF,0x8C,0xD9,0x9E,0xD9,0x9E,0xD9,
0xFE,0xD9,0xD8,0xFF,0x98,0xD9,0x98,0xD9,0xFE,0xD9,0x98,0xD9,0x98,0xD9,0x00,0x7F,
/* 3637 */ 
0x00,0x00,0x00,0x00,0x7E,0x60,0x66,0x60,0xE6,0xFF,0x66,0x60,0x7E,0x60,0x66,0x63,
0x66,0x66,0x66,0x66,0x7E,0x66,0x66,0x66,0x66,0x60,0x66,0x60,0x66,0x33,0x7B,0x3E,
/* 3638 */ 
0x00,0x00,0x00,0x00,0xFC,0x3F,0x00,0x30,0xF0,0x3F,0xFC,0x3F,0x00,0x00,0xFE,0xFF,
0x86,0xC1,0xF6,0xDF,0x9E,0x31,0x98,0x31,0x98,0x31,0x98,0x31,0x98,0x3D,0x80,0x01,
/* 3639 */ 
0x00,0x00,0x00,0x00,0x7C,0x7E,0xC6,0x63,0xC6,0x63,0xC6,0x63,0xC6,0x63,0x7C,0x3E,
0x00,0x00,0xF0,0x0F,0x30,0x0C,0x30,0x0C,0x30,0xCC,0x18,0xCC,0x18,0xCC,0x0E,0xF8,
/* 3640 */ 
0x00,0x00,0x00,0x18,0x18,0x18,0x7C,0x7F,0x6C,0xDB,0x36,0xDB,0x30,0x7B,0x7E,0x7F,
0xC0,0xC7,0xC0,0x67,0xFE,0x6F,0xC0,0x6D,0xC0,0x39,0xC0,0x39,0xFE,0x6D,0xC0,0xC7,
/* 3641 */ 
0x00,0x00,0x80,0x01,0x80,0x01,0xFE,0xFF,0x86,0xC1,0x86,0xC1,0x86,0xC1,0xFC,0x7F,
0x8C,0x61,0x8C,0x61,0x8C,0x61,0xFC,0x7F,0x8C,0x61,0x8C,0x61,0x8C,0x61,0xFC,0x7F,
/* 3642 */ 
0x00,0x00,0x00,0x00,0xFC,0x3F,0x0C,0x60,0x0C,0x60,0xFC,0x3F,0x0C,0x18,0x0C,0x18,
0xFC,0x3F,0x1E,0x70,0x1E,0xF0,0xFB,0x3F,0x18,0x30,0xF8,0x3F,0x00,0x00,0xFE,0xFF,
/* 3643 */ 
0x00,0x00,0x00,0x00,0xFE,0xFF,0xB0,0xCD,0xB0,0xDF,0xB6,0x7D,0xB6,0x6F,0xB6,0xFD,
0xFE,0x1F,0x60,0x78,0xE0,0x0F,0x70,0x7F,0xFF,0x3D,0x60,0x3E,0x60,0x6F,0xFC,0xCD,
/* 3644 */ 
0x00,0x00,0x00,0x0C,0x80,0x0D,0xBE,0x7F,0xD8,0x0C,0xD8,0x0C,0xD8,0x0C,0xD8,0xFF,
0x7E,0x0C,0x18,0x0E,0x18,0x1E,0x18,0x3F,0xF8,0x3D,0xF8,0x6C,0x6E,0xCC,0x00,0x0C,
/* 3645 */ 
0x00,0x00,0x18,0x0C,0x98,0x0D,0x98,0x0D,0xFE,0x7F,0x98,0x0D,0xD8,0x0C,0x38,0x0C,
0xFC,0xFF,0x7C,0x0C,0x1E,0x1E,0x1E,0x3F,0x18,0x3F,0x98,0x6D,0xD8,0xCC,0x18,0x0C,
/* 3646 */ 
0x00,0x00,0x18,0x0F,0x18,0x0F,0xBC,0x0D,0xFE,0x7F,0xFE,0x0D,0xFE,0x0C,0xFE,0xFF,
0xFE,0x0C,0x7E,0x1C,0x7E,0x3E,0x18,0x3E,0x78,0x6F,0xF8,0xCD,0xFE,0x0C,0xC0,0x0C,
/* 3647 */ 
0x00,0x00,0x00,0x00,0x98,0x01,0x98,0x01,0xFC,0x7F,0x8C,0x01,0x86,0x01,0x80,0x01,
0xFE,0xFF,0x80,0x03,0xC0,0x07,0xE0,0x0D,0xB0,0x19,0x98,0x31,0x8E,0xE1,0x80,0x01,
/* 3648 */ 
0x00,0x00,0x00,0x06,0x36,0x66,0xDC,0x7F,0x1C,0x36,0x1C,0x1E,0xFE,0xFF,0x18,0x0C,
0x38,0x07,0xFC,0x7F,0xFC,0x61,0xB6,0x61,0xB0,0x7F,0xB0,0x61,0xB0,0x61,0x9E,0x7F,
/* 3649 */ 
0x00,0x00,0x00,0x00,0x0C,0x06,0xD8,0x7F,0x00,0x66,0x00,0x36,0xEE,0xFF,0x18,0x0C,
0x18,0x06,0x98,0x7F,0xF8,0x61,0x98,0x61,0x98,0x7F,0xF8,0x61,0xB8,0x61,0x98,0x7F,
/* 3650 */ 
0x00,0x00,0x00,0x0C,0x8C,0x0D,0x98,0x0D,0x80,0xFF,0xC0,0x0C,0xC6,0x0C,0x1C,0x0C,
0xF8,0xFF,0x18,0x0C,0x18,0x1E,0x18,0x3F,0xF8,0x3D,0xB8,0x6D,0xD8,0xCC,0x00,0x0C,
/* 3651 */ 
0x00,0x00,0x00,0x00,0xEC,0xFF,0x0C,0x06,0x18,0x03,0xC0,0x63,0x60,0x36,0x1E,0x1F,
0xD8,0x0D,0x78,0x1C,0x18,0x3F,0x98,0x6D,0xF8,0xCC,0xB8,0x0F,0x6C,0x06,0xC6,0xFF,
/* 3652 */ 
0x00,0x00,0x00,0x00,0x18,0x06,0xF8,0xFF,0x3C,0x33,0x3C,0x33,0x36,0x33,0xB3,0x31,
0x30,0x30,0x30,0x30,0x30,0x30,0x30,0x30,0x30,0x30,0x30,0x30,0x30,0x33,0x30,0x3E,
/* 3653 */ 
0x00,0x00,0x18,0x00,0x18,0x0C,0x7E,0x0C,0xFE,0x7F,0xFE,0x6C,0xFE,0x6C,0xDE,0x6C,
0xD8,0x6C,0xD8,0x6C,0xD8,0x6C,0x98,0x3F,0x3C,0x6C,0x3C,0xCC,0x36,0xFC,0xE6,0x07,
/* 3654 */ 
0x00,0x00,0x80,0x01,0x80,0x31,0xF8,0x3F,0x80,0x0D,0xFE,0xFF,0xC0,0x01,0xFC,0x3F,
0x18,0x30,0xF8,0x3F,0x18,0x30,0xF8,0x3F,0x00,0x00,0xD8,0x66,0xCC,0x66,0xC6,0xCC,
/* 3655 */ 
0x00,0x00,0x00,0x06,0x18,0x06,0x18,0x0C,0x18,0x00,0xFE,0x7F,0x18,0x0C,0x18,0x0C,
0x78,0x0C,0x38,0x0C,0x9E,0x7F,0x18,0x0C,0x18,0x0C,0x18,0x0C,0x18,0x0C,0xCE,0xFF,
/* 3656 */ 
0x00,0x00,0x00,0x00,0xDE,0xFF,0x7E,0xC0,0xDE,0xFF,0x7E,0x60,0xFE,0x3F,0x7E,0x0C,
0xFE,0x7F,0xFE,0x6D,0x7E,0x7F,0xFE,0xFF,0xFE,0xFD,0xFE,0xFD,0xFE,0xFF,0xB0,0xF1,
/* 3657 */ 
0x00,0x00,0x00,0x00,0xDC,0xFF,0x7E,0xC0,0xFE,0x7F,0x7E,0x60,0xFE,0x3F,0x7E,0x0C,
0xFE,0x7F,0xFE,0x6D,0x7E,0x3F,0xFE,0xFF,0xFE,0xFD,0xFE,0xFD,0xBE,0xE7,0xB0,0xF9,
/* 3658 */ 
0x00,0x00,0x00,0x00,0x80,0x01,0x80,0x01,0x00,0x00,0xFC,0x7F,0x80,0x01,0x80,0x01,
0x80,0x01,0x80,0x01,0xFC,0x3F,0x80,0x01,0x80,0x01,0x80,0x01,0x80,0x01,0xFF,0xFF,
/* 3659 */ 
0x00,0x00,0x30,0x00,0x30,0x0C,0xFE,0x7F,0xB0,0x6D,0xF8,0x3F,0x80,0x19,0x80,0x0F,
0xFE,0xFF,0xC0,0x01,0xF0,0x3F,0x1E,0x30,0x18,0x30,0xF0,0x3F,0x18,0x30,0xF0,0x3F,
/* 3660 */ 
0x00,0x00,0x18,0x00,0x18,0x06,0x18,0x0C,0xD8,0xFF,0x7E,0x0C,0x18,0x0C,0x38,0x0C,
0x3C,0x0C,0x7E,0x0C,0x1E,0x7F,0x1B,0x0C,0x18,0x0C,0x18,0x0C,0x18,0x0C,0xD8,0xFF,
/* 3661 */ 
0x00,0x00,0x00,0x0C,0xFC,0x0C,0xC6,0x0C,0xC6,0xFF,0xC6,0xCC,0xFE,0xCC,0xC6,0xCC,
0xC6,0xCC,0xC6,0xCC,0xFE,0xCC,0xC6,0xC6,0xC6,0xC6,0xC6,0xC3,0x7E,0xC3,0x80,0x7D,
/* 3662 */ 
0x00,0x00,0x00,0x06,0x18,0x0C,0x18,0x18,0xFE,0xFF,0x7E,0x18,0x7E,0x18,0x7E,0x18,
0x7E,0x18,0x7E,0x18,0x7E,0x7F,0x3C,0x18,0x78,0x18,0x78,0x18,0x78,0x18,0xDE,0xFF,
/* 3663 */ 
0x00,0x00,0x00,0x00,0x00,0x0C,0x7E,0x0C,0x66,0x00,0xFE,0xFF,0xFE,0xC1,0xFE,0xC1,
0xFE,0x01,0x7E,0x00,0x7E,0x00,0x7E,0x00,0x3C,0x00,0x6C,0x00,0xC6,0x7F,0xC6,0x00,
/* 3664 */ 
0x00,0x00,0x00,0x00,0x00,0x06,0xCC,0xFF,0x7C,0x06,0x06,0x06,0x86,0x7F,0x7E,0x06,
0xD8,0xFF,0x18,0x63,0x7E,0xFF,0x98,0x61,0x98,0x6D,0xD8,0x6C,0x78,0x60,0x38,0x7C,
/* 3665 */ 
0x00,0x00,0x18,0x06,0xF8,0x07,0x3C,0xFE,0x66,0x1B,0x60,0x18,0x00,0x1F,0xBC,0x31,
0x98,0x31,0x98,0x37,0x98,0x37,0x98,0x3D,0x98,0xBD,0xF8,0xF0,0xDE,0xF0,0x60,0xF0,
/* 3666 */ 
0x00,0x00,0x00,0x00,0x18,0x03,0x18,0x06,0xF8,0xFF,0x0C,0x06,0x0C,0x06,0x0E,0x06,
0x0E,0x06,0xEC,0x7F,0x0C,0x06,0x0C,0x06,0x0C,0x06,0x0C,0x06,0x0C,0x06,0xFC,0xFF,
/* 3667 */ 
0x00,0x00,0x00,0x00,0x06,0x06,0x1C,0x0C,0xE0,0xFF,0x00,0x06,0x06,0x06,0x0C,0x06,
0x18,0x06,0xE0,0xFF,0x38,0x06,0x18,0x06,0x18,0x06,0x0C,0x06,0x0C,0x06,0xE6,0xFF,
/* 3668 */ 
0x00,0x00,0x0C,0x00,0x98,0x7F,0xD8,0x60,0xFE,0x60,0xF0,0x60,0xF0,0x60,0xD8,0x60,
0x98,0x3F,0x3C,0x1B,0x7E,0x1B,0x18,0x1B,0x18,0xDB,0x98,0xD9,0xD8,0xD8,0x78,0x70,
/* 3669 */ 
0x00,0x00,0x00,0x00,0x7E,0x0C,0x66,0x00,0xE6,0xFF,0x66,0x18,0x66,0x18,0x36,0x18,
0x7E,0x18,0xC0,0xFF,0xC0,0x18,0xF0,0x18,0xDF,0x18,0xC0,0x18,0xC0,0x18,0xF8,0xFF,
/* 3670 */ 
0x00,0x00,0x00,0x00,0x18,0xF8,0xD8,0x3F,0xD8,0x36,0xFC,0x36,0xD8,0x36,0xD8,0x66,
0xF8,0x66,0xF8,0x66,0xDE,0x66,0xD8,0x66,0xD8,0x66,0x78,0xC6,0x78,0xC6,0x3E,0xC6,
/* 3671 */ 
0x00,0x00,0x00,0x00,0xF0,0x7F,0x98,0x19,0x98,0x19,0x98,0x19,0x98,0x19,0x98,0x31,
0x98,0x31,0x8C,0x31,0x8C,0x31,0x8C,0x31,0x8C,0x61,0x86,0x61,0x86,0xC1,0x83,0xC1,
/* 3672 */ 
0x00,0x00,0x18,0x00,0x18,0x06,0x98,0x7F,0xD8,0x66,0xFE,0x66,0xD8,0x66,0xD8,0x7F,
0xF8,0x66,0xF8,0x6C,0xDE,0x7F,0x18,0x6C,0x18,0xFC,0x18,0xDC,0x18,0xDF,0xFE,0xF1,
/* 3673 */ 
0x00,0x00,0x00,0x00,0xC0,0x00,0xC0,0x00,0xFC,0x7F,0xC0,0x00,0x60,0x00,0xFF,0xFF,
0x60,0x00,0x30,0x00,0xE0,0x3F,0x00,0x38,0x00,0x0C,0xE0,0x06,0x80,0x07,0x00,0x3C,
/* 3674 */ 
0x00,0x00,0x00,0x00,0x7E,0x06,0x18,0x06,0xD8,0xFF,0x0C,0x06,0x0C,0x06,0xFC,0xFF,
0x6E,0x03,0x6E,0x03,0x6F,0x7F,0x6C,0x60,0x6C,0x30,0x6C,0x33,0x6C,0x1E,0x38,0x70,
/* 3675 */ 
0x00,0x00,0x00,0x0C,0x18,0x0C,0xFE,0x0C,0x8C,0xFF,0x0C,0x06,0x06,0x06,0x9E,0xFF,
0x1E,0x06,0x7E,0x06,0x18,0xFE,0x18,0x60,0x7C,0x60,0x18,0x30,0x18,0x1E,0x00,0xF0,
/* 3676 */ 
0x00,0x00,0x00,0x00,0xD8,0x7F,0xD8,0xCE,0xD8,0x7F,0xFE,0xCE,0xD8,0xFF,0x98,0x63,
0x18,0x33,0xF8,0xFF,0x1E,0x33,0x18,0x33,0xF8,0xFF,0x18,0x33,0x98,0x71,0xEE,0x60,
/* 3677 */ 
0x00,0x00,0x80,0x01,0x1C,0x33,0x36,0x1B,0xF6,0xFF,0x3E,0x0F,0xFE,0x7F,0x3E,0x6F,
0xFE,0xFF,0x3E,0x6F,0x3E,0x6F,0xFE,0x7F,0x9C,0x1B,0xFC,0x3F,0xF6,0x6F,0x33,0xC3,
/* 3678 */ 
0x00,0x00,0x18,0x06,0xFC,0xFF,0xB6,0x19,0xF0,0x0F,0x18,0x18,0xF8,0x1F,0x00,0x0C,
0xFE,0xFF,0xE0,0x61,0xBC,0x3B,0xE0,0x0F,0x3C,0x0F,0xC0,0x1F,0x7C,0x73,0xE6,0xC3,
/* 3679 */ 
0x00,0x00,0x18,0x00,0x18,0x0C,0x18,0x0C,0xD8,0x7F,0xFE,0x00,0xD8,0x0C,0xFC,0x0C,
0xFC,0x0C,0xDE,0x7E,0xDE,0x0C,0xD8,0x0C,0xD8,0x0C,0xD8,0x0C,0x78,0x0C,0x78,0x7F,
/* 3680 */ 
0x00,0x00,0x80,0x01,0x00,0x03,0xFC,0xFF,0x06,0x00,0x06,0x03,0x06,0x03,0x06,0x03,
0xF6,0x7F,0x06,0x03,0x06,0x03,0x06,0x03,0x06,0x03,0x06,0x03,0x06,0x03,0xFE,0xFF,
/* 3681 */ 
0x00,0x00,0x00,0x00,0x60,0x0C,0x7C,0x0C,0xF8,0xFF,0x70,0x0C,0x70,0x0C,0xF8,0x7F,
0xEC,0x01,0x00,0x03,0xFE,0xFF,0x60,0x63,0x38,0x3E,0x3E,0x0C,0x30,0x1B,0xE0,0xF1,
/* 3682 */ 
0x00,0x00,0x00,0x00,0x30,0x03,0x30,0x03,0xB6,0x7F,0x3C,0x33,0xB8,0x31,0xB0,0x31,
0xB0,0x31,0xF8,0x18,0xB8,0x1B,0x3C,0x1E,0x3C,0x1C,0x36,0x36,0x30,0x63,0xF0,0xC1,
/* 3683 */ 
0x00,0x00,0x00,0x06,0x00,0x06,0xCC,0xFF,0x8C,0x31,0xFE,0xFF,0x0C,0x00,0xCC,0x7F,
0xFC,0x66,0xD8,0x7F,0xCC,0x66,0xCE,0x7F,0x0C,0x06,0xEC,0xFF,0x0C,0x06,0xEE,0xFF,
/* 3684 */ 
0x00,0x00,0x00,0x0C,0x60,0x0C,0x60,0x0C,0x66,0x0C,0x6C,0x0C,0xF8,0xFF,0x60,0x0C,
0x60,0x0C,0x78,0x0C,0x78,0x0C,0x6C,0x0C,0x6C,0x0C,0x66,0x0C,0xE0,0xFF,0xE0,0x00,
/* 3685 */ 
0x00,0x00,0x30,0x00,0x30,0x36,0x30,0x36,0x36,0x66,0xFC,0xFF,0x38,0x06,0x30,0x0E,
0x30,0x0E,0x38,0x1E,0x38,0x1E,0x3C,0x1B,0x36,0x33,0xB7,0x61,0xF0,0x60,0xF0,0xC0,
/* 3686 */ 
0x00,0x00,0x18,0x03,0x18,0x1F,0x98,0x19,0xFE,0xFF,0xD8,0x19,0xF8,0x19,0xBC,0x19,
0xBC,0x7F,0xFC,0x19,0x9E,0x19,0x9E,0xFF,0x98,0x19,0x98,0x19,0x98,0x19,0x98,0xFF,
/* 3687 */ 
0x00,0x00,0x0C,0x00,0x0C,0x0F,0xFC,0x19,0x86,0xFF,0xC3,0x19,0xFE,0x19,0x98,0x19,
0x98,0xFF,0xFE,0x19,0x98,0x19,0x98,0xFF,0x98,0x19,0x98,0x19,0xF8,0x19,0xB0,0xFF,
/* 3688 */ 
0x00,0x00,0x00,0x00,0x0C,0x06,0xD8,0x7F,0xD8,0x60,0xC0,0x60,0xC0,0x60,0xDC,0x3F,
0xD8,0x00,0xD8,0x7F,0xD8,0xC0,0xD8,0xC0,0xD8,0xC0,0xD8,0x7F,0x3C,0x00,0xE6,0xFF,
/* 3689 */ 
0x00,0x00,0x30,0x0C,0xFE,0xFD,0xFC,0x6C,0x30,0x6E,0xFE,0x3F,0xF8,0x39,0x98,0x39,
0xBC,0x6F,0xE6,0xC3,0xF8,0x3F,0x8C,0x31,0x8C,0x31,0x80,0x01,0xC0,0x1E,0x7E,0x70,
/* 3690 */ 
0x00,0x00,0x00,0x00,0x7C,0x06,0x6C,0x06,0x3C,0x06,0x3C,0x0E,0x6C,0x0E,0x6C,0x1E,
0x6C,0x33,0xFC,0x71,0xCC,0xC0,0x8C,0x01,0xFC,0x3F,0x80,0x01,0x80,0x01,0xFE,0xFF,
/* 3691 */ 
0x00,0x00,0x00,0x00,0xD8,0x7F,0xD8,0xC6,0x8C,0x7B,0x6C,0x73,0xB6,0x73,0xFE,0xDE,
0x78,0x0C,0xCC,0xFF,0x6C,0xDE,0xFE,0x7E,0x80,0x73,0x60,0x33,0xBE,0x7F,0xC0,0xCC,
/* 3692 */ 
0x00,0x00,0x00,0x06,0x0C,0x0C,0xF8,0xFF,0x30,0x00,0xC0,0x7F,0xCE,0x60,0x98,0x7F,
0x18,0x00,0xD8,0x7F,0x18,0x1C,0x18,0x06,0xF8,0xFF,0x78,0x0C,0x38,0x0C,0x80,0x0F,
/* 3693 */ 
0x00,0x00,0x00,0x06,0xC0,0x06,0xC6,0x0C,0xE6,0xFF,0x6C,0x0C,0x7C,0x0C,0x60,0x0C,
0xC0,0xFF,0x78,0x0C,0x78,0x0C,0xCC,0xFF,0x6C,0x0C,0x66,0x0C,0x66,0x0C,0xC0,0xFF,
/* 3694 */ 
0x00,0x00,0x00,0x00,0xC0,0x7F,0xCC,0x60,0xFE,0x60,0xEC,0x60,0xCC,0x7F,0x8C,0x07,
0x3C,0x06,0x1E,0x06,0xCC,0x7C,0xCC,0x06,0xCC,0x06,0xEC,0x07,0x3C,0x07,0x3E,0xFC,
/* 3695 */ 
0x00,0x00,0x00,0x0C,0x18,0x0C,0xD8,0xCC,0xD8,0xCC,0xFE,0xCC,0xD8,0xCC,0xD8,0xCC,
0x98,0x7F,0xF8,0xCC,0xDE,0xCC,0xD8,0xCC,0xD8,0xCC,0xD8,0xCC,0xD8,0xCC,0xCE,0xFF,
/* 3696 */ 
0x00,0x00,0x80,0x01,0x80,0x01,0x80,0x7F,0x80,0x01,0xFC,0x7F,0x0C,0x60,0xFC,0x7F,
0x0C,0x60,0x0C,0x60,0xFC,0x3F,0x80,0x01,0xFE,0xFF,0x80,0x01,0x80,0x01,0x00,0x00,
/* 3697 */ 
0x00,0x00,0x80,0x01,0x80,0x01,0x80,0x3F,0x80,0x01,0xFC,0x7F,0x0C,0x60,0xFC,0x7F,
0x0C,0x60,0xFC,0x3F,0x80,0x01,0xFE,0xFF,0xC0,0x07,0xF0,0x1D,0x9C,0x71,0x87,0xC1,
/* 3698 */ 
0x00,0x00,0x00,0x00,0xFE,0xFF,0x0C,0x06,0x0C,0xC3,0xCC,0x77,0xEC,0x1C,0xFE,0x1E,
0x8C,0x3F,0xCC,0x3D,0x7C,0x6F,0x0C,0x6E,0xBC,0xCF,0xFE,0x8C,0xC0,0x0C,0x80,0x07,
/* 3699 */ 
0x00,0x00,0x00,0x18,0x30,0x18,0xFE,0xFF,0x30,0x18,0x00,0x18,0x8C,0x61,0x8C,0x61,
0x8C,0x61,0x8C,0x61,0xFC,0x3F,0x86,0xC1,0x86,0xC1,0x86,0xC1,0x86,0xC1,0xFC,0x7F,
/* 3700 */ 
0x00,0x00,0x00,0x0C,0xFE,0x0F,0x78,0xFC,0x78,0xC6,0xFE,0xC7,0xFE,0xC1,0xFE,0xCD,
0xFE,0xCD,0xFE,0xD9,0xCE,0xD9,0x86,0xD9,0xFE,0xC1,0x86,0xC1,0x86,0xC1,0xFE,0x7D,
/* 3701 */ 
0x00,0x00,0x00,0x00,0xDE,0xFF,0x1E,0x06,0x1E,0x03,0xDE,0x67,0x7E,0x3E,0xDE,0x1E,
0x9E,0x1F,0xFE,0x3D,0x9E,0x3F,0x1E,0x7E,0x1E,0x7B,0xDE,0xCD,0x7E,0x0C,0x80,0x0F,
/* 3702 */ 
0x00,0x00,0x30,0x18,0x60,0x18,0xFC,0x7F,0x80,0x01,0xFC,0x7F,0x80,0x01,0xFE,0xFF,
0xC0,0x00,0xE0,0x3F,0x30,0x60,0xF8,0x7F,0x3C,0x60,0xF0,0x7F,0x30,0x60,0xE0,0x7F,
/* 3703 */ 
0x00,0x00,0x18,0x03,0x18,0x03,0xDE,0xFF,0xFE,0xC1,0xFE,0xC1,0xFE,0xC0,0x3E,0xC3,
0x1E,0xC6,0x1E,0xC6,0x18,0xC6,0x38,0xCC,0x3C,0xCC,0x6C,0xC0,0xCC,0x60,0x06,0x7E,
/* 3704 */ 
0x00,0x00,0x00,0x06,0x0C,0x06,0x18,0x06,0xE0,0x7F,0x60,0x66,0x63,0x66,0x6E,0x66,
0x78,0x66,0x60,0x66,0x78,0x66,0xD8,0x3F,0x0C,0x66,0x0C,0xC6,0x06,0xFE,0xF6,0x83,
/* 3705 */ 
0x00,0x00,0x30,0x18,0x30,0x0C,0xFE,0xFF,0x00,0x00,0x00,0x0C,0x18,0x0C,0xCC,0x66,
0x6C,0x66,0x66,0x33,0x3C,0x3E,0xF0,0x78,0xD8,0x78,0xCC,0xCC,0xFE,0xFE,0x8C,0xCF,
/* 3706 */ 
0x00,0x00,0x00,0x00,0xCC,0x00,0xCC,0xFF,0x78,0xC3,0x30,0x67,0x60,0x0F,0xB8,0x0D,
0xCC,0x19,0x66,0x70,0x38,0xC0,0xF8,0x3F,0x0C,0x30,0x0C,0x30,0x0C,0x30,0xF8,0x3F,
/* 3707 */ 
0x00,0x00,0x00,0x00,0xCC,0x7F,0x78,0x66,0x30,0x67,0x30,0x0F,0xD8,0x19,0x7E,0xF0,
0xF8,0x3F,0x18,0x30,0x18,0x30,0x98,0x31,0x98,0x31,0xD8,0x3E,0x60,0x38,0x3C,0xE0,
/* 3708 */ 
0x00,0x00,0x00,0x00,0xCE,0x00,0xD8,0x7F,0x60,0x63,0x30,0x37,0xF0,0x0D,0xDC,0x19,
0xF6,0xF1,0x80,0x01,0xFE,0xFF,0x60,0x0C,0x30,0x0C,0xE0,0x07,0x80,0x1F,0xFE,0xF0,
/* 3709 */ 
0x00,0x00,0x00,0x00,0x8C,0x19,0x98,0x19,0xF8,0xFF,0xC0,0x18,0xC6,0x18,0x6C,0x6F,
0x78,0x6F,0xF8,0x3D,0xD8,0x39,0xD8,0x30,0xCC,0x78,0x6C,0x6F,0xF6,0xFF,0x06,0xC3,
/* 3710 */ 
0x00,0x00,0x00,0x00,0x86,0xCD,0xCC,0x66,0x78,0x36,0x60,0x36,0xC0,0x66,0xCE,0xCC,
0x9C,0x3F,0xE0,0xE6,0x78,0xC6,0x78,0xC6,0xF8,0xFF,0x6C,0xC6,0x6C,0xC6,0xC6,0xFF,
/* 3711 */ 
0x00,0x00,0x00,0x06,0xFE,0x03,0x60,0xFE,0x30,0x63,0x18,0x63,0x18,0x63,0x18,0x63,
0xF0,0x37,0xF0,0x37,0xFE,0x3D,0x60,0x1C,0x60,0x18,0x60,0x3C,0x60,0x67,0xBC,0xC1,
/* 3712 */ 
0x00,0x00,0x00,0x06,0x6C,0x06,0xEC,0x7F,0x6C,0x0E,0x6C,0xC6,0xEC,0xFF,0xBE,0x6D,
0xE0,0x1C,0xF8,0x1F,0xC0,0x31,0xFC,0x7F,0x00,0xCF,0x60,0x3B,0x38,0x63,0xCC,0xC3,
/* 3713 */ 
0x00,0x00,0x30,0x00,0xF0,0x7F,0x18,0x30,0x18,0x1C,0x18,0x06,0x0C,0x06,0x0E,0x0C,
0xFE,0xFF,0x0C,0x18,0x0C,0x18,0x0C,0x18,0x0C,0x18,0x0C,0x18,0x6C,0x1C,0xC0,0x07,
/* 3714 */ 
0x00,0x00,0x00,0x00,0x98,0x7F,0x7E,0x60,0x7E,0x30,0x7E,0x1C,0x7C,0x0C,0x18,0x0C,
0xFE,0xFF,0x38,0x18,0x3C,0x30,0x7C,0x30,0x7E,0x30,0x1E,0x30,0x18,0x30,0x18,0x1F,
/* 3715 */ 
0x00,0x00,0x00,0x06,0x06,0x06,0xEC,0xFF,0x78,0xC6,0x60,0x66,0xE7,0x7F,0x8C,0x31,
0x98,0x31,0xE0,0xFF,0x18,0x06,0x18,0x06,0xEC,0xFF,0x0C,0x06,0x06,0x06,0x06,0x06,
/* 3716 */ 
0x00,0x00,0x00,0x00,0xFC,0x3F,0x00,0x18,0x00,0x0E,0x00,0x03,0x80,0x01,0x00,0x03,
0xFE,0xFF,0x00,0x06,0x00,0x06,0x00,0x0C,0x00,0x0C,0x00,0x0C,0x38,0x06,0xE0,0x03,
/* 3717 */ 
0x00,0x00,0x00,0x00,0x80,0x01,0xF8,0x3F,0x0C,0x60,0x0C,0x60,0x0C,0x60,0xFC,0x7F,
0x0C,0x60,0x0C,0x60,0x0C,0x60,0xFC,0x7F,0x0C,0x60,0x0C,0x60,0x0C,0x60,0xFC,0x7F,
/* 3718 */ 
0x00,0x00,0x00,0x06,0x0E,0x06,0xFC,0x7F,0xF8,0x7F,0x00,0x06,0xF6,0xFF,0x0E,0x00,
0xD8,0x7F,0x60,0x60,0x60,0x66,0x78,0x66,0x78,0x66,0x6C,0x6F,0x8C,0x39,0xE6,0xE0,
/* 3719 */ 
0x00,0x00,0x80,0x01,0x80,0x01,0xFC,0x7F,0x06,0xC0,0xFE,0xDF,0x06,0x78,0x00,0x0E,
0x80,0x03,0x80,0x01,0x00,0x03,0xFC,0x7F,0x00,0x06,0x00,0x06,0x00,0x06,0xF0,0x03,
/* 3720 */ 
0x00,0x00,0xF8,0x61,0x0C,0x38,0xFC,0x0F,0xFC,0x71,0x0C,0x1E,0xFE,0xE3,0xCC,0x38,
0xFC,0x0F,0x00,0x03,0xFE,0xFF,0xFE,0xFF,0x00,0x60,0xFC,0x7F,0xB0,0x39,0xFC,0x61,
/* 3721 */ 
0x00,0x00,0x00,0x06,0x18,0x0C,0xD8,0xFF,0xD8,0xC0,0xFE,0xC0,0xD8,0xFF,0x1C,0x00,
0x3C,0x00,0xBE,0x7F,0x1E,0x3F,0x9B,0x3D,0x98,0x6D,0xD8,0xCC,0x78,0xCC,0x98,0x0F,
/* 3722 */ 
0x00,0x00,0x00,0x00,0x3C,0x0C,0xF6,0xFF,0xF6,0xC0,0xF6,0xC0,0xB6,0x7F,0x1C,0x00,
0x18,0x00,0xDE,0xFF,0xFE,0x3D,0x9E,0x6D,0x9E,0x6D,0x9E,0x6D,0xFE,0xCC,0x0E,0xCF,
/* 3723 */ 
0x00,0x00,0x80,0x01,0x80,0x01,0xFE,0xFF,0x06,0xC0,0x06,0xC0,0xFE,0x3F,0x00,0x00,
0x00,0x00,0xFE,0xFF,0x80,0x01,0xB0,0x19,0x98,0x31,0x9C,0x61,0x86,0xC1,0xE0,0xC1,
/* 3724 */ 
0x00,0x00,0x00,0x00,0x18,0x0C,0x98,0xFF,0xCC,0xC0,0xCC,0xC0,0xB6,0x7F,0x3E,0x00,
0x1C,0x00,0xD8,0xFF,0xEC,0x3D,0xBE,0x6D,0x80,0x6D,0xF0,0x6D,0xDE,0xCC,0xC0,0xCF,
/* 3725 */ 
0x00,0x00,0x30,0x18,0x30,0x0C,0x60,0x0C,0x60,0x06,0xFC,0x7F,0x0C,0x60,0x0C,0x60,
0x0C,0x60,0xFC,0x7F,0xC0,0x00,0xBC,0x61,0x3C,0x7B,0x36,0xDB,0x36,0xDB,0xE6,0x1F,
/* 3726 */ 
0x00,0x00,0x00,0x00,0x18,0x18,0x98,0x19,0x8C,0x19,0xEC,0x19,0xB6,0x19,0xBE,0x19,
0x1C,0x3B,0x98,0x3B,0xFC,0x3F,0x9E,0x7F,0x80,0x6D,0xFC,0x6C,0xC6,0xC6,0x60,0xC3,
/* 3727 */ 
0x00,0x00,0x30,0x00,0x18,0xFC,0xF8,0x67,0xCC,0x66,0xC6,0x66,0x60,0x66,0xFE,0x37,
0x00,0x37,0x00,0x67,0xFE,0xC7,0x00,0xC7,0x00,0xC7,0x00,0xC7,0xFE,0xDF,0x00,0x76,
/* 3728 */ 
0x00,0x00,0x00,0x00,0x00,0x03,0xFC,0x7F,0x00,0x03,0x00,0x03,0x00,0x03,0xFE,0xFF,
0x18,0x03,0x18,0x03,0x18,0x7F,0x18,0x03,0x3C,0x03,0x6C,0x03,0xC6,0x03,0x86,0xFF,
/* 3729 */ 
0x00,0x00,0x80,0x01,0x80,0x01,0xFC,0x7F,0x80,0x01,0xFC,0x7F,0xC0,0x00,0xFC,0x7F,
0x60,0x0C,0xF8,0x3F,0x8F,0xE1,0xF8,0x3F,0x80,0x01,0xC0,0x07,0x60,0x1C,0x3C,0x70,
/* 3730 */ 
0x00,0x00,0x0C,0x06,0x0C,0x06,0xCC,0x7F,0x3E,0x03,0xEC,0x3F,0x0C,0x03,0xEC,0xFF,
0xBC,0x39,0xFC,0x60,0xBE,0xFF,0x0C,0x06,0xFC,0x7F,0x0C,0x0F,0x8C,0x39,0xFE,0x60,
/* 3731 */ 
0x00,0x00,0x00,0x00,0xFE,0x7F,0x98,0x61,0x98,0x61,0x98,0x61,0xFE,0x7F,0x98,0x61,
0xBC,0x61,0xFC,0x61,0xFE,0x7F,0x9E,0x61,0x9B,0x61,0x98,0x61,0x98,0x61,0xF8,0xFF,
/* 3732 */ 
0x00,0x00,0x00,0x00,0xF8,0x3F,0x0C,0x60,0x0C,0x60,0x0C,0x60,0x0C,0x60,0xF8,0x3F,
0x98,0x01,0x98,0x01,0x98,0x01,0x98,0x3F,0x9C,0x01,0xBC,0x01,0xE6,0x01,0xC6,0xFF,
/* 3733 */ 
0x00,0x00,0x00,0x00,0x80,0x01,0xFE,0xFF,0x30,0x0C,0x30,0x0C,0x30,0x0C,0x70,0x1C,
0xD8,0x36,0xCC,0x63,0x86,0xC1,0x80,0x01,0xFE,0xFF,0x80,0x01,0x80,0x01,0x00,0x00,
/* 3734 */ 
0x00,0x00,0x00,0x00,0x18,0x03,0x98,0xFF,0xBE,0x03,0xCC,0x03,0x0C,0xFF,0xFC,0x0D,
0xEC,0x0D,0x6C,0x0C,0xEC,0xFF,0x6C,0x0C,0x66,0x1E,0x66,0x36,0x66,0x63,0xFF,0xC1,
/* 3735 */ 
0x00,0x00,0x0C,0x00,0x98,0x7F,0x98,0x61,0xBE,0x61,0xB0,0x61,0xB0,0x7F,0x98,0x61,
0x9C,0x61,0xBC,0x61,0xFE,0x61,0x98,0x7F,0x98,0x61,0x98,0x61,0x98,0x61,0xD8,0xFF,
/* 3736 */ 
0x00,0x00,0x00,0x00,0x0C,0x7F,0x98,0x61,0x80,0x61,0x80,0x61,0x9E,0x7F,0x98,0x61,
0x98,0x61,0x98,0x61,0x98,0x61,0x98,0x7F,0x98,0x61,0xF8,0x61,0xB8,0x61,0xD8,0xFF,
/* 3737 */ 
0x00,0x00,0x00,0x00,0xFE,0x7F,0xE6,0x61,0xE6,0x61,0xB6,0x61,0xB6,0x7F,0xB6,0x61,
0xE6,0x61,0xE6,0x61,0xE6,0x61,0xE6,0x7F,0xFE,0x61,0x86,0x61,0x86,0x61,0xC6,0xFF,
/* 3738 */ 
0x00,0x00,0x00,0x00,0x18,0x3F,0x98,0x61,0x8C,0x61,0xEC,0x61,0xB6,0x7F,0xBE,0x61,
0x98,0x61,0x98,0x61,0x8C,0x7F,0xFE,0x61,0x80,0x61,0x80,0x61,0xFC,0x61,0xC0,0xFF,
/* 3739 */ 
0x00,0x00,0x00,0x00,0x0C,0x0C,0x0C,0x0C,0x7E,0x0C,0x06,0xFC,0x00,0x0C,0x7C,0x0C,
0x30,0x7F,0xB0,0xC1,0xFE,0xC1,0xB0,0xC1,0xB0,0xC1,0xB0,0xC1,0xF0,0xC1,0xB0,0xFF,
/* 3740 */ 
0x00,0x00,0x00,0x06,0xFC,0xFF,0xB6,0x1B,0xF8,0x3F,0xFC,0x3F,0x0C,0x30,0xFC,0x3F,
0xF8,0x3F,0xFE,0xFF,0xF0,0x1F,0xFE,0xFF,0xE0,0x18,0xB8,0x3F,0x30,0x7F,0xFC,0x73,
/* 3741 */ 
0x00,0x00,0x00,0x03,0x1C,0xDB,0x7E,0x7F,0x7E,0x1B,0x7E,0xDB,0xDE,0xFF,0xFE,0x01,
0xDE,0x3F,0xFE,0x3F,0xDE,0x6C,0xDE,0xFF,0xDE,0xCC,0xDE,0xFF,0xDE,0xCC,0x60,0x7C,
/* 3742 */ 
0x00,0x00,0x00,0x00,0xFE,0x19,0xB8,0xFF,0x38,0x36,0xFE,0x36,0xFE,0x36,0xFE,0x76,
0xFE,0x7F,0xFE,0xDB,0xEE,0x0D,0xC6,0x18,0xFE,0xFF,0xC6,0x18,0xC6,0x18,0xFE,0x18,
/* 3743 */ 
0x00,0x00,0x00,0x00,0xFC,0x3F,0xFC,0x3F,0x0C,0x30,0xFC,0x3F,0x00,0x00,0xFE,0xFF,
0x8C,0x01,0xFC,0x7F,0x8C,0x67,0xFC,0x3D,0x8C,0x3D,0x8C,0x1B,0xFE,0x7D,0x80,0xC7,
/* 3744 */ 
0x00,0x00,0x00,0x00,0xFE,0x7F,0x66,0x66,0x66,0x66,0xFC,0x7F,0xC0,0x06,0xFE,0x7E,
0xC0,0x06,0xC0,0x06,0xFC,0x7E,0xC0,0x06,0xC0,0x06,0xFE,0xFE,0xC0,0x06,0xC0,0x06,
/* 3745 */ 
0x00,0x00,0x30,0x00,0x60,0x0C,0xFE,0xFF,0x60,0x03,0xF8,0x3F,0x6C,0x33,0x7C,0x3F,
0x1C,0x30,0xFC,0x3F,0xFC,0x3F,0x18,0x18,0xFE,0xFF,0x30,0x18,0x60,0x18,0xC0,0x1B,
/* 3746 */ 
0x00,0x00,0x06,0x00,0x8E,0x19,0xEC,0x7F,0x98,0x0D,0xE0,0x7F,0xE0,0x6D,0xEE,0x7D,
0xEC,0x7F,0x6C,0x60,0xEC,0x7F,0xFC,0xFF,0xCC,0x30,0x9C,0x33,0x3C,0x3C,0xE6,0xFF,
/* 3747 */ 
0x00,0x00,0x80,0x01,0xBE,0x01,0xB6,0xFF,0xB6,0x07,0xF6,0x06,0xF6,0x06,0x36,0x7E,
0x3E,0x06,0x36,0x06,0x36,0x06,0x36,0x06,0x36,0xFE,0x36,0x06,0x3E,0x06,0x00,0x06,
/* 3748 */ 
0x00,0x00,0x80,0x01,0x80,0x01,0xC0,0x00,0xFE,0xFF,0xC0,0x00,0x60,0x00,0x60,0x00,
0xF0,0x7F,0x18,0x06,0x0C,0x06,0x06,0x06,0x00,0x06,0x00,0x06,0x00,0x06,0xFC,0xFF,
/* 3749 */ 
0x00,0x00,0x18,0x00,0x18,0x03,0x18,0x03,0xFC,0xFF,0x0C,0x03,0x8C,0x01,0x8E,0x01,
0xCE,0x00,0xCC,0xFF,0x6C,0x0C,0x3C,0x0C,0x1C,0x0C,0x0C,0x0C,0x0C,0x0C,0xEC,0xFF,
/* 3750 */ 
0x00,0x00,0x18,0x00,0x98,0x01,0x98,0xFF,0xFE,0x07,0x98,0x07,0xD8,0x06,0xFC,0xFE,
0xFC,0x06,0x7E,0x06,0x1E,0x06,0x1B,0x06,0x18,0x7E,0x18,0x06,0x18,0x06,0x18,0x06,
/* 3751 */ 
0x00,0x00,0x18,0x00,0xD8,0x0C,0xCC,0x0C,0xEC,0x7D,0xCC,0x6C,0xCC,0x6C,0xEE,0x6F,
0x3E,0x7B,0x3F,0x3B,0x3C,0x3B,0x3C,0x33,0x3C,0x3B,0x3C,0x6F,0xBC,0xCF,0xEC,0x87,
/* 3752 */ 
0x00,0x00,0x00,0x00,0xD8,0x00,0xD8,0xFF,0xD8,0x03,0x6C,0x03,0x6C,0x03,0x6E,0x7F,
0x3E,0x03,0x0C,0x03,0x0C,0x03,0x0C,0x03,0x0C,0xFF,0x0C,0x03,0x0C,0x03,0x00,0x03,
/* 3753 */ 
0x00,0x00,0x00,0x00,0x98,0x01,0x98,0x19,0x98,0x19,0x98,0x39,0xBC,0x39,0xEC,0x6D,
0xC6,0xCD,0x80,0xC7,0x80,0x01,0xFC,0x7F,0x80,0x01,0x80,0x01,0x80,0x01,0xFE,0xFF,
/* 3754 */ 
0x00,0x00,0x00,0x00,0x00,0x03,0xFC,0xFF,0x0C,0x00,0x6C,0x33,0x6C,0x1B,0x6C,0x3B,
0xFC,0x3B,0xFC,0x6F,0x9C,0xC7,0x06,0x03,0xFE,0xFF,0x06,0x03,0x06,0x03,0xFF,0xFF,
};

#endif /* RESOURCE_DATA_IN_ROM && PROVISION_BATCH == 1 */
